Province,District,DS Division,GN Division,
Name,Name,Name,Name,
Central,Kandy,Thumpane,Meegahahena South,
Central,Kandy,Thumpane,Meegahahena,
Central,Kandy,Thumpane,Galabawa,
Central,Kandy,Thumpane,Kobbegala,
Central,Kandy,Thumpane,Ambagahahena,
Central,Kandy,Thumpane,Rokhill,
Central,Kandy,Thumpane,Akkarawatta,
Central,Kandy,Thumpane,Bonakot,
Central,Kandy,Thumpane,Haddapitiya,
Central,Kandy,Thumpane,Delgasyaya,
Central,Kandy,Thumpane,Gallenawatta,
Central,Kandy,Thumpane,Kandanhena East,
Central,Kandy,Thumpane,Namaltenna,
Central,Kandy,Thumpane,Alawattegama,
Central,Kandy,Thumpane,Kumburegama,
Central,Kandy,Thumpane,Ban Anga,
Central,Kandy,Thumpane,Ethamulla,
Central,Kandy,Thumpane,Palukopi Watta,
Central,Kandy,Thumpane,Damunugasthenna,
Central,Kandy,Thumpane,Galagedara West,
Central,Kandy,Thumpane,Udapitiya,
Central,Kandy,Thumpane,Galagedara Madige South,
Central,Kandy,Thumpane,Galagedara,
Central,Kandy,Thumpane,Galagedara Madige,
Central,Kandy,Thumpane,Pethigewela,
Central,Kandy,Thumpane,Udalagama,
Central,Kandy,Thumpane,Gunadaha,
Central,Kandy,Thumpane,Medagoda Pahala,
Central,Kandy,Thumpane,Opalla,
Central,Kandy,Thumpane,Gangodapitiya,
Central,Kandy,Thumpane,Pubbiliya,
Central,Kandy,Thumpane,Kannadeniya,
Central,Kandy,Thumpane,Barandara,
Central,Kandy,Thumpane,Kaluwana,
Central,Kandy,Thumpane,Kinigama West,
Central,Kandy,Thumpane,Kinigama East,
Central,Kandy,Thumpane,Ponnila,
Central,Kandy,Thumpane,Uduwa,
Central,Kandy,Thumpane,Medagoda Ihala,
Central,Kandy,Thumpane,Naranwala,
Central,Kandy,Thumpane,Hikgodawalpola,
Central,Kandy,Thumpane,Paranagama,
Central,Kandy,Thumpane,Wettewa,
Central,Kandy,Thumpane,Pavulpawa,
Central,Kandy,Thumpane,Kirindiwelpola,
Central,Kandy,Thumpane,Kuragama North,
Central,Kandy,Thumpane,Nikathenna,
Central,Kandy,Thumpane,Etambegoda,
Central,Kandy,Thumpane,Thahalpitiya,
Central,Kandy,Thumpane,Dehideniya,
Central,Kandy,Thumpane,Kandekumbura,
Central,Kandy,Thumpane,Diyapalagoda,
Central,Kandy,Thumpane,Niyangoda,
Central,Kandy,Thumpane,Niyambepola,
Central,Kandy,Thumpane,Henegama Palkumbura,
Central,Kandy,Thumpane,Idamegama,
Central,Kandy,Thumpane,Marawanagoda,
Central,Kandy,Thumpane,Adungama Palkumbura,
Central,Kandy,Thumpane,Kuragama,
Central,Kandy,Thumpane,Udahenepola,
Central,Kandy,Thumpane,Poholiyadda,
Central,Kandy,Thumpane,Hiyadala,
Central,Kandy,Thumpane,Pallekotuwa,
Central,Kandy,Thumpane,Hiyadala Walpola,
Central,Kandy,Thumpane,Minigamuwa,
Central,Kandy,Thumpane,Minigamuwa Ihala,
Central,Kandy,Thumpane,Thennewela,
Central,Kandy,Pujapitiya,Egodamulla North,
Central,Kandy,Pujapitiya,Ihalamulla,
Central,Kandy,Pujapitiya,Dehiwatta,
Central,Kandy,Pujapitiya,Egodamulla South,
Central,Kandy,Pujapitiya,Pahala Kithulgolla,
Central,Kandy,Pujapitiya,Alawatta,
Central,Kandy,Pujapitiya,Uda Kithulgolla,
Central,Kandy,Pujapitiya,Ankumbura South,
Central,Kandy,Pujapitiya,Ankumbura North,
Central,Kandy,Pujapitiya,Uggala Janapadaya,
Central,Kandy,Pujapitiya,Pallegama Pahala,
Central,Kandy,Pujapitiya,Welgala,
Central,Kandy,Pujapitiya,Ankumbura Udagama,
Central,Kandy,Pujapitiya,Kovilamuduna,
Central,Kandy,Pujapitiya,Galhinna,
Central,Kandy,Pujapitiya,Galkanda,
Central,Kandy,Pujapitiya,Palliya Kotuwa,
Central,Kandy,Pujapitiya,Batagolladeniya,
Central,Kandy,Pujapitiya,Watagalathenna,
Central,Kandy,Pujapitiya,Morankanda,
Central,Kandy,Pujapitiya,Wewala North,
Central,Kandy,Pujapitiya,Udahena,
Central,Kandy,Pujapitiya,Siyapathgama,
Central,Kandy,Pujapitiya,Pathirada,
Central,Kandy,Pujapitiya,Udahingulwala,
Central,Kandy,Pujapitiya,Pahala Hingulwala,
Central,Kandy,Pujapitiya,Rambukewela,
Central,Kandy,Pujapitiya,Godahena,
Central,Kandy,Pujapitiya,Kahatagasthenna,
Central,Kandy,Pujapitiya,Watagoda,
Central,Kandy,Pujapitiya,Dolapihilla North,
Central,Kandy,Pujapitiya,Dolapihilla South,
Central,Kandy,Pujapitiya,Weligalla,
Central,Kandy,Pujapitiya,Wewala,
Central,Kandy,Pujapitiya,Bokkawala,
Central,Kandy,Pujapitiya,Harankahawa,
Central,Kandy,Pujapitiya,Henegama,
Central,Kandy,Pujapitiya,Molagoda,
Central,Kandy,Pujapitiya,Waldeniya,
Central,Kandy,Pujapitiya,Medagoda,
Central,Kandy,Pujapitiya,Diddeniya,
Central,Kandy,Pujapitiya,Ovissa North,
Central,Kandy,Pujapitiya,Ovissa South,
Central,Kandy,Pujapitiya,Kiralagama,
Central,Kandy,Pujapitiya,Paleepana,
Central,Kandy,Pujapitiya,Dombagammana,
Central,Kandy,Pujapitiya,Uggahakumbura,
Central,Kandy,Pujapitiya,Marathugoda North,
Central,Kandy,Pujapitiya,Marathugoda South,
Central,Kandy,Pujapitiya,Ambaruppa,
Central,Kandy,Pujapitiya,Gallella,
Central,Kandy,Pujapitiya,Maruddana,
Central,Kandy,Pujapitiya,Alagoda,
Central,Kandy,Pujapitiya,Madadeniya,
Central,Kandy,Pujapitiya,Warakadeniya,
Central,Kandy,Pujapitiya,Batagalla North,
Central,Kandy,Pujapitiya,Bamunupola,
Central,Kandy,Pujapitiya,Batugoda North,
Central,Kandy,Pujapitiya,Batagalla South,
Central,Kandy,Pujapitiya,Batugoda South,
Central,Kandy,Pujapitiya,Diwanawatta,
Central,Kandy,Pujapitiya,Mullegama North,
Central,Kandy,Pujapitiya,Kahawatta North,
Central,Kandy,Pujapitiya,Kahawatta South,
Central,Kandy,Pujapitiya,Mullegama South,
Central,Kandy,Pujapitiya,Kaluwana South,
Central,Kandy,Pujapitiya,Kaluwana North,
Central,Kandy,Akurana,Rambuke Ela,
Central,Kandy,Akurana,Vilana Udagama,
Central,Kandy,Akurana,Vilana Pallegama,
Central,Kandy,Akurana,Walahena,
Central,Kandy,Akurana,Alawathugoda,
Central,Kandy,Akurana,Balakaduwa,
Central,Kandy,Akurana,Mawathupola,
Central,Kandy,Akurana,Arambepola,
Central,Kandy,Akurana,Delgasgoda,
Central,Kandy,Akurana,Dippitiya,
Central,Kandy,Akurana,Malwanahinna,
Central,Kandy,Akurana,Konakalagala,
Central,Kandy,Akurana,Malgamandeniya,
Central,Kandy,Akurana,Rathukoho,
Central,Kandy,Akurana,Marahela,
Central,Kandy,Akurana,Hureegolla,
Central,Kandy,Akurana,Neerella,
Central,Kandy,Akurana,Melchena,
Central,Kandy,Akurana,Bulugohothenna,
Central,Kandy,Akurana,Kasawatta,
Central,Kandy,Akurana,Udaweliketiya,
Central,Kandy,Akurana,Palleweliketiya,
Central,Kandy,Akurana,Dodangolla,
Central,Kandy,Akurana,Akurana,
Central,Kandy,Akurana,Delgasthenna,
Central,Kandy,Akurana,Kurugoda,
Central,Kandy,Akurana,Deegala,
Central,Kandy,Akurana,Pangollamada,
Central,Kandy,Akurana,Dunuvila North,
Central,Kandy,Akurana,Dunuvila South,
Central,Kandy,Akurana,Palle Deegala,
Central,Kandy,Akurana,Thelambugahawatta,
Central,Kandy,Akurana,Waragashinna,
Central,Kandy,Akurana,Kurudugahaela,
Central,Kandy,Akurana,Uggala,
Central,Kandy,Pathadumbara,Yatawara,
Central,Kandy,Pathadumbara,Yatawara Kandagama,
Central,Kandy,Pathadumbara,Ihala Yatawara,
Central,Kandy,Pathadumbara,Udurawana,
Central,Kandy,Pathadumbara,Doragamuwa,
Central,Kandy,Pathadumbara,Bogahakumbura,
Central,Kandy,Pathadumbara,Deegahawathura,
Central,Kandy,Pathadumbara,Mahakumbura,
Central,Kandy,Pathadumbara,Mandandawela,
Central,Kandy,Pathadumbara,Paranagama,
Central,Kandy,Pathadumbara,Aluthgama,
Central,Kandy,Pathadumbara,Walpaladeniya,
Central,Kandy,Pathadumbara,Puwakgahadeniya,
Central,Kandy,Pathadumbara,Wattegama,
Central,Kandy,Pathadumbara,Wattegama North,
Central,Kandy,Pathadumbara,Gunembill,
Central,Kandy,Pathadumbara,Eriyagasthenna,
Central,Kandy,Pathadumbara,Pitiyegedara,
Central,Kandy,Pathadumbara,Yatirawana,
Central,Kandy,Pathadumbara,Meegammana,
Central,Kandy,Pathadumbara,Meegammana West,
Central,Kandy,Pathadumbara,Galadeniya,
Central,Kandy,Pathadumbara,Udathalavinna,
Central,Kandy,Pathadumbara,Pallethalavinna Ihala,
Central,Kandy,Pathadumbara,Moonamale,
Central,Kandy,Pathadumbara,Kendaliyadda,
Central,Kandy,Pathadumbara,Girakaduwa,
Central,Kandy,Pathadumbara,Ambathenna,
Central,Kandy,Pathadumbara,Molagodayawatta,
Central,Kandy,Pathadumbara,Megodagama,
Central,Kandy,Pathadumbara,Egodagama,
Central,Kandy,Pathadumbara,Millanga,
Central,Kandy,Pathadumbara,Pallethalavinna,
Central,Kandy,Pathadumbara,Udathalavinna Madige,
Central,Kandy,Pathadumbara,Meegamawatta,
Central,Kandy,Pathadumbara,Madawala Madige,
Central,Kandy,Pathadumbara,Madawala,
Central,Kandy,Pathadumbara,Walala,
Central,Kandy,Pathadumbara,Ketakahala,
Central,Kandy,Pathadumbara,Thalkotuwa,
Central,Kandy,Pathadumbara,Napana,
Central,Kandy,Pathadumbara,Leemagahadeniya,
Central,Kandy,Pathadumbara,Pihilladeniya,
Central,Kandy,Pathadumbara,Gunnepana Madige,
Central,Kandy,Pathadumbara,Polgolla,
Central,Kandy,Pathadumbara,Balanagala,
Central,Kandy,Pathadumbara,Nawayalathenna,
Central,Kandy,Pathadumbara,Kahalla,
Central,Kandy,Pathadumbara,Kalugalawatta,
Central,Kandy,Pathadumbara,Galewatta,
Central,Kandy,Pathadumbara,Abasingama,
Central,Kandy,Pathadumbara,Hamindagoda,
Central,Kandy,Panvila,Kelebokka,
Central,Kandy,Panvila,Watakele,
Central,Kandy,Panvila,Mahapathana,
Central,Kandy,Panvila,Kosgama,
Central,Kandy,Panvila,Thawalanthenna,
Central,Kandy,Panvila,Gomaraya,
Central,Kandy,Panvila,Beddegama,
Central,Kandy,Panvila,Arattana,
Central,Kandy,Panvila,Madulkele,
Central,Kandy,Panvila,Hathale,
Central,Kandy,Panvila,Angammana,
Central,Kandy,Panvila,Udugoda,
Central,Kandy,Panvila,Pitawala,
Central,Kandy,Panvila,Panvila,
Central,Kandy,Udadumbara,Meemure,
Central,Kandy,Udadumbara,Kumbukgolla,
Central,Kandy,Udadumbara,Kaikawala,
Central,Kandy,Udadumbara,Pusseela,
Central,Kandy,Udadumbara,Karambaketiya,
Central,Kandy,Udadumbara,Gerandigala,
Central,Kandy,Udadumbara,Moonamalpelessa,
Central,Kandy,Udadumbara,Kalugala,
Central,Kandy,Udadumbara,Udailuka,
Central,Kandy,Udadumbara,Padupola,
Central,Kandy,Udadumbara,Udakumbura,
Central,Kandy,Udadumbara,Kalugaloya,
Central,Kandy,Udadumbara,Dumbaragama,
Central,Kandy,Udadumbara,Pallewela,
Central,Kandy,Udadumbara,Udawela,
Central,Kandy,Udadumbara,Kandegama,
Central,Kandy,Udadumbara,Wadawalakanda,
Central,Kandy,Udadumbara,Kobonilla,
Central,Kandy,Udadumbara,Pallekanda,
Central,Kandy,Udadumbara,Hanwella,
Central,Kandy,Udadumbara,Andideniya,
Central,Kandy,Udadumbara,Dambagahapitiya,
Central,Kandy,Udadumbara,Poppitiya,
Central,Kandy,Udadumbara,Oyathenna,
Central,Kandy,Udadumbara,Thalagune,
Central,Kandy,Udadumbara,Gedaramada,
Central,Kandy,Udadumbara,Kirigankumbura,
Central,Kandy,Udadumbara,Udadumbara,
Central,Kandy,Udadumbara,Nawanagala,
Central,Kandy,Udadumbara,Hunnasgiriya,
Central,Kandy,Udadumbara,Kiripattiya,
Central,Kandy,Udadumbara,Halyala,
Central,Kandy,Udadumbara,Mendiriya,
Central,Kandy,Udadumbara,Gangoda,
Central,Kandy,Udadumbara,Udapitawala,
Central,Kandy,Udadumbara,Mahawala,
Central,Kandy,Udadumbara,Pitawala Udagammedda,
Central,Kandy,Udadumbara,Godakumbura,
Central,Kandy,Udadumbara,Mediwaka,
Central,Kandy,Udadumbara,Karandagolla,
Central,Kandy,Udadumbara,Rambukwella East,
Central,Kandy,Udadumbara,Rambukwella West,
Central,Kandy,Udadumbara,Denapitiya,
Central,Kandy,Udadumbara,Nugethenna East,
Central,Kandy,Udadumbara,Nugethenna West,
Central,Kandy,Udadumbara,Kevulgama,
Central,Kandy,Udadumbara,Ganegala,
Central,Kandy,Udadumbara,Minuwangamuwa,
Central,Kandy,Udadumbara,Kalalgamuwa,
Central,Kandy,Udadumbara,Pitawala,
Central,Kandy,Udadumbara,Dewahandiya East,
Central,Kandy,Udadumbara,Hapukanda East,
Central,Kandy,Udadumbara,Hapukanda West,
Central,Kandy,Udadumbara,Madugalla Udagammedda,
Central,Kandy,Udadumbara,Madugalla North,
Central,Kandy,Udadumbara,Madugalla South,
Central,Kandy,Udadumbara,Pamunethenna,
Central,Kandy,Udadumbara,Devinnegama,
Central,Kandy,Udadumbara,Bambarabedda East,
Central,Kandy,Udadumbara,Bambarabedda West,
Central,Kandy,Udadumbara,Pitigoda,
Central,Kandy,Udadumbara,Kalawala,
Central,Kandy,Udadumbara,Dewahandiya West,
Central,Kandy,Minipe,Galamuduna,
Central,Kandy,Minipe,Dungolla,
Central,Kandy,Minipe,Thotillagas Ella,
Central,Kandy,Minipe,Palugolla,
Central,Kandy,Minipe,Wewere,
Central,Kandy,Minipe,Dehemigama,
Central,Kandy,Minipe,Himbutuwa,
Central,Kandy,Minipe,Udattawa North,
Central,Kandy,Minipe,Pallegaladebokka,
Central,Kandy,Minipe,Udagaladebokka,
Central,Kandy,Minipe,Udattawa,
Central,Kandy,Minipe,Dambagahawela,
Central,Kandy,Minipe,Kindigoda North,
Central,Kandy,Minipe,Udawela,
Central,Kandy,Minipe,Kindigoda South,
Central,Kandy,Minipe,Ulpathagama,
Central,Kandy,Minipe,Ambagolla,
Central,Kandy,Minipe,Dambepitiya,
Central,Kandy,Minipe,Welgahawadiya,
Central,Kandy,Minipe,Mahayaya North,
Central,Kandy,Minipe,08 Ela,
Central,Kandy,Minipe,Welgala,
Central,Kandy,Minipe,Mahayaya South,
Central,Kandy,Minipe,Thorapitiya,
Central,Kandy,Minipe,Keenapelessa,
Central,Kandy,Minipe,Mahagalaheenna,
Central,Kandy,Minipe,Hasalaka,
Central,Kandy,Minipe,Pallewatta,
Central,Kandy,Minipe,Hasalaka Nagaraya,
Central,Kandy,Minipe,Maha Eswedduma,
Central,Kandy,Minipe,Rathnella,
Central,Kandy,Minipe,Gurulupotha,
Central,Kandy,Minipe,Waragolla,
Central,Kandy,Minipe,Weragama,
Central,Kandy,Minipe,Bulathwelkandura,
Central,Kandy,Minipe,Weraganthota,
Central,Kandy,Minipe,Morayaya,
Central,Kandy,Minipe,Lunumadalaketiya,
Central,Kandy,Minipe,Diyabubula,
Central,Kandy,Minipe,Handaganawa,
Central,Kandy,Minipe,Batumulla,
Central,Kandy,Minipe,Udayagala,
Central,Kandy,Minipe,Asamodagamyaya,
Central,Kandy,Minipe,Ambagahapelessa,
Central,Kandy,Minipe,Muttettuthenna,
Central,Kandy,Minipe,Minipe,
Central,Kandy,Minipe,Kolonyaya,
Central,Kandy,Minipe,Bembiya,
Central,Kandy,Medadumbara,Elliyadda,
Central,Kandy,Medadumbara,Thunisgala,
Central,Kandy,Medadumbara,Gonawala,
Central,Kandy,Medadumbara,Thangappuwa,
Central,Kandy,Medadumbara,Kotaganga,
Central,Kandy,Medadumbara,Bulathwatta,
Central,Kandy,Medadumbara,Galabadawatta,
Central,Kandy,Medadumbara,Nagolla,
Central,Kandy,Medadumbara,Galkotuwa,
Central,Kandy,Medadumbara,Werapitiya,
Central,Kandy,Medadumbara,Werathenna,
Central,Kandy,Medadumbara,Randiwela,
Central,Kandy,Medadumbara,Bobebila,
Central,Kandy,Medadumbara,Duckwariya,
Central,Kandy,Medadumbara,Rangala Aluthwatta,
Central,Kandy,Medadumbara,Ferndail,
Central,Kandy,Medadumbara,Hakmana,
Central,Kandy,Medadumbara,Burnside,
Central,Kandy,Medadumbara,Rangala,
Central,Kandy,Medadumbara,Weladaramba,
Central,Kandy,Medadumbara,Makuldeniya,
Central,Kandy,Medadumbara,Waradiwela,
Central,Kandy,Medadumbara,Giddawa-Waradiwela,
Central,Kandy,Medadumbara,Dunhinna,
Central,Kandy,Medadumbara,Maneluwa,
Central,Kandy,Medadumbara,Giddawa,
Central,Kandy,Medadumbara,Weliketiya,
Central,Kandy,Medadumbara,Putuhapuwa,
Central,Kandy,Medadumbara,Udabage,
Central,Kandy,Medadumbara,Amupitiya,
Central,Kandy,Medadumbara,Godamunna,
Central,Kandy,Medadumbara,Katugoda,
Central,Kandy,Medadumbara,Heeloya,
Central,Kandy,Medadumbara,Kandekumbura,
Central,Kandy,Medadumbara,Retiyagama,
Central,Kandy,Medadumbara,Poddalgoda,
Central,Kandy,Medadumbara,Nilgala,
Central,Kandy,Medadumbara,Madeniyawaka,
Central,Kandy,Medadumbara,Embalagama,
Central,Kandy,Medadumbara,Siridigana,
Central,Kandy,Medadumbara,Nugepathana,
Central,Kandy,Medadumbara,Watapana,
Central,Kandy,Medadumbara,Ambalagala,
Central,Kandy,Medadumbara,Gangasirigama,
Central,Kandy,Medadumbara,Madapola,
Central,Kandy,Medadumbara,Kandegama,
Central,Kandy,Medadumbara,Randeniya,
Central,Kandy,Medadumbara,Pallebage,
Central,Kandy,Medadumbara,Gabbela,
Central,Kandy,Medadumbara,Udispattuwa,
Central,Kandy,Medadumbara,Ranmulla,
Central,Kandy,Medadumbara,Maharawela,
Central,Kandy,Medadumbara,Kurukohogama,
Central,Kandy,Medadumbara,Kiribattalawa,
Central,Kandy,Medadumbara,Hathiyalwela,
Central,Kandy,Medadumbara,Mangoda,
Central,Kandy,Medadumbara,Rambukpotha,
Central,Kandy,Medadumbara,Namandagala,
Central,Kandy,Medadumbara,Metideniya,
Central,Kandy,Medadumbara,Doraliyadda South,
Central,Kandy,Medadumbara,Wegala,
Central,Kandy,Medadumbara,Meegahamaditta,
Central,Kandy,Medadumbara,Rambukwella - East,
Central,Kandy,Medadumbara,Rambukwella,
Central,Kandy,Medadumbara,Udawela,
Central,Kandy,Medadumbara,Wellethota,
Central,Kandy,Medadumbara,Vilamuna,
Central,Kandy,Medadumbara,Karalliyadda,
Central,Kandy,Medadumbara,Ambagahalanda,
Central,Kandy,Medadumbara,Hijrapura,
Central,Kandy,Medadumbara,Galambalama,
Central,Kandy,Medadumbara,Maberiyathenna,
Central,Kandy,Medadumbara,Ellepola,
Central,Kandy,Medadumbara,Wewegama,
Central,Kandy,Medadumbara,Senarathwela,
Central,Kandy,Medadumbara,Nithulemada,
Central,Kandy,Medadumbara,Udathenna,
Central,Kandy,Medadumbara,Medamahanuwara,
Central,Kandy,Medadumbara,Bomure,
Central,Kandy,Medadumbara,Rajagala,
Central,Kandy,Medadumbara,Wathuliyadda,
Central,Kandy,Medadumbara,Moragahamula,
Central,Kandy,Medadumbara,Mahadoraliyadda,
Central,Kandy,Medadumbara,Puwakgahadiwela,
Central,Kandy,Medadumbara,Ambale,
Central,Kandy,Medadumbara,Meeriyagolla,
Central,Kandy,Medadumbara,Bambaragahadeniya,
Central,Kandy,Medadumbara,Meegahalanda,
Central,Kandy,Medadumbara,Sandasiri Dunuvila,
Central,Kandy,Medadumbara,Thennalanda,
Central,Kandy,Medadumbara,Udagammedda,
Central,Kandy,Medadumbara,Welapahala,
Central,Kandy,Medadumbara,Meda Gammedda,
Central,Kandy,Kundasale,Dunuhappawa,
Central,Kandy,Kundasale,Naranpanawa West,
Central,Kandy,Kundasale,Kandekumbura,
Central,Kandy,Kundasale,Alawathugirigama,
Central,Kandy,Kundasale,Galpihilla,
Central,Kandy,Kundasale,Makkanigama,
Central,Kandy,Kundasale,Wavinna,
Central,Kandy,Kundasale,Pallegama,
Central,Kandy,Kundasale,Maharathenna West,
Central,Kandy,Kundasale,Udagama North,
Central,Kandy,Kundasale,Ihala Gonagama,
Central,Kandy,Kundasale,Delgaslanda,
Central,Kandy,Kundasale,Lunuketiyamaditta,
Central,Kandy,Kundasale,Naranpanawa East,
Central,Kandy,Kundasale,Kuruambemuduna,
Central,Kandy,Kundasale,Maluwegama,
Central,Kandy,Kundasale,Wepathana,
Central,Kandy,Kundasale,Gonawala North,
Central,Kandy,Kundasale,Deliwalathenna,
Central,Kandy,Kundasale,Heepitiya,
Central,Kandy,Kundasale,Udagama South,
Central,Kandy,Kundasale,Maharathenna East,
Central,Kandy,Kundasale,Menikhinna,
Central,Kandy,Kundasale,Hurikaduwa North,
Central,Kandy,Kundasale,Hurikaduwa West,
Central,Kandy,Kundasale,Bogaskumbura,
Central,Kandy,Kundasale,Pilawala North,
Central,Kandy,Kundasale,Amunugama North,
Central,Kandy,Kundasale,Amunugama South,
Central,Kandy,Kundasale,Udagunnepana South,
Central,Kandy,Kundasale,Udagunnepana North,
Central,Kandy,Kundasale,Gabadagama South,
Central,Kandy,Kundasale,Gabadagama North,
Central,Kandy,Kundasale,Pallegunnepana South,
Central,Kandy,Kundasale,Pallegunnepana North,
Central,Kandy,Kundasale,Sirimalwatta West,
Central,Kandy,Kundasale,Sirimalwatta East,
Central,Kandy,Kundasale,Sirimalwatta Pallegama,
Central,Kandy,Kundasale,Lewellagama,
Central,Kandy,Kundasale,Degaldoruwa,
Central,Kandy,Kundasale,Deekirimadawala,
Central,Kandy,Kundasale,Hapuwala,
Central,Kandy,Kundasale,Galapitaambe,
Central,Kandy,Kundasale,Hathamuna,
Central,Kandy,Kundasale,Dodamgolla,
Central,Kandy,Kundasale,Hurikaduwa South,
Central,Kandy,Kundasale,Hurikaduwa East,
Central,Kandy,Kundasale,Hurikaduwa Madige,
Central,Kandy,Kundasale,Galamuna,
Central,Kandy,Kundasale,Malpana,
Central,Kandy,Kundasale,Ahaspokuna North,
Central,Kandy,Kundasale,Gonawala South,
Central,Kandy,Kundasale,Kumbukkandura South,
Central,Kandy,Kundasale,Kumbukkandura North,
Central,Kandy,Kundasale,Rajawella North,
Central,Kandy,Kundasale,Ahaspokuna South,
Central,Kandy,Kundasale,Ihalawela,
Central,Kandy,Kundasale,Kengalla,
Central,Kandy,Kundasale,Nithulethenna,
Central,Kandy,Kundasale,Dambarawa,
Central,Kandy,Kundasale,Pilawala South,
Central,Kandy,Kundasale,Mahawatta East,
Central,Kandy,Kundasale,Mahawatta North,
Central,Kandy,Kundasale,Mahawatta West,
Central,Kandy,Kundasale,Mahawatta South,
Central,Kandy,Kundasale,Arangala North,
Central,Kandy,Kundasale,Karattamada,
Central,Kandy,Kundasale,Arangala South,
Central,Kandy,Kundasale,Galmaduwa,
Central,Kandy,Kundasale,Nattarampotha,
Central,Kandy,Kundasale,Kundasale North,
Central,Kandy,Kundasale,Kundasale South,
Central,Kandy,Kundasale,Balagolla West,
Central,Kandy,Kundasale,Balagolla East,
Central,Kandy,Kundasale,Aswalapitiya,
Central,Kandy,Kundasale,Diyabubula,
Central,Kandy,Kundasale,Rajawella South,
Central,Kandy,Kundasale,Aluth Pallekele,
Central,Kandy,Kundasale,Wijaya Sri Gama,
Central,Kandy,Kundasale,Ambakotayawatta,
Central,Kandy,Kandy Four Gravets & Gangawata Korale,Mavilmada,
Central,Kandy,Kandy Four Gravets & Gangawata Korale,Siyambalagasthenna,
Central,Kandy,Kandy Four Gravets & Gangawata Korale,Pitakanda Gama,
Central,Kandy,Kandy Four Gravets & Gangawata Korale,Senkadagala,
Central,Kandy,Kandy Four Gravets & Gangawata Korale,Wattaranthenna,
Central,Kandy,Kandy Four Gravets & Gangawata Korale,Nittawela,
Central,Kandy,Kandy Four Gravets & Gangawata Korale,Watapuluwa,
Central,Kandy,Kandy Four Gravets & Gangawata Korale,Mahaweli Uyana,
Central,Kandy,Kandy Four Gravets & Gangawata Korale,Watapuluwa South,
Central,Kandy,Kandy Four Gravets & Gangawata Korale,Aruppala East,
Central,Kandy,Kandy Four Gravets & Gangawata Korale,Aruppala West,
Central,Kandy,Kandy Four Gravets & Gangawata Korale,Watapuluwa West,
Central,Kandy,Kandy Four Gravets & Gangawata Korale,Mahaiyawa,
Central,Kandy,Kandy Four Gravets & Gangawata Korale,Mapanawathura,
Central,Kandy,Kandy Four Gravets & Gangawata Korale,Poorna Watta East,
Central,Kandy,Kandy Four Gravets & Gangawata Korale,Poorna Watta West,
Central,Kandy,Kandy Four Gravets & Gangawata Korale,Asgiriya,
Central,Kandy,Kandy Four Gravets & Gangawata Korale,Bahirawa Kanda,
Central,Kandy,Kandy Four Gravets & Gangawata Korale,Nuwara Dodamwala,
Central,Kandy,Kandy Four Gravets & Gangawata Korale,Aniwatta East,
Central,Kandy,Kandy Four Gravets & Gangawata Korale,Katukele West,
Central,Kandy,Kandy Four Gravets & Gangawata Korale,Katukele,
Central,Kandy,Kandy Four Gravets & Gangawata Korale,Ihala Katukele,
Central,Kandy,Kandy Four Gravets & Gangawata Korale,Mahanuwara,
Central,Kandy,Kandy Four Gravets & Gangawata Korale,Lewella,
Central,Kandy,Kandy Four Gravets & Gangawata Korale,Thalwatta,
Central,Kandy,Kandy Four Gravets & Gangawata Korale,Boowelikada,
Central,Kandy,Kandy Four Gravets & Gangawata Korale,Malwatta,
Central,Kandy,Kandy Four Gravets & Gangawata Korale,Bogambara,
Central,Kandy,Kandy Four Gravets & Gangawata Korale,Deiyannewela,
Central,Kandy,Kandy Four Gravets & Gangawata Korale,Nagasthenna,
Central,Kandy,Kandy Four Gravets & Gangawata Korale,Suduhumpala East,
Central,Kandy,Kandy Four Gravets & Gangawata Korale,Suduhumpala West,
Central,Kandy,Kandy Four Gravets & Gangawata Korale,Welata,
Central,Kandy,Kandy Four Gravets & Gangawata Korale,Aniwatta West,
Central,Kandy,Kandy Four Gravets & Gangawata Korale,Getambe,
Central,Kandy,Kandy Four Gravets & Gangawata Korale,Pahala Eriyagama,
Central,Kandy,Kandy Four Gravets & Gangawata Korale,Godagandeniya,
Central,Kandy,Kandy Four Gravets & Gangawata Korale,Palle Peradeniya,
Central,Kandy,Kandy Four Gravets & Gangawata Korale,Uda Bowala,
Central,Kandy,Kandy Four Gravets & Gangawata Korale,Bowala,
Central,Kandy,Kandy Four Gravets & Gangawata Korale,Mulgampala,
Central,Kandy,Kandy Four Gravets & Gangawata Korale,Heeressagala,
Central,Kandy,Kandy Four Gravets & Gangawata Korale,Hanthana Pedesa,
Central,Kandy,Kandy Four Gravets & Gangawata Korale,Ampitiya South,
Central,Kandy,Kandy Four Gravets & Gangawata Korale,Ampitiya North,
Central,Kandy,Kandy Four Gravets & Gangawata Korale,Ampitiya Udagama North,
Central,Kandy,Kandy Four Gravets & Gangawata Korale,Thennakumbura,
Central,Kandy,Kandy Four Gravets & Gangawata Korale,Ampitiya Pallegama,
Central,Kandy,Kandy Four Gravets & Gangawata Korale,Meddegama,
Central,Kandy,Kandy Four Gravets & Gangawata Korale,Ampitiya Udagama South,
Central,Kandy,Kandy Four Gravets & Gangawata Korale,Wewathenna,
Central,Kandy,Kandy Four Gravets & Gangawata Korale,Ulpathakumbura,
Central,Kandy,Kandy Four Gravets & Gangawata Korale,Gurudeniya West,
Central,Kandy,Kandy Four Gravets & Gangawata Korale,Gurudeniya East,
Central,Kandy,Kandy Four Gravets & Gangawata Korale,Maligathenna,
Central,Kandy,Kandy Four Gravets & Gangawata Korale,Gurudeniya Dambawela,
Central,Kandy,Kandy Four Gravets & Gangawata Korale,Lewla,
Central,Kandy,Kandy Four Gravets & Gangawata Korale,Ketawala,
Central,Kandy,Kandy Four Gravets & Gangawata Korale,Bowalawatta,
Central,Kandy,Kandy Four Gravets & Gangawata Korale,Ogastawatta,
Central,Kandy,Kandy Four Gravets & Gangawata Korale,Uda Peradeniya,
Central,Kandy,Kandy Four Gravets & Gangawata Korale,Hindagala,
Central,Kandy,Kandy Four Gravets & Gangawata Korale,Mahakanda,
Central,Kandy,Harispattuwa,Amuwathdeniya,
Central,Kandy,Harispattuwa,Doranegama,
Central,Kandy,Harispattuwa,Ihagama,
Central,Kandy,Harispattuwa,Medawala,
Central,Kandy,Harispattuwa,Angoda,
Central,Kandy,Harispattuwa,Dembaralawa,
Central,Kandy,Harispattuwa,Bothota,
Central,Kandy,Harispattuwa,Attaragama East,
Central,Kandy,Harispattuwa,Attaragama,
Central,Kandy,Harispattuwa,Gonigoda-Palkumbura,
Central,Kandy,Harispattuwa,Gonigoda,
Central,Kandy,Harispattuwa,Attaragama South,
Central,Kandy,Harispattuwa,Hapugoda,
Central,Kandy,Harispattuwa,Udabokalawela,
Central,Kandy,Harispattuwa,Rajapihilla,
Central,Kandy,Harispattuwa,Ulladupitiya East,
Central,Kandy,Harispattuwa,Ulladupitiya West,
Central,Kandy,Harispattuwa,Arambegama,
Central,Kandy,Harispattuwa,Aladeniya,
Central,Kandy,Harispattuwa,Hedeniya,
Central,Kandy,Harispattuwa,Rajasinghagama,
Central,Kandy,Harispattuwa,Palkumbura,
Central,Kandy,Harispattuwa,Narangoda,
Central,Kandy,Harispattuwa,Kurundugolla,
Central,Kandy,Harispattuwa,Viguhumpola,
Central,Kandy,Harispattuwa,Hiriyalagammana,
Central,Kandy,Harispattuwa,Thittapajjala,
Central,Kandy,Harispattuwa,Thittapajjala North,
Central,Kandy,Harispattuwa,Nugawela,
Central,Kandy,Harispattuwa,Batuambe,
Central,Kandy,Harispattuwa,Endaruthenna,
Central,Kandy,Harispattuwa,Embulpuraya,
Central,Kandy,Harispattuwa,Uduwawala West,
Central,Kandy,Harispattuwa,Uduwawala North,
Central,Kandy,Harispattuwa,Pallebokalawela,
Central,Kandy,Harispattuwa,Ranawana West,
Central,Kandy,Harispattuwa,Ranawana East,
Central,Kandy,Harispattuwa,Uduwawala East,
Central,Kandy,Harispattuwa,Senarathgama North,
Central,Kandy,Harispattuwa,Wathuwala,
Central,Kandy,Harispattuwa,Uyanwatta,
Central,Kandy,Harispattuwa,Dadahogama,
Central,Kandy,Harispattuwa,Mapamadulla,
Central,Kandy,Harispattuwa,Malagammana,
Central,Kandy,Harispattuwa,Ruwanpuraya,
Central,Kandy,Harispattuwa,Kurunduwatta,
Central,Kandy,Harispattuwa,Karanduwawala Ihala,
Central,Kandy,Harispattuwa,Karanduwawala Pahala,
Central,Kandy,Harispattuwa,Owathenna,
Central,Kandy,Harispattuwa,Yahalathenna West,
Central,Kandy,Harispattuwa,Yahalathenna Kanda,
Central,Kandy,Harispattuwa,Kulugammana,
Central,Kandy,Harispattuwa,Uguressapitiya,
Central,Kandy,Harispattuwa,Senarathgama South,
Central,Kandy,Harispattuwa,Kondadeniya,
Central,Kandy,Harispattuwa,Etamurungagoda,
Central,Kandy,Harispattuwa,Yatiwawala,
Central,Kandy,Harispattuwa,Katugasthota,
Central,Kandy,Harispattuwa,Inigala,
Central,Kandy,Harispattuwa,Rathmale,
Central,Kandy,Harispattuwa,Hamangoda North,
Central,Kandy,Harispattuwa,Hamangoda South,
Central,Kandy,Harispattuwa,Uggalla,
Central,Kandy,Harispattuwa,Udadoolwala,
Central,Kandy,Harispattuwa,Kurundugahamada,
Central,Kandy,Harispattuwa,Seewaleekanda,
Central,Kandy,Harispattuwa,Mahathenna,
Central,Kandy,Harispattuwa,Bulathgolla,
Central,Kandy,Harispattuwa,Yatihalagala Udagama,
Central,Kandy,Harispattuwa,Pahala Doolwala,
Central,Kandy,Harispattuwa,Udamulla,
Central,Kandy,Harispattuwa,Gohagoda,
Central,Kandy,Harispattuwa,Wegiriya,
Central,Kandy,Harispattuwa,Polwatta,
Central,Kandy,Harispattuwa,Madapathagama,
Central,Kandy,Harispattuwa,Banwelgolla,
Central,Kandy,Harispattuwa,Narangaskumbura,
Central,Kandy,Harispattuwa,Pallemulla,
Central,Kandy,Harispattuwa,Haloluwa Pallegama,
Central,Kandy,Harispattuwa,Bogahakanda,
Central,Kandy,Harispattuwa,Yatihalagala Pallegama,
Central,Kandy,Harispattuwa,Haloluwa,
Central,Kandy,Harispattuwa,Kumburegedara,
Central,Kandy,Harispattuwa,Warathenna,
Central,Kandy,Hatharaliyadda,Paragoda,
Central,Kandy,Hatharaliyadda,Aludeniya North,
Central,Kandy,Hatharaliyadda,Aludeniya South,
Central,Kandy,Hatharaliyadda,Alakolamaditta,
Central,Kandy,Hatharaliyadda,Amboruwa,
Central,Kandy,Hatharaliyadda,Galdola,
Central,Kandy,Hatharaliyadda,Polwatta Ihalagama,
Central,Kandy,Hatharaliyadda,Ilpemada,
Central,Kandy,Hatharaliyadda,Polwatta,
Central,Kandy,Hatharaliyadda,Dunkumbura,
Central,Kandy,Hatharaliyadda,Nikathenna,
Central,Kandy,Hatharaliyadda,Narangaspitiya,
Central,Kandy,Hatharaliyadda,Godathale,
Central,Kandy,Hatharaliyadda,Kalotuwawa,
Central,Kandy,Hatharaliyadda,Dedunupitiya Pahalagama,
Central,Kandy,Hatharaliyadda,Damunupola,
Central,Kandy,Hatharaliyadda,Pallepola,
Central,Kandy,Hatharaliyadda,Welagama,
Central,Kandy,Hatharaliyadda,Weligodapola,
Central,Kandy,Hatharaliyadda,Hatharaliyadda,
Central,Kandy,Hatharaliyadda,Kanakkarapola North,
Central,Kandy,Hatharaliyadda,Mawathagama,
Central,Kandy,Hatharaliyadda,Imbulethenna,
Central,Kandy,Hatharaliyadda,Welivita Ihala North,
Central,Kandy,Hatharaliyadda,Welivita Ihalagama,
Central,Kandy,Hatharaliyadda,Sivurupitiya,
Central,Kandy,Hatharaliyadda,Eramuduliyadda,
Central,Kandy,Hatharaliyadda,Muruddeniya,
Central,Kandy,Hatharaliyadda,Walpalagolla North,
Central,Kandy,Hatharaliyadda,Walpalagolla East,
Central,Kandy,Hatharaliyadda,Walpalagolla South,
Central,Kandy,Hatharaliyadda,Welivita Pahalagama,
Central,Kandy,Hatharaliyadda,Handabowa,
Central,Kandy,Hatharaliyadda,Meegasthenna,
Central,Kandy,Hatharaliyadda,Kanakkarapola South,
Central,Kandy,Hatharaliyadda,Avulbodale,
Central,Kandy,Hatharaliyadda,Lechchimimenila,
Central,Kandy,Hatharaliyadda,Yaggala,
Central,Kandy,Hatharaliyadda,Rangamuwa,
Central,Kandy,Hatharaliyadda,Dedunupitiya Ihalagama,
Central,Kandy,Hatharaliyadda,Ambawa,
Central,Kandy,Hatharaliyadda,Dehideniya Madige,
Central,Kandy,Hatharaliyadda,Pelena Pahalagama,
Central,Kandy,Hatharaliyadda,Pelena,
Central,Kandy,Hatharaliyadda,Kandemeeya,
Central,Kandy,Hatharaliyadda,Alagalla Pahalagama,
Central,Kandy,Hatharaliyadda,Alagalla Ihala,
Central,Kandy,Hatharaliyadda,Mudagammana,
Central,Kandy,Hatharaliyadda,Pattapola Ihala,
Central,Kandy,Hatharaliyadda,Pattapola Pahalagama,
Central,Kandy,Hatharaliyadda,Welivita Pahalagama South,
Central,Kandy,Hatharaliyadda,Andiyathenna,
Central,Kandy,Hatharaliyadda,Kolugala,
Central,Kandy,Hatharaliyadda,Kolugala Pahalagama,
Central,Kandy,Hatharaliyadda,Kithuldora,
Central,Kandy,Hatharaliyadda,Aluthgama Pahala,
Central,Kandy,Hatharaliyadda,Aluthgama Ihala,
Central,Kandy,Yatinuwara,Alagalla Watta,
Central,Kandy,Yatinuwara,Kirimetiya Watta,
Central,Kandy,Yatinuwara,Pahala Yatigammana,
Central,Kandy,Yatinuwara,Yatigammana,
Central,Kandy,Yatinuwara,Thismada,
Central,Kandy,Yatinuwara,Kotaligoda North,
Central,Kandy,Yatinuwara,Udawela Nadithalawa,
Central,Kandy,Yatinuwara,Udawela Pallemaditta,
Central,Kandy,Yatinuwara,Wathurakumbura,
Central,Kandy,Yatinuwara,Gurugama,
Central,Kandy,Yatinuwara,Dehianga North,
Central,Kandy,Yatinuwara,Kobbekaduwa,
Central,Kandy,Yatinuwara,Ihala Kobbekaduwa,
Central,Kandy,Yatinuwara,Pelawa Ihalagama,
Central,Kandy,Yatinuwara,Yahalathenna,
Central,Kandy,Yatinuwara,Pelawa Ihala Meda,
Central,Kandy,Yatinuwara,Pelawa Pahalagama,
Central,Kandy,Yatinuwara,Gannoruwa West,
Central,Kandy,Yatinuwara,Dehigama East,
Central,Kandy,Yatinuwara,Dehigama South,
Central,Kandy,Yatinuwara,Dehigama North,
Central,Kandy,Yatinuwara,Dehianga South,
Central,Kandy,Yatinuwara,Pahala Dodamwala,
Central,Kandy,Yatinuwara,Ihala Dodamwala,
Central,Kandy,Yatinuwara,Udawela Pahalagama,
Central,Kandy,Yatinuwara,Munwathugoda,
Central,Kandy,Yatinuwara,Walgampaya,
Central,Kandy,Yatinuwara,Bathgoda,
Central,Kandy,Yatinuwara,Doluwa East,
Central,Kandy,Yatinuwara,Doluwa West,
Central,Kandy,Yatinuwara,Kotaligoda South,
Central,Kandy,Yatinuwara,Menikdiwela,
Central,Kandy,Yatinuwara,Pottepitiya,
Central,Kandy,Yatinuwara,Ihala Alagalla,
Central,Kandy,Yatinuwara,Godigamuwa,
Central,Kandy,Yatinuwara,Motana Dekinda,
Central,Kandy,Yatinuwara,Gondeniya,
Central,Kandy,Yatinuwara,Madiligama,
Central,Kandy,Yatinuwara,Udarathmeewala,
Central,Kandy,Yatinuwara,Pahala Rathmeewala,
Central,Kandy,Yatinuwara,Deldeniya,
Central,Kandy,Yatinuwara,Walgowwagoda,
Central,Kandy,Yatinuwara,Kavudupana,
Central,Kandy,Yatinuwara,Haliyadda,
Central,Kandy,Yatinuwara,Danthure,
Central,Kandy,Yatinuwara,Siyambalagoda,
Central,Kandy,Yatinuwara,Parakatawella,
Central,Kandy,Yatinuwara,Imbulmalgama,
Central,Kandy,Yatinuwara,Diyapalagoda,
Central,Kandy,Yatinuwara,Mangalagama,
Central,Kandy,Yatinuwara,Karuwalawatta,
Central,Kandy,Yatinuwara,Gannoruwa Central,
Central,Kandy,Yatinuwara,Dehideniya West,
Central,Kandy,Yatinuwara,Sooriyagoda,
Central,Kandy,Yatinuwara,Malgammana,
Central,Kandy,Yatinuwara,Moladanda,
Central,Kandy,Yatinuwara,Giragama,
Central,Kandy,Yatinuwara,Arambegama East,
Central,Kandy,Yatinuwara,Kudaoya,
Central,Kandy,Yatinuwara,Kurunduwatta,
Central,Kandy,Yatinuwara,Kandangama North,
Central,Kandy,Yatinuwara,Mamudawala,
Central,Kandy,Yatinuwara,Maligathenna,
Central,Kandy,Yatinuwara,Ketakumbura,
Central,Kandy,Yatinuwara,Amunupura,
Central,Kandy,Yatinuwara,Moragolla Mahakanda,
Central,Kandy,Yatinuwara,Balana,
Central,Kandy,Yatinuwara,Weralugolla,
Central,Kandy,Yatinuwara,Pahala Mudaliwatta,
Central,Kandy,Yatinuwara,Mudaliwatta,
Central,Kandy,Yatinuwara,Panabokka,
Central,Kandy,Yatinuwara,Kandangama South,
Central,Kandy,Yatinuwara,Kotabogoda,
Central,Kandy,Yatinuwara,Urapola,
Central,Kandy,Yatinuwara,Arambegama West,
Central,Kandy,Yatinuwara,Embilmeegama North,
Central,Kandy,Yatinuwara,Ranawana,
Central,Kandy,Yatinuwara,Bulumulla,
Central,Kandy,Yatinuwara,Pilapitiya,
Central,Kandy,Yatinuwara,Kiribathkumbura East,
Central,Kandy,Yatinuwara,Dehideniya East,
Central,Kandy,Yatinuwara,Kendakaduwa,
Central,Kandy,Yatinuwara,Gannoruwa East,
Central,Kandy,Yatinuwara,Uda Eriyagama East,
Central,Kandy,Yatinuwara,Uda Eriyagama West,
Central,Kandy,Yatinuwara,Edanduwawa East,
Central,Kandy,Yatinuwara,Edanduwawa West,
Central,Kandy,Yatinuwara,Kiribathkumbura West,
Central,Kandy,Yatinuwara,Embilmeegama South,
Central,Kandy,Yatinuwara,Govindala,
Central,Kandy,Yatinuwara,Pilimathalawa,
Central,Kandy,Yatinuwara,Ilukwatta,
Central,Kandy,Yatinuwara,Madarangoda,
Central,Kandy,Yatinuwara,Kadawathgama,
Central,Kandy,Yatinuwara,Kadugannawa Town,
Central,Kandy,Udunuwara,Gangoda,
Central,Kandy,Udunuwara,Gangoda North,
Central,Kandy,Udunuwara,Werellamana,
Central,Kandy,Udunuwara,Thalawatta,
Central,Kandy,Udunuwara,Boyagama,
Central,Kandy,Udunuwara,Gangoda South,
Central,Kandy,Udunuwara,Gadaladeniya North,
Central,Kandy,Udunuwara,Kiriwavula East,
Central,Kandy,Udunuwara,Kiriwavula West,
Central,Kandy,Udunuwara,Alanduwaka,
Central,Kandy,Udunuwara,Pahala Koorukuttala,
Central,Kandy,Udunuwara,Ihala Koorukuttala,
Central,Kandy,Udunuwara,Belungala,
Central,Kandy,Udunuwara,Lagamuwa,
Central,Kandy,Udunuwara,Mathgamuwa,
Central,Kandy,Udunuwara,Urulewatta,
Central,Kandy,Udunuwara,Warakagoda,
Central,Kandy,Udunuwara,Hepana,
Central,Kandy,Udunuwara,Gadaladeniya South,
Central,Kandy,Udunuwara,Deliwala,
Central,Kandy,Udunuwara,Pamunuwa West,
Central,Kandy,Udunuwara,Pamunuwa East,
Central,Kandy,Udunuwara,Mampitiya,
Central,Kandy,Udunuwara,Rajagiriya,
Central,Kandy,Udunuwara,Hendeniya West,
Central,Kandy,Udunuwara,Hendeniya East,
Central,Kandy,Udunuwara,Penideniya,
Central,Kandy,Udunuwara,Sangabogama,
Central,Kandy,Udunuwara,Meewathura,
Central,Kandy,Udunuwara,Angunawala East,
Central,Kandy,Udunuwara,Angunawala West,
Central,Kandy,Udunuwara,Yalegoda East,
Central,Kandy,Udunuwara,Yalegoda West,
Central,Kandy,Udunuwara,Alapalawala East,
Central,Kandy,Udunuwara,Alapalawala West,
Central,Kandy,Udunuwara,Walgama,
Central,Kandy,Udunuwara,Rabbegamuwa North,
Central,Kandy,Udunuwara,Rabbegamuwa South,
Central,Kandy,Udunuwara,Hiddavulla East,
Central,Kandy,Udunuwara,Ganguldeniya,
Central,Kandy,Udunuwara,Wattappola,
Central,Kandy,Udunuwara,Walagedara North,
Central,Kandy,Udunuwara,Udagama,
Central,Kandy,Udunuwara,Aluthkanda,
Central,Kandy,Udunuwara,Sadikkawatta,
Central,Kandy,Udunuwara,Kovilakanda,
Central,Kandy,Udunuwara,Walagedara South,
Central,Kandy,Udunuwara,Nikahetiya,
Central,Kandy,Udunuwara,Panabokka,
Central,Kandy,Udunuwara,Hiddavulla West,
Central,Kandy,Udunuwara,Hiyarapitiya,
Central,Kandy,Udunuwara,Heeyawala,
Central,Kandy,Udunuwara,Imbuldeniya,
Central,Kandy,Udunuwara,Naranwala,
Central,Kandy,Udunuwara,Handessa,
Central,Kandy,Udunuwara,Piligalla West,
Central,Kandy,Udunuwara,Piligalla East,
Central,Kandy,Udunuwara,Godapola West,
Central,Kandy,Udunuwara,Godapola East,
Central,Kandy,Udunuwara,Kamburadeniya,
Central,Kandy,Udunuwara,Meewaladeniya,
Central,Kandy,Udunuwara,Arattana,
Central,Kandy,Udunuwara,Davulagala,
Central,Kandy,Udunuwara,Aravuwawala,
Central,Kandy,Udunuwara,Rangama,
Central,Kandy,Udunuwara,Wathupola,
Central,Kandy,Udunuwara,Manikkawa,
Central,Kandy,Udunuwara,Elpitikanda,
Central,Kandy,Udunuwara,Kooradeniya,
Central,Kandy,Udunuwara,Ambanwala,
Central,Kandy,Udunuwara,Werawala East,
Central,Kandy,Udunuwara,Werawala West,
Central,Kandy,Udunuwara,Siyambalagoda,
Central,Kandy,Udunuwara,Meddegoda,
Central,Kandy,Udunuwara,Embekka,
Central,Kandy,Udunuwara,Ambarapola,
Central,Kandy,Udunuwara,Eladetta West,
Central,Kandy,Udunuwara,Ihala Pethiyagoda,
Central,Kandy,Udunuwara,Pethiyagoda West,
Central,Kandy,Udunuwara,Pethiyagoda East,
Central,Kandy,Udunuwara,Palle Aludeniya,
Central,Kandy,Udunuwara,Karamada North,
Central,Kandy,Udunuwara,Nawa Peradeniya,
Central,Kandy,Udunuwara,Karamada South,
Central,Kandy,Udunuwara,Nawa Elpitiya North,
Central,Kandy,Udunuwara,Gelioya,
Central,Kandy,Udunuwara,Dehipagoda West,
Central,Kandy,Udunuwara,Dehipagoda East,
Central,Kandy,Udunuwara,Eladetta East,
Central,Kandy,Udunuwara,Hathnagoda,
Central,Kandy,Udunuwara,Ketakumbura,
Central,Kandy,Udunuwara,Boowelikada,
Central,Kandy,Udunuwara,Dodamdeniya,
Central,Kandy,Udunuwara,Batupitiya,
Central,Kandy,Udunuwara,Bambaradeniya,
Central,Kandy,Udunuwara,Pilapitiya,
Central,Kandy,Udunuwara,Rangoda,
Central,Kandy,Udunuwara,Ambagasthenna,
Central,Kandy,Udunuwara,Welamboda,
Central,Kandy,Udunuwara,Liyangaha Watta,
Central,Kandy,Udunuwara,Maveekumbura North,
Central,Kandy,Udunuwara,Maveekumbura South,
Central,Kandy,Udunuwara,Watadeniya,
Central,Kandy,Udunuwara,Viharagama,
Central,Kandy,Udunuwara,Ganhatha,
Central,Kandy,Udunuwara,Daskara,
Central,Kandy,Udunuwara,Wegiriya East,
Central,Kandy,Udunuwara,Thalawathura,
Central,Kandy,Udunuwara,Muruthagahamula,
Central,Kandy,Udunuwara,Pitawalawatta,
Central,Kandy,Udunuwara,Nawa Elpitiya South,
Central,Kandy,Udunuwara,Polgahaanga,
Central,Kandy,Udunuwara,Delgahapitiya,
Central,Kandy,Udunuwara,Weligalla,
Central,Kandy,Udunuwara,Uda Aludeniya,
Central,Kandy,Udunuwara,Palkumbura,
Central,Kandy,Udunuwara,Lunugama,
Central,Kandy,Udunuwara,Hondiyadeniya,
Central,Kandy,Udunuwara,Wegiriya West,
Central,Kandy,Udunuwara,Kotagaloluwa,
Central,Kandy,Udunuwara,Deldeniya,
Central,Kandy,Udunuwara,Dihitideniya,
Central,Kandy,Udunuwara,Appallagoda East,
Central,Kandy,Udunuwara,Appallagoda West,
Central,Kandy,Doluwa,Galoya,
Central,Kandy,Doluwa,Haloya,
Central,Kandy,Doluwa,Wariyagala,
Central,Kandy,Doluwa,Megoda Kalugamuwa,
Central,Kandy,Doluwa,Ganegoda,
Central,Kandy,Doluwa,Godawela,
Central,Kandy,Doluwa,Nawa Gurukele,
Central,Kandy,Doluwa,Nillamba,
Central,Kandy,Doluwa,Nawa Nillamba,
Central,Kandy,Doluwa,Palledelthota,
Central,Kandy,Doluwa,Gurukele,
Central,Kandy,Doluwa,Legumdeniya,
Central,Kandy,Doluwa,Orayanwatta,
Central,Kandy,Doluwa,Doluwa,
Central,Kandy,Doluwa,Inguruwatta,
Central,Kandy,Doluwa,Naranvita,
Central,Kandy,Doluwa,Atuwewatta,
Central,Kandy,Doluwa,Gampolawatta,
Central,Kandy,Doluwa,Wewathenna,
Central,Kandy,Doluwa,Thundeniya,
Central,Kandy,Doluwa,Kahawatta,
Central,Kandy,Doluwa,Gothatuwela,
Central,Kandy,Doluwa,Millagahamula,
Central,Kandy,Doluwa,Pabadeniya,
Central,Kandy,Doluwa,Panvilathenna,
Central,Kandy,Doluwa,Masgolla,
Central,Kandy,Doluwa,Thumpelawaka,
Central,Kandy,Doluwa,Mulgama,
Central,Kandy,Doluwa,Ududeniya,
Central,Kandy,Doluwa,Hunugala,
Central,Kandy,Doluwa,Rajathalawa,
Central,Kandy,Doluwa,Pupuressa,
Central,Kandy,Doluwa,Pitawala,
Central,Kandy,Pathahewaheta,Uduwelawatta Colony,
Central,Kandy,Pathahewaheta,Galthenna,
Central,Kandy,Pathahewaheta,Wathuliyedda,
Central,Kandy,Pathahewaheta,Monarangala,
Central,Kandy,Pathahewaheta,Nehiniwela,
Central,Kandy,Pathahewaheta,Godompitiya,
Central,Kandy,Pathahewaheta,Hippola,
Central,Kandy,Pathahewaheta,Kossinna,
Central,Kandy,Pathahewaheta,Thalathuoya West,
Central,Kandy,Pathahewaheta,Pussathenna,
Central,Kandy,Pathahewaheta,Pinnagolla,
Central,Kandy,Pathahewaheta,Singharagama,
Central,Kandy,Pathahewaheta,Haragama,
Central,Kandy,Pathahewaheta,Kapuliyadda East,
Central,Kandy,Pathahewaheta,Kapuliyadda West,
Central,Kandy,Pathahewaheta,Doolmure,
Central,Kandy,Pathahewaheta,Bootawatta North,
Central,Kandy,Pathahewaheta,Thalathuoya East,
Central,Kandy,Pathahewaheta,Ankelipitiya,
Central,Kandy,Pathahewaheta,Batagalla,
Central,Kandy,Pathahewaheta,Ethulgama East,
Central,Kandy,Pathahewaheta,Ethulgama North,
Central,Kandy,Pathahewaheta,Uduwela Pallegama East,
Central,Kandy,Pathahewaheta,Uduwela Pallegama West,
Central,Kandy,Pathahewaheta,Uduwela Pallegama South,
Central,Kandy,Pathahewaheta,Uduwela Udagama West,
Central,Kandy,Pathahewaheta,Uduwela Udagama East,
Central,Kandy,Pathahewaheta,Ratemulla,
Central,Kandy,Pathahewaheta,Pooliyadda,
Central,Kandy,Pathahewaheta,Ethulgama West,
Central,Kandy,Pathahewaheta,Ethulgama South,
Central,Kandy,Pathahewaheta,Haputhale Egodagama,
Central,Kandy,Pathahewaheta,Haputhale Udagama,
Central,Kandy,Pathahewaheta,Moragolla,
Central,Kandy,Pathahewaheta,Haputhale Pallegama,
Central,Kandy,Pathahewaheta,Nugaliyadda Ihala,
Central,Kandy,Pathahewaheta,Nugaliyadda Pahala,
Central,Kandy,Pathahewaheta,Bootawatta South,
Central,Kandy,Pathahewaheta,Godamunna West,
Central,Kandy,Pathahewaheta,Narangasthenna,
Central,Kandy,Pathahewaheta,Godalawela,
Central,Kandy,Pathahewaheta,Bolepa,
Central,Kandy,Pathahewaheta,Pathamailapitiya South,
Central,Kandy,Pathahewaheta,Pathamailapitiya North,
Central,Kandy,Pathahewaheta,Udamailapitiya North,
Central,Kandy,Pathahewaheta,Damunugolla,
Central,Kandy,Pathahewaheta,Marassana,
Central,Kandy,Pathahewaheta,Madadeniya,
Central,Kandy,Pathahewaheta,Welegama,
Central,Kandy,Pathahewaheta,Godamunna East,
Central,Kandy,Pathahewaheta,Letiyagolla,
Central,Kandy,Pathahewaheta,Sriyagama,
Central,Kandy,Pathahewaheta,Medagama Udagama,
Central,Kandy,Pathahewaheta,Medagama Pallegama,
Central,Kandy,Pathahewaheta,Kandewela,
Central,Kandy,Pathahewaheta,Elikewela,
Central,Kandy,Pathahewaheta,Meeruppa,
Central,Kandy,Pathahewaheta,Kethigannawela,
Central,Kandy,Pathahewaheta,Udamailapitiya South,
Central,Kandy,Pathahewaheta,Galagoda,
Central,Kandy,Pathahewaheta,Hewavissa East,
Central,Kandy,Pathahewaheta,Hewavissa West,
Central,Kandy,Pathahewaheta,Bawlana,
Central,Kandy,Pathahewaheta,Oluwawatta,
Central,Kandy,Pathahewaheta,Kiriwanagoda,
Central,Kandy,Pathahewaheta,Ududeniya Madige,
Central,Kandy,Pathahewaheta,Unuvinna East,
Central,Kandy,Pathahewaheta,Unuvinna West,
Central,Kandy,Pathahewaheta,Ududeniya,
Central,Kandy,Pathahewaheta,Bopitiya,
Central,Kandy,Pathahewaheta,Pothgoda,
Central,Kandy,Pathahewaheta,Kahambiliyawa,
Central,Kandy,Pathahewaheta,Neelawala,
Central,Kandy,Delthota,Perawatta West,
Central,Kandy,Delthota,Perawatta East,
Central,Kandy,Delthota,Palugama,
Central,Kandy,Delthota,Udadelthota,
Central,Kandy,Delthota,Galaha,
Central,Kandy,Delthota,Suduwella,
Central,Kandy,Delthota,Greatweliya,
Central,Kandy,Delthota,Bawlanawatta Janapadaya,
Central,Kandy,Delthota,Maussawa,
Central,Kandy,Delthota,Wanahapuwa,
Central,Kandy,Delthota,Bopitiya Nagaraya,
Central,Kandy,Delthota,Medakekila,
Central,Kandy,Delthota,Karagaskada South,
Central,Kandy,Delthota,Karagaskada North,
Central,Kandy,Delthota,Gonangoda,
Central,Kandy,Delthota,Kandegama,
Central,Kandy,Delthota,Wetakepotha,
Central,Kandy,Delthota,Pattiyagama Pallegama,
Central,Kandy,Delthota,Kiriwanaketiya,
Central,Kandy,Delthota,Kolambissa West,
Central,Kandy,Delthota,Murapola West,
Central,Kandy,Delthota,Murapola East,
Central,Kandy,Delthota,Kolambissa East,
Central,Kandy,Delthota,Nawaneliya,
Central,Kandy,Delthota,Kotagepitiya,
Central,Kandy,Delthota,Wadiyagoda,
Central,Kandy,Delthota,Pattiyagama Udagama,
Central,Kandy,Delthota,Pattiyagama Gabadagama North,
Central,Kandy,Delthota,Pattiyagama Gabadagama South,
Central,Kandy,Udapalatha,Egoda Kalugamuwa,
Central,Kandy,Udapalatha,Udovita,
Central,Kandy,Udapalatha,Kirinda,
Central,Kandy,Udapalatha,Galgediyawa,
Central,Kandy,Udapalatha,Ranawala,
Central,Kandy,Udapalatha,Bowala,
Central,Kandy,Udapalatha,Rathmalkaduwa,
Central,Kandy,Udapalatha,Hapugaspitiya,
Central,Kandy,Udapalatha,Unambuwa,
Central,Kandy,Udapalatha,Ilangawatta,
Central,Kandy,Udapalatha,Kahatapitiya,
Central,Kandy,Udapalatha,Bothalapitiya,
Central,Kandy,Udapalatha,Gampola East,
Central,Kandy,Udapalatha,Mount Temple,
Central,Kandy,Udapalatha,Keerapane,
Central,Kandy,Udapalatha,Sinhapitiya North,
Central,Kandy,Udapalatha,Sinhapitiya South,
Central,Kandy,Udapalatha,Gampola West,
Central,Kandy,Udapalatha,Polkumbura,
Central,Kandy,Udapalatha,Illawathura,
Central,Kandy,Udapalatha,Angammana East,
Central,Kandy,Udapalatha,Angammana West,
Central,Kandy,Udapalatha,Aregoda,
Central,Kandy,Udapalatha,Kurukude,
Central,Kandy,Udapalatha,Kudamake,
Central,Kandy,Udapalatha,Godagama,
Central,Kandy,Udapalatha,Jayamalapura,
Central,Kandy,Udapalatha,Amunupuraya,
Central,Kandy,Udapalatha,Wattehena,
Central,Kandy,Udapalatha,Millagaspitiya,
Central,Kandy,Udapalatha,Udagama,
Central,Kandy,Udapalatha,Hunukotugama,
Central,Kandy,Udapalatha,Dunukeulla,
Central,Kandy,Udapalatha,Wanahapuwa,
Central,Kandy,Udapalatha,Ihalagama,
Central,Kandy,Udapalatha,Paradeka,
Central,Kandy,Udapalatha,Amuhena,
Central,Kandy,Udapalatha,Delpitiya,
Central,Kandy,Udapalatha,Nawadevita,
Central,Kandy,Udapalatha,Galatha,
Central,Kandy,Udapalatha,Pallegama,
Central,Kandy,Udapalatha,Pussellawa,
Central,Kandy,Udapalatha,Wahugapitiya,
Central,Kandy,Udapalatha,Pussellawagama,
Central,Kandy,Udapalatha,Doragala,
Central,Kandy,Udapalatha,Kekulanda,
Central,Kandy,Udapalatha,Weliganga,
Central,Kandy,Udapalatha,Kalugalhinna,
Central,Kandy,Udapalatha,Mawathura,
Central,Kandy,Ganga Ihala Korale,Kohowala,
Central,Kandy,Ganga Ihala Korale,Polmalagama,
Central,Kandy,Ganga Ihala Korale,Galpaya,
Central,Kandy,Ganga Ihala Korale,Herakola,
Central,Kandy,Ganga Ihala Korale,Wallahagoda,
Central,Kandy,Ganga Ihala Korale,Maligapurana,
Central,Kandy,Ganga Ihala Korale,Gampolawela,
Central,Kandy,Ganga Ihala Korale,Ethgala North,
Central,Kandy,Ganga Ihala Korale,Thembiligala,
Central,Kandy,Ganga Ihala Korale,Pellapitiya North,
Central,Kandy,Ganga Ihala Korale,Malwattagama,
Central,Kandy,Ganga Ihala Korale,Giraulla,
Central,Kandy,Ganga Ihala Korale,Karagala,
Central,Kandy,Ganga Ihala Korale,Wetakedeniya,
Central,Kandy,Ganga Ihala Korale,Uduwella,
Central,Kandy,Ganga Ihala Korale,Patithalawa,
Central,Kandy,Ganga Ihala Korale,Kelly Group,
Central,Kandy,Ganga Ihala Korale,Alugolla,
Central,Kandy,Ganga Ihala Korale,Gemunupura,
Central,Kandy,Ganga Ihala Korale,Yatapana,
Central,Kandy,Ganga Ihala Korale,Pellapitiya South,
Central,Kandy,Ganga Ihala Korale,Ulapane North,
Central,Kandy,Ganga Ihala Korale,Udagama,
Central,Kandy,Ganga Ihala Korale,Ethgala West,
Central,Kandy,Ganga Ihala Korale,Ethgala East,
Central,Kandy,Ganga Ihala Korale,Sinhapura,
Central,Kandy,Ganga Ihala Korale,Ulapane South,
Central,Kandy,Ganga Ihala Korale,Pitakanda,
Central,Kandy,Ganga Ihala Korale,Udahenthenna,
Central,Kandy,Ganga Ihala Korale,Rakshawa,
Central,Kandy,Ganga Ihala Korale,Miyanagolla,
Central,Kandy,Pasbage Korale,Pallegama,
Central,Kandy,Pasbage Korale,Warakawa,
Central,Kandy,Pasbage Korale,Weligodawatta,
Central,Kandy,Pasbage Korale,Dandubediruppa,
Central,Kandy,Pasbage Korale,Penithuduwa,
Central,Kandy,Pasbage Korale,Pahala Rambukpitiya,
Central,Kandy,Pasbage Korale,Uda Rambukpitiya,
Central,Kandy,Pasbage Korale,Balanthota North,
Central,Kandy,Pasbage Korale,Weligampola,
Central,Kandy,Pasbage Korale,Karahandungala,
Central,Kandy,Pasbage Korale,Nawalapitiya South,
Central,Kandy,Pasbage Korale,Nawalapitiya North,
Central,Kandy,Pasbage Korale,Nawalapitiya West,
Central,Kandy,Pasbage Korale,Nawalapitiya East,
Central,Kandy,Pasbage Korale,Imbulpitiya,
Central,Kandy,Pasbage Korale,Greenwood,
Central,Kandy,Pasbage Korale,Bawwagama,
Central,Kandy,Pasbage Korale,Kendopitiya,
Central,Kandy,Pasbage Korale,Aluthgama,
Central,Kandy,Pasbage Korale,Balanthota South,
Central,Kandy,Pasbage Korale,Dekinda,
Central,Kandy,Pasbage Korale,Mapakanda North,
Central,Kandy,Pasbage Korale,Inguruoya North,
Central,Kandy,Pasbage Korale,Kadiyanlena,
Central,Kandy,Pasbage Korale,Westhole,
Central,Kandy,Pasbage Korale,Inguruoya South,
Central,Kandy,Pasbage Korale,Mapakanda South,
Central,Kandy,Pasbage Korale,Wewegama,
Central,Kandy,Pasbage Korale,Hydree,
Central,Matale,Galewela,Wetakoluwewa,
Central,Matale,Galewela,Dewahoowa Colony 2,
Central,Matale,Galewela,Makulugaswewa,
Central,Matale,Galewela,Ibbankatuwa,
Central,Matale,Galewela,Thalakiriyagama,
Central,Matale,Galewela,Thennakonpura,
Central,Matale,Galewela,Dandubendiruppa,
Central,Matale,Galewela,Dewahoowa Colony 1,
Central,Matale,Galewela,Bulanawewa,
Central,Matale,Galewela,Pahala Diggala,
Central,Matale,Galewela,Meewalapathaha,
Central,Matale,Galewela,Pahala Wewa,
Central,Matale,Galewela,Yatigalpotta,
Central,Matale,Galewela,Kumbukgolla,
Central,Matale,Galewela,Kosgahahinna,
Central,Matale,Galewela,Ralalerotawewa,
Central,Matale,Galewela,Moragolla,
Central,Matale,Galewela,Pibidunugama,
Central,Matale,Galewela,Aluthwewa,
Central,Matale,Galewela,Bambaragaswewa,
Central,Matale,Galewela,Beliyakanda,
Central,Matale,Galewela,Silwathgama,
Central,Matale,Galewela,Walaswewa,
Central,Matale,Galewela,Galapamula,
Central,Matale,Galewela,Damunumulla,
Central,Matale,Galewela,Pattiwela,
Central,Matale,Galewela,Nilagama,
Central,Matale,Galewela,Hombawa,
Central,Matale,Galewela,Silwathgama,
Central,Matale,Galewela,Walaswewa,
Central,Matale,Galewela,Galapamula,
Central,Matale,Galewela,Damunumulla,
Central,Matale,Galewela,Nabadagahawatta,
Central,Matale,Galewela,Galewela Town,
Central,Matale,Galewela,Pathkolagolla,
Central,Matale,Galewela,Kospotha,
Central,Matale,Galewela,Ranwediyawa,
Central,Matale,Galewela,Pahala Bambawa,
Central,Matale,Galewela,Danduyaya,
Central,Matale,Galewela,Dambagolla,
Central,Matale,Galewela,Ihala Bambawa,
Central,Matale,Galewela,Siyambalagahawela,
Central,Matale,Galewela,Pihilyaya,
Central,Matale,Galewela,Medabedda North,
Central,Matale,Galewela,Divulgaskotuwa,
Central,Matale,Galewela,Hathadukkuwa,
Central,Matale,Galewela,Beligamuwa,
Central,Matale,Galewela,Medabedda South,
Central,Matale,Galewela,Wahakotte,
Central,Matale,Galewela,Galgodayaya,
Central,Matale,Galewela,Palapathwala,
Central,Matale,Galewela,Dembawa,
Central,Matale,Galewela,Elamalpotha,
Central,Matale,Galewela,Yatiwehera,
Central,Matale,Galewela,Lenawala,
Central,Matale,Galewela,Hewanwela,
Central,Matale,Galewela,Wegodapola,
Central,Matale,Galewela,Kendangamuwa,
Central,Matale,Galewela,Madipola,
Central,Matale,Dambulla,Siyambala Wewa,
Central,Matale,Dambulla,Avudangawa,
Central,Matale,Dambulla,Gedigaswalana,
Central,Matale,Dambulla,Pidurangala,
Central,Matale,Dambulla,Thalkote,
Central,Matale,Dambulla,Digampathaha,
Central,Matale,Dambulla,Inamaluwa,
Central,Matale,Dambulla,Nagalawewa,
Central,Matale,Dambulla,Pothana,
Central,Matale,Dambulla,Kimbissa,
Central,Matale,Dambulla,Egodawewa,
Central,Matale,Dambulla,Palutawa,
Central,Matale,Dambulla,Sigiriya,
Central,Matale,Dambulla,Mailattawa,
Central,Matale,Dambulla,Pol Attawa,
Central,Matale,Dambulla,Nikawatawana,
Central,Matale,Dambulla,Kumbukkandanwala,
Central,Matale,Dambulla,Bellanneoya,
Central,Matale,Dambulla,Rathmalkatuwa,
Central,Matale,Dambulla,Welihena,
Central,Matale,Dambulla,Etawarahena,
Central,Matale,Dambulla,Pallegama,
Central,Matale,Dambulla,Bulagala,
Central,Matale,Dambulla,Pelvehera,
Central,Matale,Dambulla,Kandalama,
Central,Matale,Dambulla,Pahala Erevula,
Central,Matale,Dambulla,Ihala Ereula,
Central,Matale,Dambulla,Welangolla,
Central,Matale,Dambulla,Wewala Wewa,
Central,Matale,Dambulla,Yakkuragala North,
Central,Matale,Dambulla,Vilhatha,
Central,Matale,Dambulla,Athuparayaya,
Central,Matale,Dambulla,Pahala Wewa,
Central,Matale,Dambulla,Dambulla Town,
Central,Matale,Dambulla,Dambulugama,
Central,Matale,Dambulla,Haluapullana Wewa,
Central,Matale,Dambulla,Pohoranwewa,
Central,Matale,Dambulla,Yapagama,
Central,Matale,Dambulla,Rathmalgaha Ela,
Central,Matale,Dambulla,Yakkuragala South,
Central,Matale,Dambulla,Kalundewa Aluthgama,
Central,Matale,Dambulla,Angunawel Pelessa,
Central,Matale,Dambulla,Kalogaha Ela,
Central,Matale,Dambulla,Thittawelgolla,
Central,Matale,Dambulla,Moragollewa,
Central,Matale,Dambulla,Kapuwatta,
Central,Matale,Dambulla,Kiralagolla,
Central,Matale,Dambulla,Wavulambe,
Central,Matale,Dambulla,Embulambe,
Central,Matale,Dambulla,Puwak Attawala,
Central,Matale,Dambulla,Kalundewa Paranagama,
Central,Matale,Dambulla,Walgamwewa,
Central,Matale,Dambulla,Kiralessa,
Central,Matale,Dambulla,Pannampitiya,
Central,Matale,Dambulla,Welamitiyawa,
Central,Matale,Dambulla,Etha Bendiwewa,
Central,Matale,Dambulla,Lenadora North,
Central,Matale,Dambulla,Lenadora South,
Central,Matale,Dambulla,Nayakumbura,
Central,Matale,Naula,Ussattawa,
Central,Matale,Naula,Nikula,
Central,Matale,Naula,Serudandapola,
Central,Matale,Naula,Haduwa,
Central,Matale,Naula,Bambaragahawatta,
Central,Matale,Naula,Dambagolla,
Central,Matale,Naula,Helambagahawatta,
Central,Matale,Naula,Pubbiliya,
Central,Matale,Naula,Thalagoda,
Central,Matale,Naula,Maragamuwa,
Central,Matale,Naula,Haduwela,
Central,Matale,Naula,Dodamattawela,
Central,Matale,Naula,Karavilahena,
Central,Matale,Naula,Bobella,
Central,Matale,Naula,Bibila,
Central,Matale,Naula,Murutholuwa,
Central,Matale,Naula,Mailpitiya,
Central,Matale,Naula,Wewattawa,
Central,Matale,Naula,Penalaboda,
Central,Matale,Naula,Naula,
Central,Matale,Naula,Meegaha Ela,
Central,Matale,Naula,Bowathenna Watta,
Central,Matale,Naula,Koombiyangahaela,
Central,Matale,Naula,Millagahamula Thenna,
Central,Matale,Naula,Medapihilla,
Central,Matale,Naula,Kadawatha,
Central,Matale,Naula,Galporugolla,
Central,Matale,Naula,Elagamuwa,
Central,Matale,Naula,Kongahawela,
Central,Matale,Naula,Rajawela,
Central,Matale,Naula,Gan Imayaya,
Central,Matale,Naula,Moragahamada,
Central,Matale,Naula,Pilihudugolla Pahalagama,
Central,Matale,Naula,Pilihudugolla Ihalagama,
Central,Matale,Naula,Arangala,
Central,Matale,Naula,Habaragahamada,
Central,Matale,Naula,Elhena,
Central,Matale,Naula,Diyankaduwa,
Central,Matale,Naula,Alugolla,
Central,Matale,Naula,Nalanda,
Central,Matale,Naula,Wambatuyaya,
Central,Matale,Naula,Meegolla,
Central,Matale,Naula,Ududeniya,
Central,Matale,Naula,Hapugasyaya,
Central,Matale,Naula,Lihinipitiya,
Central,Matale,Naula,Senagama,
Central,Matale,Naula,Andawala,
Central,Matale,Naula,Opalgala,
Central,Matale,Naula,Ambana,
Central,Matale,Naula,Moragolla,
Central,Matale,Naula,Galboda,
Central,Matale,Naula,Kambarawa,
Central,Matale,Pallepola,Janakagama,
Central,Matale,Pallepola,Nilannoruwa Colony,
Central,Matale,Pallepola,Aluthgama,
Central,Matale,Pallepola,Demada Oya,
Central,Matale,Pallepola,Mananwatta,
Central,Matale,Pallepola,Nilannoruwa,
Central,Matale,Pallepola,Thalakiriyawa,
Central,Matale,Pallepola,Kirioruwa,
Central,Matale,Pallepola,Kosgolla,
Central,Matale,Pallepola,Nagahapola,
Central,Matale,Pallepola,Bomeruwa,
Central,Matale,Pallepola,Kobbevehera,
Central,Matale,Pallepola,Millawana Pahalagama,
Central,Matale,Pallepola,Millawana Medagama,
Central,Matale,Pallepola,Kandewatta,
Central,Matale,Pallepola,Mahayayawatta,
Central,Matale,Pallepola,Medalanda,
Central,Matale,Pallepola,Walmoruwa,
Central,Matale,Pallepola,Moragaspitiya,
Central,Matale,Pallepola,Akuramboda,
Central,Matale,Pallepola,Dewarammulla,
Central,Matale,Pallepola,Millawana Ihalagama,
Central,Matale,Pallepola,Ambokka,
Central,Matale,Pallepola,Maningamuwa West,
Central,Matale,Pallepola,Maningamuwa East,
Central,Matale,Pallepola,Koswatta,
Central,Matale,Pallepola,Ekamuthugama,
Central,Matale,Pallepola,Ambokudena,
Central,Matale,Pallepola,Koholanwala,
Central,Matale,Pallepola,Udurampelessa,
Central,Matale,Pallepola,Ehelepola,
Central,Matale,Pallepola,Pallepola North,
Central,Matale,Pallepola,Monaravila,
Central,Matale,Pallepola,Galahitiyagama,
Central,Matale,Pallepola,Rusigama Ihalagama,
Central,Matale,Pallepola,Rusigama Pahalagama,
Central,Matale,Pallepola,Pallepola South,
Central,Matale,Pallepola,Kinigama,
Central,Matale,Pallepola,Paldeniya,
Central,Matale,Pallepola,Dodamgasyaya,
Central,Matale,Pallepola,Ariyagama,
Central,Matale,Pallepola,Polwatta,
Central,Matale,Pallepola,Thembilideniya North,
Central,Matale,Pallepola,Dimbulgamuwa,
Central,Matale,Yatawatta,Udagama West,
Central,Matale,Yatawatta,Selagama,
Central,Matale,Yatawatta,Selagama East,
Central,Matale,Yatawatta,Thembilideniya,
Central,Matale,Yatawatta,Mathale North,
Central,Matale,Yatawatta,Kavudupelella,
Central,Matale,Yatawatta,Mahawela,
Central,Matale,Yatawatta,Mahawela West,
Central,Matale,Yatawatta,Delgolla,
Central,Matale,Yatawatta,Galagama,
Central,Matale,Yatawatta,Nagolla,
Central,Matale,Yatawatta,Udagama,
Central,Matale,Yatawatta,Urulewatta,
Central,Matale,Yatawatta,Yatawatta,
Central,Matale,Yatawatta,Mediyapola,
Central,Matale,Yatawatta,Nikagolla,
Central,Matale,Yatawatta,Nikagolla North,
Central,Matale,Yatawatta,Dikkumbura West,
Central,Matale,Yatawatta,Rathalawewa,
Central,Matale,Yatawatta,Dikkumbura,
Central,Matale,Yatawatta,Wattegedara,
Central,Matale,Yatawatta,Galaliyadda,
Central,Matale,Yatawatta,Muruthawatta,
Central,Matale,Yatawatta,Deevilla North,
Central,Matale,Yatawatta,Deevilla,
Central,Matale,Yatawatta,Dangan Place,
Central,Matale,Yatawatta,Alokagama,
Central,Matale,Yatawatta,Walpola,
Central,Matale,Yatawatta,Maligathenna,
Central,Matale,Yatawatta,Aluthwatta,
Central,Matale,Yatawatta,Ambanpola,
Central,Matale,Yatawatta,Lakshahena,
Central,Matale,Yatawatta,Deevilla South,
Central,Matale,Yatawatta,Gammulla,
Central,Matale,Yatawatta,Mottuwela,
Central,Matale,Yatawatta,Idangama,
Central,Matale,Yatawatta,Udasgiriya,
Central,Matale,Yatawatta,Ethipallawala,
Central,Matale,Yatawatta,Aluthgama North,
Central,Matale,Yatawatta,Aluthgama,
Central,Matale,Yatawatta,Pamunuwa,
Central,Matale,Yatawatta,Walawela,
Central,Matale,Yatawatta,Unaweruwa,
Central,Matale,Yatawatta,Madadeniya,
Central,Matale,Yatawatta,Mathalapitiya,
Central,Matale,Yatawatta,Mathalapitiya South,
Central,Matale,Yatawatta,Rathninda,
Central,Matale,Yatawatta,Asgiri Dorakumbura,
Central,Matale,Yatawatta,Asgiri Dorakumbura East,
Central,Matale,Yatawatta,Polwatta,
Central,Matale,Yatawatta,Dullewa,
Central,Matale,Yatawatta,Dullewa East,
Central,Matale,Yatawatta,Thalgahagoda,
Central,Matale,Yatawatta,Daluwela,
Central,Matale,Yatawatta,Ethipola,
Central,Matale,Yatawatta,Ethipola West,
Central,Matale,Matale,Narangamuwa,
Central,Matale,Matale,Madawala Ulpatha,
Central,Matale,Matale,Thalagasyaya,
Central,Matale,Matale,Madawala,
Central,Matale,Matale,Rajjammana,
Central,Matale,Matale,Moragahamada,
Central,Matale,Matale,Hathamunagala,
Central,Matale,Matale,Ankanda,
Central,Matale,Matale,Puwakpitiya,
Central,Matale,Matale,Walliwela,
Central,Matale,Matale,Galwadukumbura,
Central,Matale,Matale,Dombawela,
Central,Matale,Matale,Kawatayamuna,
Central,Matale,Matale,Eriyagolla,
Central,Matale,Matale,Imbulandanda,
Central,Matale,Matale,Golahenwatta,
Central,Matale,Matale,Parana Dombawela,
Central,Matale,Matale,Ellepola,
Central,Matale,Matale,Palapathwala,
Central,Matale,Matale,Kottagoda,
Central,Matale,Matale,Owala Polwatta,
Central,Matale,Matale,Makulgaharuppa,
Central,Matale,Matale,Udugama,
Central,Matale,Matale,Kirigalpotta,
Central,Matale,Matale,Dunkalawatta,
Central,Matale,Matale,Dorakumbura,
Central,Matale,Matale,Biridewala,
Central,Matale,Matale,Aluvihare,
Central,Matale,Matale,Dikkiriya,
Central,Matale,Matale,Parawatta,
Central,Matale,Matale,Kaludewala,
Central,Matale,Matale,Mandandawela,
Central,Matale,Matale,Bogahakotuwa,
Central,Matale,Matale,Harasgama,
Central,Matale,Matale,Kandegedara,
Central,Matale,Matale,Malwatta,
Central,Matale,Matale,Vihara Road,
Central,Matale,Matale,Muslim Town,
Central,Matale,Matale,Oya Pahala,
Central,Matale,Matale,Gongawela,
Central,Matale,Matale,Sinhala Town,
Central,Matale,Matale,Dodamdeniya,
Central,Matale,Matale,Hulangamuwa South,
Central,Matale,Matale,18,220
Central,Matale,Matale,Diyabubula,
Central,Matale,Matale,Maligathenna,
Central,Matale,Matale,Nagolla,
Central,Matale,Matale,Pandivita,
Central,Matale,Matale,Pandivita Welagama,
Central,Matale,Matale,Kotuwegedara North,
Central,Matale,Matale,Koombiyangoda,
Central,Matale,Matale,Kotuwegedara South,
Central,Matale,Ambanganga Korale,Kumbaloluwa,
Central,Matale,Ambanganga Korale,Gammaduwa,
Central,Matale,Ambanganga Korale,Kalugalthenna,
Central,Matale,Ambanganga Korale,Naguliyadda,
Central,Matale,Ambanganga Korale,Kosgolla,
Central,Matale,Ambanganga Korale,Imbulgolla,
Central,Matale,Ambanganga Korale,Ranmuthugama,
Central,Matale,Ambanganga Korale,Raithalawa,
Central,Matale,Ambanganga Korale,Thibbatukanatha,
Central,Matale,Ambanganga Korale,Palle Eswedduma,
Central,Matale,Ambanganga Korale,Pallethenna,
Central,Matale,Ambanganga Korale,Pussella,
Central,Matale,Ambanganga Korale,Sirangahawatta,
Central,Matale,Ambanganga Korale,Kavudagammana,
Central,Matale,Ambanganga Korale,Narangolla,
Central,Matale,Ambanganga Korale,Hunukete,
Central,Matale,Ambanganga Korale,Metihakka,
Central,Matale,Ambanganga Korale,Aluthwela,
Central,Matale,Ambanganga Korale,Cloda,
Central,Matale,Ambanganga Korale,Gurubebila,
Central,Matale,Laggala-Pallegama,Maoya,
Central,Matale,Laggala-Pallegama,Kandepitawala,
Central,Matale,Laggala-Pallegama,Dewaladeniya,
Central,Matale,Laggala-Pallegama,Kaluganga,
Central,Matale,Laggala-Pallegama,Akarahediya,
Central,Matale,Laggala-Pallegama,Hattota Amuna,
Central,Matale,Laggala-Pallegama,Dasgiriya,
Central,Matale,Laggala-Pallegama,Morathenna,
Central,Matale,Laggala-Pallegama,Wellewala,
Central,Matale,Laggala-Pallegama,Weliwaranagolla,
Central,Matale,Laggala-Pallegama,Leloya,
Central,Matale,Laggala-Pallegama,Pottatawela,
Central,Matale,Laggala-Pallegama,Dammanthenna,
Central,Matale,Laggala-Pallegama,Gangalapuwakpitiya,
Central,Matale,Laggala-Pallegama,Divulgas Pathana,
Central,Matale,Laggala-Pallegama,Pitawala,
Central,Matale,Laggala-Pallegama,Kahagala,
Central,Matale,Laggala-Pallegama,Ilukkumbura,
Central,Matale,Laggala-Pallegama,Mahalakotuwa,
Central,Matale,Laggala-Pallegama,Ganga Henwala,
Central,Matale,Laggala-Pallegama,Karadamulla,
Central,Matale,Laggala-Pallegama,Gonawala,
Central,Matale,Laggala-Pallegama,Laggala Pallegama,
Central,Matale,Laggala-Pallegama,Miniranketiya,
Central,Matale,Laggala-Pallegama,Rawanagama,
Central,Matale,Laggala-Pallegama,Galgedawala,
Central,Matale,Laggala-Pallegama,Guruwela,
Central,Matale,Laggala-Pallegama,Kivulawadiya,
Central,Matale,Laggala-Pallegama,Halminiya,
Central,Matale,Laggala-Pallegama,Imaduwa,
Central,Matale,Laggala-Pallegama,Rambukoluwa,
Central,Matale,Laggala-Pallegama,Meda Ela,
Central,Matale,Laggala-Pallegama,Rathninda,
Central,Matale,Laggala-Pallegama,Etanwala,
Central,Matale,Laggala-Pallegama,Ranamuregama,
Central,Matale,Laggala-Pallegama,Narangamuwa,
Central,Matale,Laggala-Pallegama,Lakegala,
Central,Matale,Wilgamuwa,Kumbukoya,
Central,Matale,Wilgamuwa,Thunhiriyawewa,
Central,Matale,Wilgamuwa,Palupitiya,
Central,Matale,Wilgamuwa,Rattotayaya,
Central,Matale,Wilgamuwa,Dunuvilapitiya,
Central,Matale,Wilgamuwa,Medakanda,
Central,Matale,Wilgamuwa,Aliwanguwa,
Central,Matale,Wilgamuwa,Viharagama,
Central,Matale,Wilgamuwa,Handungamuwa,
Central,Matale,Wilgamuwa,Topwalapitiya,
Central,Matale,Wilgamuwa,Gemburuoya,
Central,Matale,Wilgamuwa,Kumbukandana,
Central,Matale,Wilgamuwa,Lediyangala,
Central,Matale,Wilgamuwa,Karawgahawewa,
Central,Matale,Wilgamuwa,Radunnewewa,
Central,Matale,Wilgamuwa,Maraka,
Central,Matale,Wilgamuwa,Malgammana,
Central,Matale,Wilgamuwa,Bogahawewa,
Central,Matale,Wilgamuwa,Aliyawala,
Central,Matale,Wilgamuwa,Veheragala,
Central,Matale,Wilgamuwa,Himbiliyakada,
Central,Matale,Wilgamuwa,Hettipola,
Central,Matale,Wilgamuwa,Naminioya,
Central,Matale,Wilgamuwa,Dewagiriya,
Central,Matale,Wilgamuwa,Piduruella,
Central,Matale,Wilgamuwa,Guruwelayaya,
Central,Matale,Wilgamuwa,Naminigama,
Central,Matale,Wilgamuwa,Perakanatta,
Central,Matale,Wilgamuwa,Wilgamuwa,
Central,Matale,Wilgamuwa,Wanarawa,
Central,Matale,Wilgamuwa,Bathgampala,
Central,Matale,Wilgamuwa,Nagolla,
Central,Matale,Wilgamuwa,Moragaha Ulpatha,
Central,Matale,Wilgamuwa,Nugagolla,
Central,Matale,Wilgamuwa,Meewaobe,
Central,Matale,Wilgamuwa,80 Yaya,
Central,Matale,Wilgamuwa,Sonutta,
Central,Matale,Wilgamuwa,Uduwelwala,
Central,Matale,Wilgamuwa,Sulugune,
Central,Matale,Rattota,Ikirigolla,
Central,Matale,Rattota,Pahala Owala,
Central,Matale,Rattota,Ihala Owala,
Central,Matale,Rattota,Kaikawala,
Central,Matale,Rattota,Nikawella,
Central,Matale,Rattota,Kuruwawa,
Central,Matale,Rattota,Rattota,
Central,Matale,Rattota,Bodhikotuwa,
Central,Matale,Rattota,Dankanda,
Central,Matale,Rattota,Kirimetiya,
Central,Matale,Rattota,Polwattakanda,
Central,Matale,Rattota,Dambagolla,
Central,Matale,Rattota,Medawatta,
Central,Matale,Rattota,Weralugasthenna,
Central,Matale,Rattota,Madakumbura,
Central,Matale,Rattota,Maussagolla,
Central,Matale,Rattota,Wanaraniya,
Central,Matale,Rattota,Lonvil,
Central,Matale,Rattota,Maradurawala,
Central,Matale,Rattota,Pallegama,
Central,Matale,Rattota,Koswana North,
Central,Matale,Rattota,Palle Weragama,
Central,Matale,Rattota,Viharagama,
Central,Matale,Rattota,Kaineka,
Central,Matale,Rattota,Uda Weragama,
Central,Matale,Rattota,Meda Weragama,
Central,Matale,Rattota,Koswana South,
Central,Matale,Rattota,Bogambara,
Central,Matale,Rattota,Galekoluwa,
Central,Matale,Rattota,Welangahawatta,
Central,Matale,Rattota,Horagolla,
Central,Matale,Rattota,Bambarakiriella,
Central,Matale,Rattota,Alakolamada,
Central,Matale,Rattota,Udagama,
Central,Matale,Rattota,Pitakanda,
Central,Matale,Rattota,Gansarapola,
Central,Matale,Rattota,Epitamulla,
Central,Matale,Rattota,Wetasyaya,
Central,Matale,Rattota,Godapala,
Central,Matale,Rattota,Ulpothapitiya,
Central,Matale,Rattota,Bandarapola,
Central,Matale,Rattota,Muwandeniya,
Central,Matale,Rattota,Palleyaya,
Central,Matale,Rattota,Neluwakanda,
Central,Matale,Rattota,Punchiseluwakanda,
Central,Matale,Rattota,Thambalagala,
Central,Matale,Rattota,Kandenuwara West,
Central,Matale,Rattota,Kandenuwara East,
Central,Matale,Rattota,Alwatta,
Central,Matale,Rattota,Warapitiya,
Central,Matale,Rattota,Dombagoda,
Central,Matale,Rattota,Pahala Hapuvida,
Central,Matale,Rattota,Uda Hapuvida,
Central,Matale,Rattota,Hangarankanda,
Central,Matale,Ukuwela,Galaudahena,
Central,Matale,Ukuwela,Makulemada,
Central,Matale,Ukuwela,Pathingolla,
Central,Matale,Ukuwela,Wademada,
Central,Matale,Ukuwela,Wattegedara,
Central,Matale,Ukuwela,Watagoda,
Central,Matale,Ukuwela,Pallekumbura,
Central,Matale,Ukuwela,Katuattamada,
Central,Matale,Ukuwela,Panwatta,
Central,Matale,Ukuwela,Alawathuwala,
Central,Matale,Ukuwela,Horagahapitiya,
Central,Matale,Ukuwela,Ovilikanda,
Central,Matale,Ukuwela,Kirimetiyawa,
Central,Matale,Ukuwela,Thenna,
Central,Matale,Ukuwela,Muwagala,
Central,Matale,Ukuwela,Ovilla,
Central,Matale,Ukuwela,Enasalmada,
Central,Matale,Ukuwela,Thibbatuwawa,
Central,Matale,Ukuwela,Dombagasdeniya,
Central,Matale,Ukuwela,Kendagolla,
Central,Matale,Ukuwela,Kohombiliwela,
Central,Matale,Ukuwela,Wariyapola Watta,
Central,Matale,Ukuwela,Wariyapola,
Central,Matale,Ukuwela,Pananthadiya,
Central,Matale,Ukuwela,Nawarathnagoda,
Central,Matale,Ukuwela,Eriyagolla,
Central,Matale,Ukuwela,Katudeniya,
Central,Matale,Ukuwela,Elwala,
Central,Matale,Ukuwela,Pahalawela,
Central,Matale,Ukuwela,Dehipitiya,
Central,Matale,Ukuwela,Purijjala,
Central,Matale,Ukuwela,Udupihilla,
Central,Matale,Ukuwela,Halangoda,
Central,Matale,Ukuwela,Nagahathenna,
Central,Matale,Ukuwela,Warakamura,
Central,Matale,Ukuwela,Meedeniya,
Central,Matale,Ukuwela,Nagolla,
Central,Matale,Ukuwela,Thawalankoya,
Central,Matale,Ukuwela,Dumbukola,
Central,Matale,Ukuwela,Ukuwela,
Central,Matale,Ukuwela,Udupitiya,
Central,Matale,Ukuwela,Kalalpitiya,
Central,Matale,Ukuwela,Balakaduwa,
Central,Matale,Ukuwela,Bowatta,
Central,Matale,Ukuwela,Manaboda,
Central,Matale,Ukuwela,Paragahawela,
Central,Matale,Ukuwela,Udathenna,
Central,Matale,Ukuwela,Hunuketawala,
Central,Matale,Ukuwela,Leliambe,
Central,Matale,Ukuwela,Elkaduwa Watta,
Central,Matale,Ukuwela,Elkaduwa,
Central,Matale,Ukuwela,Udangamuwa,
Central,Matale,Ukuwela,Kendagollamada,
Central,Matale,Ukuwela,Wehigala,
Central,Matale,Ukuwela,Rathwatta,
Central,Matale,Ukuwela,Weligala,
Central,Matale,Ukuwela,Kureewela,
Central,Matale,Ukuwela,Maberiya,
Central,Matale,Ukuwela,Marukona,
Central,Matale,Ukuwela,Gurulawela South,
Central,Matale,Ukuwela,Gurulawela North,
Central,Matale,Ukuwela,Nugapitiya,
Central,Matale,Ukuwela,Kandemada,
Central,Matale,Ukuwela,Ulpathapitiya,
Central,Matale,Ukuwela,Raithalawela,
Central,Matale,Ukuwela,Kaduwela,
Central,Matale,Ukuwela,Pujagoda,
Central,Matale,Ukuwela,Pahala Wehigala,
Central,Matale,Ukuwela,Talingamada,
Central,Matale,Ukuwela,Hunnasgiriyawatta,
Central,Matale,Ukuwela,Karagahahinna,
Central,Matale,Ukuwela,Imbulpitiya,
Central,Matale,Ukuwela,Rangama,
Central,Nuwara Eliya,Kothmale,Doruwadeniya,
Central,Nuwara Eliya,Kothmale,Polwathura,
Central,Nuwara Eliya,Kothmale,Pahala Gorakaoya,
Central,Nuwara Eliya,Kothmale,Dambagolla,
Central,Nuwara Eliya,Kothmale,Nayapana,
Central,Nuwara Eliya,Kothmale,Kadadora,
Central,Nuwara Eliya,Kothmale,Kotagepitiya North,
Central,Nuwara Eliya,Kothmale,Nawa Morape,
Central,Nuwara Eliya,Kothmale,Nawa Kadadora,
Central,Nuwara Eliya,Kothmale,Deltagemunupura,
Central,Nuwara Eliya,Kothmale,Hellboda,
Central,Nuwara Eliya,Kothmale,Karagasthalawa,
Central,Nuwara Eliya,Kothmale,Frotoft,
Central,Nuwara Eliya,Kothmale,Ramboda,
Central,Nuwara Eliya,Kothmale,Sangilipalama,
Central,Nuwara Eliya,Kothmale,Panangammana,
Central,Nuwara Eliya,Kothmale,Katukithula,
Central,Nuwara Eliya,Kothmale,Helsirigama,
Central,Nuwara Eliya,Kothmale,Kothmalgama,
Central,Nuwara Eliya,Kothmale,Rajaela,
Central,Nuwara Eliya,Kothmale,Mawela East,
Central,Nuwara Eliya,Kothmale,Mawela West,
Central,Nuwara Eliya,Kothmale,Kotagepitiya South,
Central,Nuwara Eliya,Kothmale,Ranwanthalawa,
Central,Nuwara Eliya,Kothmale,Thispane Kanda,
Central,Nuwara Eliya,Kothmale,Harangala,
Central,Nuwara Eliya,Kothmale,Hapugasthalawa,
Central,Nuwara Eliya,Kothmale,Kaludemada,
Central,Nuwara Eliya,Kothmale,Ihala Gorakaoya,
Central,Nuwara Eliya,Kothmale,Mallanda,
Central,Nuwara Eliya,Kothmale,Ruwanpura,
Central,Nuwara Eliya,Kothmale,Werella Pathana,
Central,Nuwara Eliya,Kothmale,Halgolla,
Central,Nuwara Eliya,Kothmale,Harangala South,
Central,Nuwara Eliya,Kothmale,Kirimetiyawa,
Central,Nuwara Eliya,Kothmale,Hunugaloya,
Central,Nuwara Eliya,Kothmale,Godamaditta,
Central,Nuwara Eliya,Kothmale,Wataddara,
Central,Nuwara Eliya,Kothmale,Maswela,
Central,Nuwara Eliya,Kothmale,Nawangama,
Central,Nuwara Eliya,Kothmale,Mawela Kanda,
Central,Nuwara Eliya,Kothmale,Wethalawa,
Central,Nuwara Eliya,Kothmale,Gomburuoya,
Central,Nuwara Eliya,Kothmale,Wewahinna,
Central,Nuwara Eliya,Kothmale,Delunthalamada,
Central,Nuwara Eliya,Kothmale,Ambathalawa,
Central,Nuwara Eliya,Kothmale,Malhewa,
Central,Nuwara Eliya,Kothmale,Rambodagama,
Central,Nuwara Eliya,Kothmale,Wedamulla,
Central,Nuwara Eliya,Kothmale,Palagolla,
Central,Nuwara Eliya,Kothmale,Niyamgamdora,
Central,Nuwara Eliya,Kothmale,Hedunuwewa,
Central,Nuwara Eliya,Kothmale,Kalapitiya East,
Central,Nuwara Eliya,Kothmale,Kottunugoda,
Central,Nuwara Eliya,Kothmale,Kalapitiya West,
Central,Nuwara Eliya,Kothmale,Weerasekarapura,
Central,Nuwara Eliya,Kothmale,Rojersangama South,
Central,Nuwara Eliya,Kothmale,Rojersangama North,
Central,Nuwara Eliya,Kothmale,Dombagasthalawa,
Central,Nuwara Eliya,Kothmale,Katugolla,
Central,Nuwara Eliya,Kothmale,Thelissagala,
Central,Nuwara Eliya,Kothmale,Ketabulawa,
Central,Nuwara Eliya,Kothmale,Wijayabahu Kanda,
Central,Nuwara Eliya,Kothmale,Rawanagoda West,
Central,Nuwara Eliya,Kothmale,Udagama,
Central,Nuwara Eliya,Kothmale,Rawanagoda East,
Central,Nuwara Eliya,Kothmale,Methagama,
Central,Nuwara Eliya,Kothmale,Maldeniya,
Central,Nuwara Eliya,Kothmale,Katarandana,
Central,Nuwara Eliya,Kothmale,Kirindiwela,
Central,Nuwara Eliya,Kothmale,Kumbaloluwa,
Central,Nuwara Eliya,Kothmale,Medakanda,
Central,Nuwara Eliya,Kothmale,Egodawela,
Central,Nuwara Eliya,Kothmale,Pundaluoya North,
Central,Nuwara Eliya,Kothmale,Labukele,
Central,Nuwara Eliya,Kothmale,Kudaoya,
Central,Nuwara Eliya,Kothmale,Samaneliya,
Central,Nuwara Eliya,Kothmale,Kikiliyamana,
Central,Nuwara Eliya,Kothmale,Dunsinane,
Central,Nuwara Eliya,Kothmale,Sheen,
Central,Nuwara Eliya,Kothmale,Sheengama,
Central,Nuwara Eliya,Kothmale,Pundaluoya South,
Central,Nuwara Eliya,Kothmale,Kadadorapitiya,
Central,Nuwara Eliya,Kothmale,Kosgaha Pathana,
Central,Nuwara Eliya,Kothmale,Karagahayatathenna,
Central,Nuwara Eliya,Kothmale,Bogahawela,
Central,Nuwara Eliya,Kothmale,Halpola,
Central,Nuwara Eliya,Kothmale,Madakumbura,
Central,Nuwara Eliya,Kothmale,Beramana,
Central,Nuwara Eliya,Kothmale,Beramana North,
Central,Nuwara Eliya,Kothmale,Kolapathana,
Central,Nuwara Eliya,Kothmale,Queensberry,
Central,Nuwara Eliya,Kothmale,Beramana South,
Central,Nuwara Eliya,Kothmale,Weerapura,
Central,Nuwara Eliya,Kothmale,Dunukedeniya,
Central,Nuwara Eliya,Kothmale,Medakumbura North,
Central,Nuwara Eliya,Hanguranketha,Hingurukaduwa,
Central,Nuwara Eliya,Hanguranketha,Ambewela,
Central,Nuwara Eliya,Hanguranketha,Welikada,
Central,Nuwara Eliya,Hanguranketha,Idamalanda,
Central,Nuwara Eliya,Hanguranketha,Adikarigama,
Central,Nuwara Eliya,Hanguranketha,Karalliyadda,
Central,Nuwara Eliya,Hanguranketha,Bogahalanda,
Central,Nuwara Eliya,Hanguranketha,Hakuruthale,
Central,Nuwara Eliya,Hanguranketha,Maliyadda,
Central,Nuwara Eliya,Hanguranketha,Mirahampe,
Central,Nuwara Eliya,Hanguranketha,Pussalamankada,
Central,Nuwara Eliya,Hanguranketha,Yati Hanguranketha,
Central,Nuwara Eliya,Hanguranketha,Delgahapitiya,
Central,Nuwara Eliya,Hanguranketha,Sangaraja Gama,
Central,Nuwara Eliya,Hanguranketha,Mudunapita,
Central,Nuwara Eliya,Hanguranketha,Ganga Udagama,
Central,Nuwara Eliya,Hanguranketha,Malulla,
Central,Nuwara Eliya,Hanguranketha,Udawatta East,
Central,Nuwara Eliya,Hanguranketha,Hilpenkandura,
Central,Nuwara Eliya,Hanguranketha,Galauda North,
Central,Nuwara Eliya,Hanguranketha,Endiribedda,
Central,Nuwara Eliya,Hanguranketha,Happawara,
Central,Nuwara Eliya,Hanguranketha,Galauda South,
Central,Nuwara Eliya,Hanguranketha,Udakanda,
Central,Nuwara Eliya,Hanguranketha,Udawatta West,
Central,Nuwara Eliya,Hanguranketha,Udawatta Kumbura,
Central,Nuwara Eliya,Hanguranketha,Pallemaluwa,
Central,Nuwara Eliya,Hanguranketha,Hanguranketha,
Central,Nuwara Eliya,Hanguranketha,Damunumeya North,
Central,Nuwara Eliya,Hanguranketha,Arattana,
Central,Nuwara Eliya,Hanguranketha,Ambaliyadda,
Central,Nuwara Eliya,Hanguranketha,Dampola,
Central,Nuwara Eliya,Hanguranketha,Rekitipe,
Central,Nuwara Eliya,Hanguranketha,Hapuwala,
Central,Nuwara Eliya,Hanguranketha,Dolugala,
Central,Nuwara Eliya,Hanguranketha,Deliwala,
Central,Nuwara Eliya,Hanguranketha,Madanwala,
Central,Nuwara Eliya,Hanguranketha,Damunumeya,
Central,Nuwara Eliya,Hanguranketha,Kottala,
Central,Nuwara Eliya,Hanguranketha,Diya - Udagama,
Central,Nuwara Eliya,Hanguranketha,Uda Galauda,
Central,Nuwara Eliya,Hanguranketha,Illagolla,
Central,Nuwara Eliya,Hanguranketha,Rammalakandura,
Central,Nuwara Eliya,Hanguranketha,Moragolla,
Central,Nuwara Eliya,Hanguranketha,Dodamkumbura,
Central,Nuwara Eliya,Hanguranketha,Walalawela,
Central,Nuwara Eliya,Hanguranketha,Rathmetiya,
Central,Nuwara Eliya,Hanguranketha,Hapugasdeniya,
Central,Nuwara Eliya,Hanguranketha,Diggalpotta,
Central,Nuwara Eliya,Hanguranketha,Unanthenna,
Central,Nuwara Eliya,Hanguranketha,Kosgaha Debala,
Central,Nuwara Eliya,Hanguranketha,Warapitiya,
Central,Nuwara Eliya,Hanguranketha,Medagama,
Central,Nuwara Eliya,Hanguranketha,Bowala,
Central,Nuwara Eliya,Hanguranketha,Kithulpe,
Central,Nuwara Eliya,Hanguranketha,Makempe,
Central,Nuwara Eliya,Hanguranketha,Puranagama,
Central,Nuwara Eliya,Hanguranketha,Ekiriya,
Central,Nuwara Eliya,Hanguranketha,Poramadulla,
Central,Nuwara Eliya,Hanguranketha,Labuhena,
Central,Nuwara Eliya,Hanguranketha,Udawela Pathana,
Central,Nuwara Eliya,Hanguranketha,Welampagoda,
Central,Nuwara Eliya,Hanguranketha,Denike,
Central,Nuwara Eliya,Hanguranketha,Rikillagaskada,
Central,Nuwara Eliya,Hanguranketha,Alawattegama,
Central,Nuwara Eliya,Hanguranketha,Uda Makuruppa,
Central,Nuwara Eliya,Hanguranketha,Palle Makuruppa,
Central,Nuwara Eliya,Hanguranketha,Bogamuwa,
Central,Nuwara Eliya,Hanguranketha,Dimbulkumbura,
Central,Nuwara Eliya,Hanguranketha,Bodhiwela,
Central,Nuwara Eliya,Hanguranketha,Pallewela,
Central,Nuwara Eliya,Hanguranketha,Kaluattanagolla,
Central,Nuwara Eliya,Hanguranketha,Wadawala,
Central,Nuwara Eliya,Hanguranketha,Udalumada,
Central,Nuwara Eliya,Hanguranketha,Bulugahapitiya,
Central,Nuwara Eliya,Hanguranketha,Wegama,
Central,Nuwara Eliya,Hanguranketha,Agappala,
Central,Nuwara Eliya,Hanguranketha,Bambaragama,
Central,Nuwara Eliya,Hanguranketha,Bambaragama East,
Central,Nuwara Eliya,Hanguranketha,Bambaragama West,
Central,Nuwara Eliya,Hanguranketha,Malanwatta,
Central,Nuwara Eliya,Hanguranketha,Gannewa Udagama,
Central,Nuwara Eliya,Hanguranketha,Gedereiyawa,
Central,Nuwara Eliya,Hanguranketha,Daraoya,
Central,Nuwara Eliya,Hanguranketha,Kirimetiya,
Central,Nuwara Eliya,Hanguranketha,Hope,
Central,Nuwara Eliya,Hanguranketha,Wetesthenna,
Central,Nuwara Eliya,Hanguranketha,Handawalapitiya,
Central,Nuwara Eliya,Hanguranketha,Karamidula,
Central,Nuwara Eliya,Hanguranketha,Madumana,
Central,Nuwara Eliya,Hanguranketha,Rahathungoda,
Central,Nuwara Eliya,Hanguranketha,Enasal Arawa,
Central,Nuwara Eliya,Hanguranketha,Kawatayamana,
Central,Nuwara Eliya,Hanguranketha,Ehelamalpe,
Central,Nuwara Eliya,Hanguranketha,Rathukurusa Janapadaya,
Central,Nuwara Eliya,Hanguranketha,Wilwala,
Central,Nuwara Eliya,Hanguranketha,Dehipe,
Central,Nuwara Eliya,Hanguranketha,Deniyagama,
Central,Nuwara Eliya,Hanguranketha,Bodhimalkada,
Central,Nuwara Eliya,Hanguranketha,Welapahala,
Central,Nuwara Eliya,Hanguranketha,Uda Padiyapelella,
Central,Nuwara Eliya,Hanguranketha,Okandagala,
Central,Nuwara Eliya,Hanguranketha,Rookwood Estate,
Central,Nuwara Eliya,Hanguranketha,Muloya,
Central,Nuwara Eliya,Hanguranketha,Rathyaya,
Central,Nuwara Eliya,Hanguranketha,Godigamuwa,
Central,Nuwara Eliya,Hanguranketha,Manakola,
Central,Nuwara Eliya,Hanguranketha,Marthuwela,
Central,Nuwara Eliya,Hanguranketha,Idampitiya,
Central,Nuwara Eliya,Hanguranketha,Mathurata,
Central,Nuwara Eliya,Hanguranketha,Udagama,
Central,Nuwara Eliya,Hanguranketha,Merrygoll,
Central,Nuwara Eliya,Hanguranketha,Ketayapathana,
Central,Nuwara Eliya,Hanguranketha,Gonakele,
Central,Nuwara Eliya,Hanguranketha,Gonapitiya,
Central,Nuwara Eliya,Hanguranketha,Bomellagoda,
Central,Nuwara Eliya,Hanguranketha,Dunukebedda,
Central,Nuwara Eliya,Hanguranketha,Wellagiriya,
Central,Nuwara Eliya,Hanguranketha,Ampitigoda,
Central,Nuwara Eliya,Hanguranketha,Wewathenna,
Central,Nuwara Eliya,Hanguranketha,Metibembiya,
Central,Nuwara Eliya,Hanguranketha,Goodwood,
Central,Nuwara Eliya,Hanguranketha,Hunukotuwa,
Central,Nuwara Eliya,Hanguranketha,Medawela,
Central,Nuwara Eliya,Hanguranketha,Labuhenwala,
Central,Nuwara Eliya,Hanguranketha,Ketahira,
Central,Nuwara Eliya,Hanguranketha,Deegalahinna,
Central,Nuwara Eliya,Hanguranketha,Elamulla,
Central,Nuwara Eliya,Hanguranketha,Udawela,
Central,Nuwara Eliya,Hanguranketha,Mandaram Nuwara,
Central,Nuwara Eliya,Hanguranketha,Malsara Nuwara,
Central,Nuwara Eliya,Walapane,Serasunthenna,
Central,Nuwara Eliya,Walapane,Morangathenna,
Central,Nuwara Eliya,Walapane,Hegasulla,
Central,Nuwara Eliya,Walapane,Bolagandawela,
Central,Nuwara Eliya,Walapane,Ambagahathenna,
Central,Nuwara Eliya,Walapane,Helagama,
Central,Nuwara Eliya,Walapane,Mallagama,
Central,Nuwara Eliya,Walapane,Dulana,
Central,Nuwara Eliya,Walapane,Galketiwela,
Central,Nuwara Eliya,Walapane,Ellakumbura,
Central,Nuwara Eliya,Walapane,Muganagahapitiya,
Central,Nuwara Eliya,Walapane,Hapugahapitiya,
Central,Nuwara Eliya,Walapane,Ketakandura,
Central,Nuwara Eliya,Walapane,Batagolla,
Central,Nuwara Eliya,Walapane,Thennehenwala,
Central,Nuwara Eliya,Walapane,Deliwela South,
Central,Nuwara Eliya,Walapane,Deliwala North,
Central,Nuwara Eliya,Walapane,Pannala,
Central,Nuwara Eliya,Walapane,Serupitiya,
Central,Nuwara Eliya,Walapane,Mailagasthenna,
Central,Nuwara Eliya,Walapane,Andawala,
Central,Nuwara Eliya,Walapane,Naranthalawa,
Central,Nuwara Eliya,Walapane,Ihala Pannala,
Central,Nuwara Eliya,Walapane,Wewakele,
Central,Nuwara Eliya,Walapane,Kumbalgamuwa,
Central,Nuwara Eliya,Walapane,Kumbalgamuwa East,
Central,Nuwara Eliya,Walapane,Mulhalkele,
Central,Nuwara Eliya,Walapane,Manelwala,
Central,Nuwara Eliya,Walapane,Wathumulla,
Central,Nuwara Eliya,Walapane,Kendagolla,
Central,Nuwara Eliya,Walapane,Arampitiya,
Central,Nuwara Eliya,Walapane,Yombuwelthenna,
Central,Nuwara Eliya,Walapane,Udawela,
Central,Nuwara Eliya,Walapane,Kalaganwatta,
Central,Nuwara Eliya,Walapane,Theripehe,
Central,Nuwara Eliya,Walapane,Udamadura North,
Central,Nuwara Eliya,Walapane,Galkadawela,
Central,Nuwara Eliya,Walapane,Yatimadura,
Central,Nuwara Eliya,Walapane,Kandeyaya,
Central,Nuwara Eliya,Walapane,Madulla North,
Central,Nuwara Eliya,Walapane,Thunhitiyawa,
Central,Nuwara Eliya,Walapane,Wewathenna,
Central,Nuwara Eliya,Walapane,Kosgolla,
Central,Nuwara Eliya,Walapane,Udamadura,
Central,Nuwara Eliya,Walapane,Ambanella,
Central,Nuwara Eliya,Walapane,Dabbare,
Central,Nuwara Eliya,Walapane,Nildandaheenna,
Central,Nuwara Eliya,Walapane,Rambuke,
Central,Nuwara Eliya,Walapane,Watambe,
Central,Nuwara Eliya,Walapane,Thibbatugoda,
Central,Nuwara Eliya,Walapane,Egodakanda,
Central,Nuwara Eliya,Walapane,Kandegama,
Central,Nuwara Eliya,Walapane,Walapane,
Central,Nuwara Eliya,Walapane,Kurunduoya,
Central,Nuwara Eliya,Walapane,Liyanwela Ihalagama,
Central,Nuwara Eliya,Walapane,Madumana,
Central,Nuwara Eliya,Walapane,Ilukpelessa,
Central,Nuwara Eliya,Walapane,Unagolla,
Central,Nuwara Eliya,Walapane,Liyanwela Pahalagama,
Central,Nuwara Eliya,Walapane,Medakandura,
Central,Nuwara Eliya,Walapane,Galabada,
Central,Nuwara Eliya,Walapane,Ambagaspitiya,
Central,Nuwara Eliya,Walapane,Munwatta,
Central,Nuwara Eliya,Walapane,Landupita,
Central,Nuwara Eliya,Walapane,Wetekegama,
Central,Nuwara Eliya,Walapane,Padiyapelella,
Central,Nuwara Eliya,Walapane,Napatawela,
Central,Nuwara Eliya,Walapane,Ukuthule,
Central,Nuwara Eliya,Walapane,Yatiwella,
Central,Nuwara Eliya,Walapane,Wetakepatha,
Central,Nuwara Eliya,Walapane,Ukuthule East,
Central,Nuwara Eliya,Walapane,Alakolawewa,
Central,Nuwara Eliya,Walapane,High Forest,
Central,Nuwara Eliya,Walapane,Mahakudugala,
Central,Nuwara Eliya,Walapane,Brookside,
Central,Nuwara Eliya,Walapane,High Forest,
Central,Nuwara Eliya,Walapane,Binganthalawa,
Central,Nuwara Eliya,Walapane,Maha Uva,
Central,Nuwara Eliya,Walapane,Werellapathana,
Central,Nuwara Eliya,Walapane,Thibbatugoda South,
Central,Nuwara Eliya,Walapane,Goradiyagolla,
Central,Nuwara Eliya,Walapane,Denambure,
Central,Nuwara Eliya,Walapane,Purankumbura,
Central,Nuwara Eliya,Walapane,Hegama,
Central,Nuwara Eliya,Walapane,Dambagolla,
Central,Nuwara Eliya,Walapane,Demataarawa,
Central,Nuwara Eliya,Walapane,Madulla South,
Central,Nuwara Eliya,Walapane,Morahela,
Central,Nuwara Eliya,Walapane,Meepanawa,
Central,Nuwara Eliya,Walapane,Roopaha East,
Central,Nuwara Eliya,Walapane,Pallewela,
Central,Nuwara Eliya,Walapane,Palugama,
Central,Nuwara Eliya,Walapane,Kotambe,
Central,Nuwara Eliya,Walapane,Karandagolla,
Central,Nuwara Eliya,Walapane,Udagama,
Central,Nuwara Eliya,Walapane,Kumbukwela,
Central,Nuwara Eliya,Walapane,Morabedda,
Central,Nuwara Eliya,Walapane,Harasbedda North,
Central,Nuwara Eliya,Walapane,Mahapathana,
Central,Nuwara Eliya,Walapane,Harasbedda South,
Central,Nuwara Eliya,Walapane,Palalpathana,
Central,Nuwara Eliya,Walapane,Rathnayakapura,
Central,Nuwara Eliya,Walapane,Ragala Watta,
Central,Nuwara Eliya,Walapane,Manthreethenna,
Central,Nuwara Eliya,Walapane,Pandithaya Kumbura,
Central,Nuwara Eliya,Walapane,Roopaha,
Central,Nuwara Eliya,Walapane,Mathetilla,
Central,Nuwara Eliya,Walapane,Embulampaha,
Central,Nuwara Eliya,Walapane,Maliyadda,
Central,Nuwara Eliya,Walapane,Kurupanawela,
Central,Nuwara Eliya,Walapane,Wathulanda East,
Central,Nuwara Eliya,Walapane,Wathulanda West,
Central,Nuwara Eliya,Walapane,Ambaliyadda,
Central,Nuwara Eliya,Walapane,Galkadapathana,
Central,Nuwara Eliya,Walapane,Senarathpura,
Central,Nuwara Eliya,Walapane,St. Leonard,
Central,Nuwara Eliya,Walapane,Ragala,
Central,Nuwara Eliya,Walapane,Ekangapura,
Central,Nuwara Eliya,Walapane,Samagipura,
Central,Nuwara Eliya,Walapane,Delmar,
Central,Nuwara Eliya,Walapane,Sooriyagahapathana Ihala,
Central,Nuwara Eliya,Walapane,Sooriyagahapathana Pahala,
Central,Nuwara Eliya,Walapane,Udapussellawa South,
Central,Nuwara Eliya,Walapane,St. Magret,
Central,Nuwara Eliya,Walapane,Udapussellawa North,
Central,Nuwara Eliya,Nuwara Eliya,Bogahawatta,
Central,Nuwara Eliya,Nuwara Eliya,Mount Vernon,
Central,Nuwara Eliya,Nuwara Eliya,Watagoda,
Central,Nuwara Eliya,Nuwara Eliya,Hollyrood,
Central,Nuwara Eliya,Nuwara Eliya,Great Western,
Central,Nuwara Eliya,Nuwara Eliya,Bangalahatha,
Central,Nuwara Eliya,Nuwara Eliya,Toppass,
Central,Nuwara Eliya,Nuwara Eliya,Park,
Central,Nuwara Eliya,Nuwara Eliya,Concordia,
Central,Nuwara Eliya,Nuwara Eliya,Kandapola,
Central,Nuwara Eliya,Nuwara Eliya,Kandapola Central,
Central,Nuwara Eliya,Nuwara Eliya,Hawaeliya East,
Central,Nuwara Eliya,Nuwara Eliya,Bambarakele,
Central,Nuwara Eliya,Nuwara Eliya,Nuwara Eliya West,
Central,Nuwara Eliya,Nuwara Eliya,Shanthipura,
Central,Nuwara Eliya,Nuwara Eliya,Kalapura,
Central,Nuwara Eliya,Nuwara Eliya,Bearwell,
Central,Nuwara Eliya,Nuwara Eliya,Thalawakele,
Central,Nuwara Eliya,Nuwara Eliya,Devon,
Central,Nuwara Eliya,Nuwara Eliya,Dimbula,
Central,Nuwara Eliya,Nuwara Eliya,Stonycliff,
Central,Nuwara Eliya,Nuwara Eliya,Kuduoya,
Central,Nuwara Eliya,Nuwara Eliya,Kotagala,
Central,Nuwara Eliya,Nuwara Eliya,Drayton,
Central,Nuwara Eliya,Nuwara Eliya,Yulefield,
Central,Nuwara Eliya,Nuwara Eliya,Coombewood,
Central,Nuwara Eliya,Nuwara Eliya,Lindula,
Central,Nuwara Eliya,Nuwara Eliya,Rathnagiriya,
Central,Nuwara Eliya,Nuwara Eliya,Waltrim,
Central,Nuwara Eliya,Nuwara Eliya,Summerset,
Central,Nuwara Eliya,Nuwara Eliya,Nanuoya,
Central,Nuwara Eliya,Nuwara Eliya,Windicorner,
Central,Nuwara Eliya,Nuwara Eliya,Nuwara Eliya,
Central,Nuwara Eliya,Nuwara Eliya,Nuwara Eliya Central,
Central,Nuwara Eliya,Nuwara Eliya,Hawaeliya North,
Central,Nuwara Eliya,Nuwara Eliya,Hawaeliya West,
Central,Nuwara Eliya,Nuwara Eliya,Bulu Ela,
Central,Nuwara Eliya,Nuwara Eliya,Galpalama,
Central,Nuwara Eliya,Nuwara Eliya,Jayalanka,
Central,Nuwara Eliya,Nuwara Eliya,Kandapola East,
Central,Nuwara Eliya,Nuwara Eliya,Pedro,
Central,Nuwara Eliya,Nuwara Eliya,Goredihela,
Central,Nuwara Eliya,Nuwara Eliya,Seethaeliya,
Central,Nuwara Eliya,Nuwara Eliya,Sandathenna,
Central,Nuwara Eliya,Nuwara Eliya,Kelegala,
Central,Nuwara Eliya,Nuwara Eliya,Kalukele,
Central,Nuwara Eliya,Nuwara Eliya,Magasthota,
Central,Nuwara Eliya,Nuwara Eliya,Ruwaneliya,
Central,Nuwara Eliya,Nuwara Eliya,Perakumpura,
Central,Nuwara Eliya,Nuwara Eliya,Kirimetiya,
Central,Nuwara Eliya,Nuwara Eliya,Nagasena,
Central,Nuwara Eliya,Nuwara Eliya,Eildonhall,
Central,Nuwara Eliya,Nuwara Eliya,Rahanwatta,
Central,Nuwara Eliya,Nuwara Eliya,Balmoral,
Central,Nuwara Eliya,Nuwara Eliya,Hallbrook,
Central,Nuwara Eliya,Nuwara Eliya,Henfold,
Central,Nuwara Eliya,Nuwara Eliya,Thangakele,
Central,Nuwara Eliya,Nuwara Eliya,Magoda,
Central,Nuwara Eliya,Nuwara Eliya,Mihindupura,
Central,Nuwara Eliya,Nuwara Eliya,Meepilimana,
Central,Nuwara Eliya,Nuwara Eliya,Ambewela,
Central,Nuwara Eliya,Nuwara Eliya,Pattipola,
Central,Nuwara Eliya,Nuwara Eliya,Lippakelle,
Central,Nuwara Eliya,Nuwara Eliya,Dayagama West,
Central,Nuwara Eliya,Nuwara Eliya,Sandrinham,
Central,Nuwara Eliya,Nuwara Eliya,Glasgow,
Central,Nuwara Eliya,Nuwara Eliya,Braemore,
Central,Nuwara Eliya,Nuwara Eliya,Albian,
Central,Nuwara Eliya,Nuwara Eliya,Elbedda,
Central,Nuwara Eliya,Nuwara Eliya,Agarapathana,
Central,Nuwara Eliya,Nuwara Eliya,Weverly,
Central,Nuwara Eliya,Nuwara Eliya,Dayagama East,
Central,Nuwara Eliya,Ambagamuwa,Kalugala,
Central,Nuwara Eliya,Ambagamuwa,Pitawala,
Central,Nuwara Eliya,Ambagamuwa,Bulathgama,
Central,Nuwara Eliya,Ambagamuwa,Gonawala,
Central,Nuwara Eliya,Ambagamuwa,Ambagamuwa North,
Central,Nuwara Eliya,Ambagamuwa,Sellipigama,
Central,Nuwara Eliya,Ambagamuwa,Ambagamuwa East,
Central,Nuwara Eliya,Ambagamuwa,Ambagamuwa South,
Central,Nuwara Eliya,Ambagamuwa,Rampadeniya,
Central,Nuwara Eliya,Ambagamuwa,Millagahamula,
Central,Nuwara Eliya,Ambagamuwa,Dagampitiya,
Central,Nuwara Eliya,Ambagamuwa,Polpitiya,
Central,Nuwara Eliya,Ambagamuwa,Minuwandeniya,
Central,Nuwara Eliya,Ambagamuwa,Hitigegama,
Central,Nuwara Eliya,Ambagamuwa,Kehelwarawa,
Central,Nuwara Eliya,Ambagamuwa,Homagama,
Central,Nuwara Eliya,Ambagamuwa,Hebbekanda,
Central,Nuwara Eliya,Ambagamuwa,Samansirigama,
Central,Nuwara Eliya,Ambagamuwa,Theeniyagala,
Central,Nuwara Eliya,Ambagamuwa,Ginigathhena,
Central,Nuwara Eliya,Ambagamuwa,Dehigasthenna,
Central,Nuwara Eliya,Ambagamuwa,Kalaweldeniya,
Central,Nuwara Eliya,Ambagamuwa,Morahenagama,
Central,Nuwara Eliya,Ambagamuwa,Hangarapitiya,
Central,Nuwara Eliya,Ambagamuwa,Jambuthenna,
Central,Nuwara Eliya,Ambagamuwa,Kottellena,
Central,Nuwara Eliya,Ambagamuwa,Waggama,
Central,Nuwara Eliya,Ambagamuwa,Lakshapana,
Central,Nuwara Eliya,Ambagamuwa,Kiriwaneliya,
Central,Nuwara Eliya,Ambagamuwa,Vidulipura South,
Central,Nuwara Eliya,Ambagamuwa,Vidulipura North,
Central,Nuwara Eliya,Ambagamuwa,Watawala,
Central,Nuwara Eliya,Ambagamuwa,Rosella,
Central,Nuwara Eliya,Ambagamuwa,Welioya,
Central,Nuwara Eliya,Ambagamuwa,Maussakele,
Central,Nuwara Eliya,Ambagamuwa,Lethant,
Central,Nuwara Eliya,Ambagamuwa,Shanon,
Central,Nuwara Eliya,Ambagamuwa,Hatton East,
Central,Nuwara Eliya,Ambagamuwa,Hatton South,
Central,Nuwara Eliya,Ambagamuwa,Panmur,
Central,Nuwara Eliya,Ambagamuwa,Ruwanpura,
Central,Nuwara Eliya,Ambagamuwa,Hatton West,
Central,Nuwara Eliya,Ambagamuwa,Hatton North,
Central,Nuwara Eliya,Ambagamuwa,Dickoya,
Central,Nuwara Eliya,Ambagamuwa,Annfield,
Central,Nuwara Eliya,Ambagamuwa,Dickoya South,
Central,Nuwara Eliya,Ambagamuwa,Injustry,
Central,Nuwara Eliya,Ambagamuwa,Wanarajah,
Central,Nuwara Eliya,Ambagamuwa,Newvalleygama,
Central,Nuwara Eliya,Ambagamuwa,Norwood,
Central,Nuwara Eliya,Ambagamuwa,Maskeliya,
Central,Nuwara Eliya,Ambagamuwa,Brownlow,
Central,Nuwara Eliya,Ambagamuwa,Seethagangula,
Central,Nuwara Eliya,Ambagamuwa,Moray,
Central,Nuwara Eliya,Ambagamuwa,Mocha,
Central,Nuwara Eliya,Ambagamuwa,Brownswick,
Central,Nuwara Eliya,Ambagamuwa,Gawarawila,
Central,Nuwara Eliya,Ambagamuwa,Mahanelu,
Central,Nuwara Eliya,Ambagamuwa,Venture,
Central,Nuwara Eliya,Ambagamuwa,Tillary,
Central,Nuwara Eliya,Ambagamuwa,Kirkoswald,
Central,Nuwara Eliya,Ambagamuwa,Bogawana,
Central,Nuwara Eliya,Ambagamuwa,Loinon,
Central,Nuwara Eliya,Ambagamuwa,Kotiyagala,
Central,Nuwara Eliya,Ambagamuwa,Bagawanthalawa South,
Central,Nuwara Eliya,Ambagamuwa,Aulton Watta,
Central,Nuwara Eliya,Ambagamuwa,Strathspey,