Western,Colombo,Colombo,Sammanthranapura
Western,Colombo,Colombo,Mattakkuliya
Western,Colombo,Colombo,Modara
Western,Colombo,Colombo,Madampitiya
Western,Colombo,Colombo,Mahawatta
Western,Colombo,Colombo,Aluthmawatha
Western,Colombo,Colombo,Lunupokuna
Western,Colombo,Colombo,Bloemendhal
Western,Colombo,Colombo,Kotahena East
Western,Colombo,Colombo,Kotahena West
Western,Colombo,Colombo,Kochchikade North
Western,Colombo,Colombo,Jinthupitiya
Western,Colombo,Colombo,Masangasweediya
Western,Colombo,Colombo,New Bazaar
Western,Colombo,Colombo,Grandpass South
Western,Colombo,Colombo,Grandpass North
Western,Colombo,Colombo,Nawagampura
Western,Colombo,Colombo,Maligawatta East
Western,Colombo,Colombo,Khettarama
Western,Colombo,Colombo,Aluthkade East
Western,Colombo,Colombo,Aluthkade West
Western,Colombo,Colombo,Kochchikade South
Western,Colombo,Colombo,Pettah
Western,Colombo,Colombo,Fort
Western,Colombo,Colombo,Galle Face
Western,Colombo,Colombo,Slave Island
Western,Colombo,Colombo,Hunupitiya
Western,Colombo,Colombo,Suduwella
Western,Colombo,Colombo,Keselwatta
Western,Colombo,Colombo,Panchikawatta
Western,Colombo,Colombo,Maligawatta West
Western,Colombo,Colombo,Maligakanda
Western,Colombo,Colombo,Maradana
Western,Colombo,Colombo,Ibbanwala
Western,Colombo,Colombo,Wekanda
Western,Colombo,Kolonnawa,Wadulla
Western,Colombo,Kolonnawa,Sedawatta
Western,Colombo,Kolonnawa,Halmulla
Western,Colombo,Kolonnawa,Kotuvila
Western,Colombo,Kolonnawa,Veheragoda
Western,Colombo,Kolonnawa,Orugodawatta
Western,Colombo,Kolonnawa,Meethotamulla
Western,Colombo,Kolonnawa,Welewatta
Western,Colombo,Kolonnawa,Kittampahuwa
Western,Colombo,Kolonnawa,Wennawatta
Western,Colombo,Kolonnawa,Maha Buthgamuwa B
Western,Colombo,Kolonnawa,Kuda Buthgamuwa
Western,Colombo,Kolonnawa,Kelanimulla
Western,Colombo,Kolonnawa,Ambathale
Western,Colombo,Kolonnawa,Mulleriyawa North
Western,Colombo,Kolonnawa,Belagama
Western,Colombo,Kolonnawa,Kotikawatta East
Western,Colombo,Kolonnawa,Maha Buthgamuwa A
Western,Colombo,Kolonnawa,Maha Buthgamuwa C
Western,Colombo,Kolonnawa,Wellampitiya
Western,Colombo,Kolonnawa,Kuruniyawatta
Western,Colombo,Kolonnawa,Kolonnawa
Western,Colombo,Kolonnawa,Dahampura
Western,Colombo,Kolonnawa,Singhapura
Western,Colombo,Kolonnawa,Megoda Kolonnawa
Western,Colombo,Kolonnawa,Bopetta
Western,Colombo,Kolonnawa,Batalandahena
Western,Colombo,Kolonnawa,Kotikawatta West
Western,Colombo,Kolonnawa,Mulleriyawa South
Western,Colombo,Kolonnawa,Malgama
Western,Colombo,Kolonnawa,Udumulla North
Western,Colombo,Kolonnawa,Maligagodella
Western,Colombo,Kolonnawa,Rajasinghagama
Western,Colombo,Kolonnawa,Udumulla South
Western,Colombo,Kolonnawa,Himbutana East
Western,Colombo,Kolonnawa,Himbutana West
Western,Colombo,Kolonnawa,Malpura
Western,Colombo,Kolonnawa,Gothatuwa New Town
Western,Colombo,Kolonnawa,Kajugahawatta
Western,Colombo,Kolonnawa,Gothatuwa
Western,Colombo,Kolonnawa,Salamulla
Western,Colombo,Kolonnawa,Wijayapura
Western,Colombo,Kolonnawa,Gajabapura
Western,Colombo,Kolonnawa,Madinnagoda
Western,Colombo,Kolonnawa,Elhena
Western,Colombo,Kolonnawa,Dodamgahahena
Western,Colombo,Kaduwela,Welivita
Western,Colombo,Kaduwela,Raggahawatta
Western,Colombo,Kaduwela,Hewagama
Western,Colombo,Kaduwela,Kaduwela
Western,Colombo,Kaduwela,Pahala Bomiriya
Western,Colombo,Kaduwela,Ihala Bomiriya
Western,Colombo,Kaduwela,Wekewatta
Western,Colombo,Kaduwela,Nawagamuwa
Western,Colombo,Kaduwela,Pahala Bomiriya B
Western,Colombo,Kaduwela,Welihinda
Western,Colombo,Kaduwela,Kothalawala
Western,Colombo,Kaduwela,Mahadeniya
Western,Colombo,Kaduwela,Thalahena North
Western,Colombo,Kaduwela,Malabe North
Western,Colombo,Kaduwela,Thunadahena
Western,Colombo,Kaduwela,Korathota
Western,Colombo,Kaduwela,Nawagamuwa South
Western,Colombo,Kaduwela,Batewela
Western,Colombo,Kaduwela,Ranala
Western,Colombo,Kaduwela,Dedigamuwa
Western,Colombo,Kaduwela,Embilladeniya
Western,Colombo,Kaduwela,Welipillewa
Western,Colombo,Kaduwela,Shanthalokagama
Western,Colombo,Kaduwela,Pore
Western,Colombo,Kaduwela,Malabe East
Western,Colombo,Kaduwela,Malabe West
Western,Colombo,Kaduwela,Thalangama North B
Western,Colombo,Kaduwela,Thalahena South
Western,Colombo,Kaduwela,Muttettugoda
Western,Colombo,Kaduwela,Thalangama North A
Western,Colombo,Kaduwela,Walpola
Western,Colombo,Kaduwela,Kalapaluwawa
Western,Colombo,Kaduwela,Kotuwegoda
Western,Colombo,Kaduwela,Subhoothipura
Western,Colombo,Kaduwela,Udumulla
Western,Colombo,Kaduwela,Battaramulla North
Western,Colombo,Kaduwela,Batapotha
Western,Colombo,Kaduwela,Pothuarawa
Western,Colombo,Kaduwela,Hokandara North
Western,Colombo,Kaduwela,Oruwala
Western,Colombo,Kaduwela,Athurugiriya
Western,Colombo,Kaduwela,Thaldiyawala
Western,Colombo,Kaduwela,Boralugoda
Western,Colombo,Kaduwela,Hokandara East
Western,Colombo,Kaduwela,Arangala
Western,Colombo,Kaduwela,Evarihena
Western,Colombo,Kaduwela,Kumaragewatta
Western,Colombo,Kaduwela,Jayawadanagama
Western,Colombo,Kaduwela,Aruppitiya
Western,Colombo,Kaduwela,Asiri Uyana
Western,Colombo,Kaduwela,Battaramulla South
Western,Colombo,Kaduwela,Rajamalwatta
Western,Colombo,Kaduwela,Pahalawela
Western,Colombo,Kaduwela,Wickramasinghapura
Western,Colombo,Kaduwela,Wellangiriya
Western,Colombo,Kaduwela,Hokandara South
Western,Colombo,Kaduwela,Athurugiriya South
Western,Colombo,Homagama,Jalthara
Western,Colombo,Homagama,Henpita
Western,Colombo,Homagama,Atigala West
Western,Colombo,Homagama,Atigala East
Western,Colombo,Homagama,Batawala
Western,Colombo,Homagama,Walpita
Western,Colombo,Homagama,Nawalamulla
Western,Colombo,Homagama,Meegasmulla
Western,Colombo,Homagama,Habarakada North
Western,Colombo,Homagama,Mullegama North
Western,Colombo,Homagama,Mullegama South
Western,Colombo,Homagama,Habarakada South
Western,Colombo,Homagama,Panagoda Town
Western,Colombo,Homagama,Henawatta
Western,Colombo,Homagama,Meegoda North
Western,Colombo,Homagama,Panaluwa
Western,Colombo,Homagama,Watareka North
Western,Colombo,Homagama,Meegoda South
Western,Colombo,Homagama,Godagama North
Western,Colombo,Homagama,Panagoda West
Western,Colombo,Homagama,Panagoda East
Western,Colombo,Homagama,Habarakada Watta
Western,Colombo,Homagama,Homagama North
Western,Colombo,Homagama,Homagama West
Western,Colombo,Homagama,Homagama South
Western,Colombo,Homagama,Galavilawatta North
Western,Colombo,Homagama,Homagama Town
Western,Colombo,Homagama,Homagama East
Western,Colombo,Homagama,Pitipana Town
Western,Colombo,Homagama,Godagama South
Western,Colombo,Homagama,Kurunduwatta
Western,Colombo,Homagama,Gehenuwala
Western,Colombo,Homagama,Watareka South
Western,Colombo,Homagama,Ovitigama
Western,Colombo,Homagama,Kandanawatta
Western,Colombo,Homagama,Kiriberiyakele
Western,Colombo,Homagama,Mawathgama
Western,Colombo,Homagama,Katuwana
Western,Colombo,Homagama,Galavilawatta South
Western,Colombo,Homagama,Niyandagala
Western,Colombo,Homagama,Hiripitiya
Western,Colombo,Homagama,Mambulgoda
Western,Colombo,Homagama,Kithulhena
Western,Colombo,Homagama,Siddamulla North
Western,Colombo,Homagama,Siddamulla South
Western,Colombo,Homagama,Mattegoda West
Western,Colombo,Homagama,Mattegoda Central 'A'
Western,Colombo,Homagama,Mattegoda East
Western,Colombo,Homagama,Brahmanagama
Western,Colombo,Homagama,Deepangoda
Western,Colombo,Homagama,Magammana West
Western,Colombo,Homagama,Magammana East
Western,Colombo,Homagama,Uduwana
Western,Colombo,Homagama,Prasannapura
Western,Colombo,Homagama,Pitipana North
Western,Colombo,Homagama,Suwapubudugama
Western,Colombo,Homagama,Pitipana South
Western,Colombo,Homagama,Dolahena
Western,Colombo,Homagama,Diyagama East
Western,Colombo,Homagama,Diyagama West
Western,Colombo,Homagama,Kirigampamunuwa
Western,Colombo,Homagama,Mattegoda Central 'B'
Western,Colombo,Homagama,Siyambalagoda North
Western,Colombo,Homagama,Kudamaduwa
Western,Colombo,Homagama,Sangharama
Western,Colombo,Homagama,Siyambalagoda South
Western,Colombo,Homagama,Rilawala
Western,Colombo,Homagama,Kahathuduwa West
Western,Colombo,Homagama,Kiriwattuduwa South
Western,Colombo,Homagama,Kiriwattuduwa North
Western,Colombo,Homagama,Moonamale - Yakahaluwa
Western,Colombo,Homagama,Kithulavila
Western,Colombo,Homagama,Kahathuduwa North
Western,Colombo,Homagama,Kahathuduwa East
Western,Colombo,Homagama,Kahathuduwa South
Western,Colombo,Homagama,Undurugoda
Western,Colombo,Homagama,Wethara
Western,Colombo,Homagama,Ambalangoda
Western,Colombo,Homagama,Heraliyawala
Western,Colombo,Homagama,Palagama
Western,Colombo,Homagama,Weniwelkola
Western,Colombo,Seethawaka,Bollathawa
Western,Colombo,Seethawaka,Kanampella West
Western,Colombo,Seethawaka,Kanampella East
Western,Colombo,Seethawaka,Manakada
Western,Colombo,Seethawaka,Eswatta North
Western,Colombo,Seethawaka,Kiriwandala North
Western,Colombo,Seethawaka,Kudagama
Western,Colombo,Seethawaka,Weralupitiya
Western,Colombo,Seethawaka,Seethagama
Western,Colombo,Seethawaka,Avissawella
Western,Colombo,Seethawaka,Ukwatta
Western,Colombo,Seethawaka,Agra Pedesa
Western,Colombo,Seethawaka,Eswatta South
Western,Colombo,Seethawaka,Ihala Kosgama North
Western,Colombo,Seethawaka,Thawalgoda
Western,Colombo,Seethawaka,Muruthagama
Western,Colombo,Seethawaka,Akaravita
Western,Colombo,Seethawaka,Kahatapitiya
Western,Colombo,Seethawaka,Kalu Aggala
Western,Colombo,Seethawaka,Salawa
Western,Colombo,Seethawaka,Pahala Kosgama West
Western,Colombo,Seethawaka,Pahala Kosgama East
Western,Colombo,Seethawaka,Ihala Kosgama South
Western,Colombo,Seethawaka,Miriswatta
Western,Colombo,Seethawaka,Aluth Ambalama
Western,Colombo,Seethawaka,Kiriwandala South
Western,Colombo,Seethawaka,Kotahera
Western,Colombo,Seethawaka,Seethawaka
Western,Colombo,Seethawaka,Aradhana Kanda
Western,Colombo,Seethawaka,Puwakpitiya South
Western,Colombo,Seethawaka,Puwakpitiya
Western,Colombo,Seethawaka,Egodagama
Western,Colombo,Seethawaka,Weragolla North
Western,Colombo,Seethawaka,Hingurala
Western,Colombo,Seethawaka,Kadugoda North
Western,Colombo,Seethawaka,Mawalgama
Western,Colombo,Seethawaka,Suduwella
Western,Colombo,Seethawaka,Gira Imbula
Western,Colombo,Seethawaka,Walawwatta
Western,Colombo,Seethawaka,Pahala Hanwella
Western,Colombo,Seethawaka,Hanwella Town
Western,Colombo,Seethawaka,Ihala Hanwella North
Western,Colombo,Seethawaka,Niripola
Western,Colombo,Seethawaka,Brandigampala
Western,Colombo,Seethawaka,Kadugoda South
Western,Colombo,Seethawaka,Weragolla South
Western,Colombo,Seethawaka,Digana
Western,Colombo,Seethawaka,Lahirugama
Western,Colombo,Seethawaka,Mambula
Western,Colombo,Seethawaka,Welikanna
Western,Colombo,Seethawaka,Kahahena
Western,Colombo,Seethawaka,Neluwattuduwa
Western,Colombo,Seethawaka,Diddeniya North
Western,Colombo,Seethawaka,Ihala Hanwella South
Western,Colombo,Seethawaka,Pahathgama
Western,Colombo,Seethawaka,Jayaweeragoda
Western,Colombo,Seethawaka,Koodaluvila
Western,Colombo,Seethawaka,Thunnana East
Western,Colombo,Seethawaka,Diddeniya South
Western,Colombo,Seethawaka,Elamalawala
Western,Colombo,Seethawaka,Ilukovita
Western,Colombo,Seethawaka,Koswatta
Western,Colombo,Seethawaka,Pagngnagula
Western,Colombo,Seethawaka,Pelpola
Western,Colombo,Seethawaka,Kudakanda
Western,Colombo,Seethawaka,Thunnana West
Western,Colombo,Seethawaka,Mawathagama West
Western,Colombo,Seethawaka,Mawathagama East
Western,Colombo,Padukka,Pinnawala North
Western,Colombo,Padukka,Pinnawala South
Western,Colombo,Padukka,Waga North
Western,Colombo,Padukka,Waga East
Western,Colombo,Padukka,Thummodara
Western,Colombo,Padukka,Waga South
Western,Colombo,Padukka,Siyambalawa
Western,Colombo,Padukka,Pahala Bope
Western,Colombo,Padukka,Halpe
Western,Colombo,Padukka,Waga West
Western,Colombo,Padukka,Uggalla
Western,Colombo,Padukka,Wewelpanawa
Western,Colombo,Padukka,Pitumpe North
Western,Colombo,Padukka,Pitumpe South
Western,Colombo,Padukka,Galagedara East
Western,Colombo,Padukka,Galagedara North
Western,Colombo,Padukka,Galagedara South
Western,Colombo,Padukka,Padukka
Western,Colombo,Padukka,Arukwatta North
Western,Colombo,Padukka,Arukwatta South
Western,Colombo,Padukka,Ganegoda
Western,Colombo,Padukka,Angampitiya
Western,Colombo,Padukka,Weragala
Western,Colombo,Padukka,Angamuwa
Western,Colombo,Padukka,Udumulla
Western,Colombo,Padukka,Poregedara
Western,Colombo,Padukka,Pahala Padukka
Western,Colombo,Padukka,Liyanwala
Western,Colombo,Padukka,Kurugala
Western,Colombo,Padukka,Madulawa South
Western,Colombo,Padukka,Madulawa North
Western,Colombo,Padukka,Horakandawala
Western,Colombo,Padukka,Dampe
Western,Colombo,Padukka,Beruketiya
Western,Colombo,Padukka,Horagala West
Western,Colombo,Padukka,Horagala East
Western,Colombo,Padukka,Beliattavila
Western,Colombo,Padukka,Miriyagalla
Western,Colombo,Padukka,Malagala
Western,Colombo,Padukka,Kahawala
Western,Colombo,Padukka,Yatawathura
Western,Colombo,Padukka,Mahingala
Western,Colombo,Padukka,Ihala Bope
Western,Colombo,Padukka,Gurulana
Western,Colombo,Padukka,Udagama
Western,Colombo,Padukka,Dambora
Western,Colombo,Maharagama,Mirihana South
Western,Colombo,Maharagama,Mirihana North
Western,Colombo,Maharagama,Madiwela
Western,Colombo,Maharagama,Thalawathugoda West
Western,Colombo,Maharagama,Thalawathugoda East
Western,Colombo,Maharagama,Kalalgoda
Western,Colombo,Maharagama,Kottawa East
Western,Colombo,Maharagama,Rukmale West
Western,Colombo,Maharagama,Rukmale East A
Western,Colombo,Maharagama,Rukmale East B
Western,Colombo,Maharagama,Liyanagoda
Western,Colombo,Maharagama,Kottawa North
Western,Colombo,Maharagama,Depanama
Western,Colombo,Maharagama,Polwatta
Western,Colombo,Maharagama,Pamunuwa
Western,Colombo,Maharagama,Thalapathpitiya
Western,Colombo,Maharagama,Pragathipura
Western,Colombo,Maharagama,Udahamulla East
Western,Colombo,Maharagama,Udahamulla West
Western,Colombo,Maharagama,Pathiragoda
Western,Colombo,Maharagama,Maharagama East
Western,Colombo,Maharagama,Maharagama West
Western,Colombo,Maharagama,Dambahena
Western,Colombo,Maharagama,Pannipitiya North
Western,Colombo,Maharagama,Kottawa West
Western,Colombo,Maharagama,Kottawa South
Western,Colombo,Maharagama,Malapalla West
Western,Colombo,Maharagama,Malapalla East
Western,Colombo,Maharagama,Makumbura North
Western,Colombo,Maharagama,Makumbura South
Western,Colombo,Maharagama,Kottawa Town
Western,Colombo,Maharagama,Pannipitiya South
Western,Colombo,Maharagama,Maharagama Town
Western,Colombo,Maharagama,Godigamuwa South
Western,Colombo,Maharagama,Godigamuwa South B
Western,Colombo,Maharagama,Godigamuwa North
Western,Colombo,Maharagama,Wattegedara
Western,Colombo,Maharagama,Navinna
Western,Colombo,Maharagama,Wijerama
Western,Colombo,Maharagama,Gangodavila South B
Western,Colombo,Maharagama,Jambugasmulla
Western,Colombo,Sri Jayawardanapura Kotte,Obsekarapura
Western,Colombo,Sri Jayawardanapura Kotte,Welikada West
Western,Colombo,Sri Jayawardanapura Kotte,Welikada East
Western,Colombo,Sri Jayawardanapura Kotte,Rajagiriya
Western,Colombo,Sri Jayawardanapura Kotte,Welikada North
Western,Colombo,Sri Jayawardanapura Kotte,Nawala West
Western,Colombo,Sri Jayawardanapura Kotte,Koswatta
Western,Colombo,Sri Jayawardanapura Kotte,Ethulkotte West
Western,Colombo,Sri Jayawardanapura Kotte,Ethulkotte
Western,Colombo,Sri Jayawardanapura Kotte,Pitakotte East
Western,Colombo,Sri Jayawardanapura Kotte,Pitakotte
Western,Colombo,Sri Jayawardanapura Kotte,Pitakotte West
Western,Colombo,Sri Jayawardanapura Kotte,Nawala East
Western,Colombo,Sri Jayawardanapura Kotte,Nugegoda West
Western,Colombo,Sri Jayawardanapura Kotte,Pagoda
Western,Colombo,Sri Jayawardanapura Kotte,Nugegoda
Western,Colombo,Sri Jayawardanapura Kotte,Pagoda East
Western,Colombo,Sri Jayawardanapura Kotte,Gangodavila North
Western,Colombo,Sri Jayawardanapura Kotte,Gangodavila South
Western,Colombo,Sri Jayawardanapura Kotte,Gangodavila East
Western,Colombo,Thimbirigasyaya,Kollupitiya
Western,Colombo,Thimbirigasyaya,Bambalapitiya
Western,Colombo,Thimbirigasyaya,Kurunduwatta
Western,Colombo,Thimbirigasyaya,Kuppiyawatta West
Western,Colombo,Thimbirigasyaya,Kuppiyawatta East
Western,Colombo,Thimbirigasyaya,Dematagoda
Western,Colombo,Thimbirigasyaya,Wanathamulla
Western,Colombo,Thimbirigasyaya,Borella North
Western,Colombo,Thimbirigasyaya,Borella South
Western,Colombo,Thimbirigasyaya,Gothamipura
Western,Colombo,Thimbirigasyaya,Narahenpita
Western,Colombo,Thimbirigasyaya,Thimbirigasyaya
Western,Colombo,Thimbirigasyaya,Milagiriya
Western,Colombo,Thimbirigasyaya,Havelock Town
Western,Colombo,Thimbirigasyaya,Kirula
Western,Colombo,Thimbirigasyaya,Kirulapone
Western,Colombo,Thimbirigasyaya,Wellawatta North
Western,Colombo,Thimbirigasyaya,Wellawatta South
Western,Colombo,Thimbirigasyaya,Pamankada West
Western,Colombo,Thimbirigasyaya,Pamankada East
Western,Colombo,Dehiwala,Sri Saranankara
Western,Colombo,Dehiwala,Vilawala
Western,Colombo,Dehiwala,Dutugemunu
Western,Colombo,Dehiwala,Kohuwala
Western,Colombo,Dehiwala,Kalubowila
Western,Colombo,Dehiwala,Hathbodhiya
Western,Colombo,Dehiwala,Galwala
Western,Colombo,Dehiwala,Dehiwala West
Western,Colombo,Dehiwala,Dehiwala East
Western,Colombo,Dehiwala,Udyanaya
Western,Colombo,Dehiwala,Nedimala
Western,Colombo,Dehiwala,Malwatta
Western,Colombo,Dehiwala,Jayathilaka
Western,Colombo,Dehiwala,Karagampitiya
Western,Colombo,Dehiwala,Kawdana East
Western,Colombo,Ratmalana,Mount Lavinia
Western,Colombo,Ratmalana,Kawdana West
Western,Colombo,Ratmalana,Watarappala
Western,Colombo,Ratmalana,Wathumulla
Western,Colombo,Ratmalana,Katukurunduwatta
Western,Colombo,Ratmalana,Attidiya North
Western,Colombo,Ratmalana,Attidiya South
Western,Colombo,Ratmalana,Piriwena
Western,Colombo,Ratmalana,Wedikanda
Western,Colombo,Ratmalana,Vihara
Western,Colombo,Ratmalana,Rathmalana West
Western,Colombo,Ratmalana,Rathmalana East
Western,Colombo,Ratmalana,Kandawala
Western,Colombo,Moratuwa,Angulana North
Western,Colombo,Moratuwa,Kaldemulla
Western,Colombo,Moratuwa,Soysapura North
Western,Colombo,Moratuwa,Soysapura South
Western,Colombo,Moratuwa,Dahampura
Western,Colombo,Moratuwa,Thelawala North
Western,Colombo,Moratuwa,Borupana
Western,Colombo,Moratuwa,Thelawala South
Western,Colombo,Moratuwa,Lakshapathiya North
Western,Colombo,Moratuwa,Lakshapathiya Central
Western,Colombo,Moratuwa,Angulana South
Western,Colombo,Moratuwa,Uyana South
Western,Colombo,Moratuwa,Uyana North
Western,Colombo,Moratuwa,Rawathawatta South
Western,Colombo,Moratuwa,Rawathawatta East
Western,Colombo,Moratuwa,Lakshapathiya South
Western,Colombo,Moratuwa,Kuduwamulla
Western,Colombo,Moratuwa,Katubedda
Western,Colombo,Moratuwa,Molpe
Western,Colombo,Moratuwa,Moratumulla North
Western,Colombo,Moratuwa,Kadalana
Western,Colombo,Moratuwa,Rawathawatta West
Western,Colombo,Moratuwa,Idama
Western,Colombo,Moratuwa,Uswatta
Western,Colombo,Moratuwa,Moratuwella South
Western,Colombo,Moratuwa,Indibedda West
Western,Colombo,Moratuwa,Moratumulla East
Western,Colombo,Moratuwa,Moratumulla West
Western,Colombo,Moratuwa,Villorawatta East
Western,Colombo,Moratuwa,Villorawatta West
Western,Colombo,Moratuwa,Indibedda East
Western,Colombo,Moratuwa,Moratuwella North
Western,Colombo,Moratuwa,Moratuwella West
Western,Colombo,Moratuwa,Koralawella North
Western,Colombo,Moratuwa,Koralawella East
Western,Colombo,Moratuwa,Koralawella West
Western,Colombo,Moratuwa,Koralawella South
Western,Colombo,Moratuwa,Katukurunda North
Western,Colombo,Moratuwa,Katukurunda South
Western,Colombo,Moratuwa,Egoda Uyana North
Western,Colombo,Moratuwa,Egoda Uyana Central
Western,Colombo,Moratuwa,Egoda Uyana South
Western,Colombo,Kesbewa,Pepiliyana West
Western,Colombo,Kesbewa,Pepiliyana East
Western,Colombo,Kesbewa,Divulpitiya East
Western,Colombo,Kesbewa,Divulpitiya West
Western,Colombo,Kesbewa,Bellanvila
Western,Colombo,Kesbewa,Boralesgamuwa West A
Western,Colombo,Kesbewa,Boralesgamuwa West C
Western,Colombo,Kesbewa,Rattanapitiya
Western,Colombo,Kesbewa,Egodawatta
Western,Colombo,Kesbewa,Boralesgamuwa East A
Western,Colombo,Kesbewa,Boralesgamuwa West B
Western,Colombo,Kesbewa,Werahera North
Western,Colombo,Kesbewa,Boralesgamuwa East B
Western,Colombo,Kesbewa,Neelammahara
Western,Colombo,Kesbewa,Katuwawala North
Western,Colombo,Kesbewa,Vishwakalawa
Western,Colombo,Kesbewa,Werahera South
Western,Colombo,Kesbewa,Katuwawala South
Western,Colombo,Kesbewa,Niwanthidiya
Western,Colombo,Kesbewa,Erewwala West
Western,Colombo,Kesbewa,Erewwala North
Western,Colombo,Kesbewa,Erewwala East
Western,Colombo,Kesbewa,Rathmaldeniya
Western,Colombo,Kesbewa,Mahalwarawa
Western,Colombo,Kesbewa,Bangalawatta
Western,Colombo,Kesbewa,Pelenwatta East
Western,Colombo,Kesbewa,Pelenwatta North
Western,Colombo,Kesbewa,Pelenwatta West
Western,Colombo,Kesbewa,Paligedara
Western,Colombo,Kesbewa,Kaliyammahara
Western,Colombo,Kesbewa,Bokundara
Western,Colombo,Kesbewa,Thumbovila South
Western,Colombo,Kesbewa,Thumbovila North
Western,Colombo,Kesbewa,Wewala West
Western,Colombo,Kesbewa,Wewala East
Western,Colombo,Kesbewa,Thumbovila West
Western,Colombo,Kesbewa,Mampe North
Western,Colombo,Kesbewa,Makuludoowa
Western,Colombo,Kesbewa,Gorakapitiya
Western,Colombo,Kesbewa,Nampamunuwa
Western,Colombo,Kesbewa,Mavittara North
Western,Colombo,Kesbewa,Mampe East
Western,Colombo,Kesbewa,Bodhirajapura
Western,Colombo,Kesbewa,Mampe West
Western,Colombo,Kesbewa,Mampe South
Western,Colombo,Kesbewa,Kolamunna
Western,Colombo,Kesbewa,Suwarapola East
Western,Colombo,Kesbewa,Suwarapola West
Western,Colombo,Kesbewa,Hedigama
Western,Colombo,Kesbewa,Batakettara North
Western,Colombo,Kesbewa,Kesbewa North
Western,Colombo,Kesbewa,Kesbewa East
Western,Colombo,Kesbewa,Mavittara South
Western,Colombo,Kesbewa,Honnanthara North
Western,Colombo,Kesbewa,Honnanthara South
Western,Colombo,Kesbewa,Makandana East
Western,Colombo,Kesbewa,Kesbewa South
Western,Colombo,Kesbewa,Batakettara South
Western,Colombo,Kesbewa,Madapatha
Western,Colombo,Kesbewa,Delthara West
Western,Colombo,Kesbewa,Delthara East
Western,Colombo,Kesbewa,Dampe
Western,Colombo,Kesbewa,Makandana West
Western,Colombo,Kesbewa,Nivungama
Western,Colombo,Kesbewa,Halpita
Western,Colombo,Kesbewa,Horathuduwa
Western,Colombo,Kesbewa,Morenda
Western,Colombo,Kesbewa,Batuwandara North
Western,Colombo,Kesbewa,Batuwandara South
Western,Colombo,Kesbewa,Jamburaliya
Western,Colombo,Kesbewa,Polhena
Western,Colombo,Kesbewa,Regidel Watta
Western,Colombo,Kesbewa,Kahapola
Western,Gampaha,Negombo,Kammalthura
Western,Gampaha,Negombo,Pallansena North
Western,Gampaha,Negombo,Kochchikade
Western,Gampaha,Negombo,Pallansena South
Western,Gampaha,Negombo,Daluwakotuwa
Western,Gampaha,Negombo,Palangathure
Western,Gampaha,Negombo,Ettukala
Western,Gampaha,Negombo,Daluwakotuwa East
Western,Gampaha,Negombo,Kattuwa
Western,Gampaha,Negombo,Dalupatha East
Western,Gampaha,Negombo,Dalupatha
Western,Gampaha,Negombo,Kudapaduwa
Western,Gampaha,Negombo,Kudapaduwa North
Western,Gampaha,Negombo,Kudapaduwa South
Western,Gampaha,Negombo,Wellaweediya
Western,Gampaha,Negombo,Wellaweediya East
Western,Gampaha,Negombo,Periyamulla
Western,Gampaha,Negombo,Hunupitiya
Western,Gampaha,Negombo,Angurukaramulla
Western,Gampaha,Negombo,Udayarthoppuwa
Western,Gampaha,Negombo,Wellaweediya South
Western,Gampaha,Negombo,Muttakkarai North
Western,Gampaha,Negombo,Doowa
Western,Gampaha,Negombo,Pitipana North
Western,Gampaha,Negombo,Pitipana Central
Western,Gampaha,Negombo,Muttakkarai
Western,Gampaha,Negombo,Muttakkarai East
Western,Gampaha,Negombo,Thaladoowa
Western,Gampaha,Negombo,Udayarthoppuwa South
Western,Gampaha,Negombo,Bolawalana
Western,Gampaha,Negombo,Kurana West
Western,Gampaha,Negombo,Kurana East
Western,Gampaha,Negombo,Siriwardana Pedesa
Western,Gampaha,Negombo,Pitipana South - East
Western,Gampaha,Negombo,Pitipana South - West
Western,Gampaha,Negombo,Thalahena
Western,Gampaha,Negombo,Dungalpitiya
Western,Gampaha,Negombo,Settappaduwa
Western,Gampaha,Negombo,Kepungoda
Western,Gampaha,Katana,Muruthana
Western,Gampaha,Katana,Manaveriya
Western,Gampaha,Katana,Udangawa
Western,Gampaha,Katana,Thoppuwa
Western,Gampaha,Katana,Bambukuliya
Western,Gampaha,Katana,Katana North
Western,Gampaha,Katana,Katana East
Western,Gampaha,Katana,Katana West
Western,Gampaha,Katana,Maha Ethgala
Western,Gampaha,Katana,Ethgala
Western,Gampaha,Katana,Adikkandiya
Western,Gampaha,Katana,Welihena North
Western,Gampaha,Katana,Welihena South
Western,Gampaha,Katana,Pahala Kandawala
Western,Gampaha,Katana,Ethgala South
Western,Gampaha,Katana,Ihala Kandawala
Western,Gampaha,Katana,Kaluwarippuwa West
Western,Gampaha,Katana,Kondagammulla
Western,Gampaha,Katana,Katiyala
Western,Gampaha,Katana,Kadirana North
Western,Gampaha,Katana,K.C. De Silva Puraya
Western,Gampaha,Katana,Thimbirigaskatuwa
Western,Gampaha,Katana,Sellakanda
Western,Gampaha,Katana,Katuwapitiya
Western,Gampaha,Katana,Mahahunupitiya West
Western,Gampaha,Katana,Mahahunupitiya East
Western,Gampaha,Katana,Pahala Kadirana
Western,Gampaha,Katana,Kadirana
Western,Gampaha,Katana,Akkara 50
Western,Gampaha,Katana,Kadirana South
Western,Gampaha,Katana,Kimbulapitiya West
Western,Gampaha,Katana,Kimbulapitiya North
Western,Gampaha,Katana,Kimbulapitiya South
Western,Gampaha,Katana,Kimbulapitiya Central
Western,Gampaha,Katana,Andiambalama West
Western,Gampaha,Katana,Walpola
Western,Gampaha,Katana,Andiambalama East
Western,Gampaha,Katana,Dewamottawa
Western,Gampaha,Katana,Kovinna
Western,Gampaha,Katana,Evariwatta
Western,Gampaha,Katana,Air Force Camp
Western,Gampaha,Katana,Kurana Katunayaka West
Western,Gampaha,Katana,Kurana Katunayaka North
Western,Gampaha,Katana,Kurana Katunayaka South
Western,Gampaha,Katana,Katunayaka North
Western,Gampaha,Katana,Katunayaka South
Western,Gampaha,Katana,Walanagoda
Western,Gampaha,Katana,Kalahapitiya
Western,Gampaha,Katana,Madawala
Western,Gampaha,Katana,Muthuwadiya
Western,Gampaha,Katana,Liyanagemulla North
Western,Gampaha,Katana,Liyanagemulla South
Western,Gampaha,Katana,Amandoluwa
Western,Gampaha,Katana,Thempala
Western,Gampaha,Katana,Kuswala
Western,Gampaha,Katana,Ganepola
Western,Gampaha,Katana,Heenatiyana West
Western,Gampaha,Katana,Heenatiyana South
Western,Gampaha,Katana,Heenatiyana East
Western,Gampaha,Katana,Raddolugama North A
Western,Gampaha,Katana,Raddolugama North
Western,Gampaha,Katana,Raddolugama South
Western,Gampaha,Katana,Raddolugama South A
Western,Gampaha,Katana,Raddoluwa North
Western,Gampaha,Katana,Raddoluwa West
Western,Gampaha,Katana,Seeduwa
Western,Gampaha,Katana,Mookalangamuwa West
Western,Gampaha,Katana,Mookalangamuwa East
Western,Gampaha,Katana,Bandarawatta East
Western,Gampaha,Katana,Bandarawatta West
Western,Gampaha,Katana,Dambaduraya
Western,Gampaha,Katana,Raddoluwa South
Western,Gampaha,Katana,Lansiyawadiya
Western,Gampaha,Katana,Kotugoda
Western,Gampaha,Katana,Kasagahawatta
Western,Gampaha,Katana,Udammita North
Western,Gampaha,Katana,Alawathupitiya
Western,Gampaha,Katana,Udammita South
Western,Gampaha,Katana,Ambalammulla
Western,Gampaha,Divulapitiya,Andimulla
Western,Gampaha,Divulapitiya,Ambalayaya
Western,Gampaha,Divulapitiya,Bolagala
Western,Gampaha,Divulapitiya,Otharawadiya
Western,Gampaha,Divulapitiya,Godigamuwa West
Western,Gampaha,Divulapitiya,Godigamuwa East
Western,Gampaha,Divulapitiya,Balawala
Western,Gampaha,Divulapitiya,Badalgama
Western,Gampaha,Divulapitiya,Delpakadawara
Western,Gampaha,Divulapitiya,Siringapathawatta
Western,Gampaha,Divulapitiya,Pethigoda
Western,Gampaha,Divulapitiya,Alugolla
Western,Gampaha,Divulapitiya,Polwatta
Western,Gampaha,Divulapitiya,Polhena
Western,Gampaha,Divulapitiya,Mellawagedara
Western,Gampaha,Divulapitiya,Diklanda
Western,Gampaha,Divulapitiya,Katukenda
Western,Gampaha,Divulapitiya,Akarangaha
Western,Gampaha,Divulapitiya,Kehelella West
Western,Gampaha,Divulapitiya,Lihiniyagammana
Western,Gampaha,Divulapitiya,Akaragama East
Western,Gampaha,Divulapitiya,Akaragama West
Western,Gampaha,Divulapitiya,Akaragama North
Western,Gampaha,Divulapitiya,Pahala Madampella
Western,Gampaha,Divulapitiya,Halpe
Western,Gampaha,Divulapitiya,Kaluwarippuwa East - Uthura
Western,Gampaha,Divulapitiya,Kongodamulla North
Western,Gampaha,Divulapitiya,Kongodamulla West
Western,Gampaha,Divulapitiya,Kongodamulla South
Western,Gampaha,Divulapitiya,Kongodamulla East
Western,Gampaha,Divulapitiya,Ihala Madampella North
Western,Gampaha,Divulapitiya,Ihala Madampella West
Western,Gampaha,Divulapitiya,Ihala Madampella East
Western,Gampaha,Divulapitiya,Ihalagama
Western,Gampaha,Divulapitiya,Kehelella South
Western,Gampaha,Divulapitiya,Kehelella North
Western,Gampaha,Divulapitiya,Delwagura
Western,Gampaha,Divulapitiya,Wekada
Western,Gampaha,Divulapitiya,Kalumada
Western,Gampaha,Divulapitiya,Agalegedara
Western,Gampaha,Divulapitiya,Waradala
Western,Gampaha,Divulapitiya,Kotadeniyawa
Western,Gampaha,Divulapitiya,Erabadda
Western,Gampaha,Divulapitiya,Diyagampala
Western,Gampaha,Divulapitiya,Koradaminna
Western,Gampaha,Divulapitiya,Dimbuldeniya
Western,Gampaha,Divulapitiya,Paragoda North
Western,Gampaha,Divulapitiya,Paragoda South
Western,Gampaha,Divulapitiya,Moragalkanda
Western,Gampaha,Divulapitiya,Nawana West
Western,Gampaha,Divulapitiya,Hettimulla
Western,Gampaha,Divulapitiya,Haloluwa
Western,Gampaha,Divulapitiya,Kelegedara
Western,Gampaha,Divulapitiya,Heeralugedara
Western,Gampaha,Divulapitiya,Walpita
Western,Gampaha,Divulapitiya,Welagana
Western,Gampaha,Divulapitiya,Thammita
Western,Gampaha,Divulapitiya,Palliyapitiya West
Western,Gampaha,Divulapitiya,Induragara North
Western,Gampaha,Divulapitiya,Induragara South
Western,Gampaha,Divulapitiya,Kadawala North
Western,Gampaha,Divulapitiya,Kadawala
Western,Gampaha,Divulapitiya,Kaluwarippuwa East - Dakuna
Western,Gampaha,Divulapitiya,Miriswatta
Western,Gampaha,Divulapitiya,Dagonna North
Western,Gampaha,Divulapitiya,Dagonna East
Western,Gampaha,Divulapitiya,Halgahawelawatta
Western,Gampaha,Divulapitiya,Katuwellegama North
Western,Gampaha,Divulapitiya,Kadawala South
Western,Gampaha,Divulapitiya,Batepola
Western,Gampaha,Divulapitiya,Doonagaha South
Western,Gampaha,Divulapitiya,Doonagaha
Western,Gampaha,Divulapitiya,Palliyapitiya East
Western,Gampaha,Divulapitiya,Hunumulla
Western,Gampaha,Divulapitiya,Hapugahagama
Western,Gampaha,Divulapitiya,Barawavila
Western,Gampaha,Divulapitiya,Kudagammana
Western,Gampaha,Divulapitiya,Pahala Madithiyawala
Western,Gampaha,Divulapitiya,Kaluaggala
Western,Gampaha,Divulapitiya,Kuleegedara
Western,Gampaha,Divulapitiya,Nawana East
Western,Gampaha,Divulapitiya,Nariyamulla
Western,Gampaha,Divulapitiya,Halpe
Western,Gampaha,Divulapitiya,Parana Halpe West
Western,Gampaha,Divulapitiya,Parana Halpe East
Western,Gampaha,Divulapitiya,Gurullagama
Western,Gampaha,Divulapitiya,Kithulwala Ihala
Western,Gampaha,Divulapitiya,Kithulwala Pahala
Western,Gampaha,Divulapitiya,Kithulwala North
Western,Gampaha,Divulapitiya,Kaluaggala Pahalagama
Western,Gampaha,Divulapitiya,Wattemulla
Western,Gampaha,Divulapitiya,Ihala Madithiyawala
Western,Gampaha,Divulapitiya,Hangawatta
Western,Gampaha,Divulapitiya,Rassapana
Western,Gampaha,Divulapitiya,Balagalla West
Western,Gampaha,Divulapitiya,Parana Handiya
Western,Gampaha,Divulapitiya,Pinnakele
Western,Gampaha,Divulapitiya,Pinnakele South
Western,Gampaha,Divulapitiya,Urapana
Western,Gampaha,Divulapitiya,Kelepitimulla
Western,Gampaha,Divulapitiya,Sayakkaramulla
Western,Gampaha,Divulapitiya,Henpitagedara
Western,Gampaha,Divulapitiya,Aluthepola West
Western,Gampaha,Divulapitiya,Thotillagahawatta
Western,Gampaha,Divulapitiya,Katuwellegama South
Western,Gampaha,Divulapitiya,Palugahawela
Western,Gampaha,Divulapitiya,Dagonna South
Western,Gampaha,Divulapitiya,Hapuwalana South
Western,Gampaha,Divulapitiya,Hapuwalana
Western,Gampaha,Divulapitiya,Bomugammana North
Western,Gampaha,Divulapitiya,Bomugammana South
Western,Gampaha,Divulapitiya,Pinnalanda
Western,Gampaha,Divulapitiya,Divulapitiya
Western,Gampaha,Divulapitiya,Balagalla East
Western,Gampaha,Divulapitiya,Ullalapola East
Western,Gampaha,Divulapitiya,Ullalapola West
Western,Gampaha,Divulapitiya,Wewagedara
Western,Gampaha,Divulapitiya,Horagasmulla
Western,Gampaha,Divulapitiya,Assennawatta East
Western,Gampaha,Divulapitiya,Hapuwalana North
Western,Gampaha,Divulapitiya,Assennawatta West
Western,Gampaha,Divulapitiya,Weragodamulla
Western,Gampaha,Divulapitiya,Aluthepola East
Western,Gampaha,Mirigama,Nalla
Western,Gampaha,Mirigama,Giriullagama
Western,Gampaha,Mirigama,Loluwagoda
Western,Gampaha,Mirigama,Delwala South
Western,Gampaha,Mirigama,Delwala
Western,Gampaha,Mirigama,Loluwagoda South
Western,Gampaha,Mirigama,Madurupitiya
Western,Gampaha,Mirigama,Hapugahagedara
Western,Gampaha,Mirigama,Kandangamuwa
Western,Gampaha,Mirigama,Henegama
Western,Gampaha,Mirigama,Maladeniya
Western,Gampaha,Mirigama,Kahandawa
Western,Gampaha,Mirigama,Kandalama
Western,Gampaha,Mirigama,Walbothale
Western,Gampaha,Mirigama,Pirisyala
Western,Gampaha,Mirigama,Kamarangawa
Western,Gampaha,Mirigama,Keenadeniya
Western,Gampaha,Mirigama,Bothale Pahalagama North
Western,Gampaha,Mirigama,Maveehena
Western,Gampaha,Mirigama,Kurunduwatta
Western,Gampaha,Mirigama,Purana Meerigama
Western,Gampaha,Mirigama,Hakurukumbura
Western,Gampaha,Mirigama,Mugurugampala
Western,Gampaha,Mirigama,Vilwatta
Western,Gampaha,Mirigama,Thawalampitiya
Western,Gampaha,Mirigama,Bothale Pahalagama
Western,Gampaha,Mirigama,Bothale Pahalagama West
Western,Gampaha,Mirigama,Bothale Medagama
Western,Gampaha,Mirigama,Bothale Pahalagama East
Western,Gampaha,Mirigama,Thalagama East
Western,Gampaha,Mirigama,Thalagama
Western,Gampaha,Mirigama,Balathawa
Western,Gampaha,Mirigama,Makoora
Western,Gampaha,Mirigama,Pottekanda
Western,Gampaha,Mirigama,Bothale Ihalagama
Western,Gampaha,Mirigama,Andagalakanda
Western,Gampaha,Mirigama,Halugama Ihala
Western,Gampaha,Mirigama,Kindiwala
Western,Gampaha,Mirigama,Halugama Pahala
Western,Gampaha,Mirigama,Meerigama
Western,Gampaha,Mirigama,Walawwatta
Western,Gampaha,Mirigama,Thilinagama
Western,Gampaha,Mirigama,Vijayarajadahana
Western,Gampaha,Mirigama,Neligama Ihala
Western,Gampaha,Mirigama,Neligama Central
Western,Gampaha,Mirigama,Neligama
Western,Gampaha,Mirigama,Lindara
Western,Gampaha,Mirigama,Halugama
Western,Gampaha,Mirigama,Siyambalagoda
Western,Gampaha,Mirigama,Lindara Pahala
Western,Gampaha,Mirigama,Pohonnaruwa
Western,Gampaha,Mirigama,Indiparape
Western,Gampaha,Mirigama,Kosetadeniya
Western,Gampaha,Mirigama,Imbulanwala
Western,Gampaha,Mirigama,Uduulla
Western,Gampaha,Mirigama,Gaspe
Western,Gampaha,Mirigama,Banduragoda
Western,Gampaha,Mirigama,Keppitiwalana
Western,Gampaha,Mirigama,Gaspe Pahalagama
Western,Gampaha,Mirigama,Galgana
Western,Gampaha,Mirigama,Pelapitigama
Western,Gampaha,Mirigama,Elhena
Western,Gampaha,Mirigama,Ganegoda
Western,Gampaha,Mirigama,Hiriwala
Western,Gampaha,Mirigama,Handurumulla
Western,Gampaha,Mirigama,Pamunuwatta
Western,Gampaha,Mirigama,Lindara Ihala
Western,Gampaha,Mirigama,Arukgoda
Western,Gampaha,Mirigama,Madabavita
Western,Gampaha,Mirigama,Madabavita Ihalagama
Western,Gampaha,Mirigama,Newgala
Western,Gampaha,Mirigama,Danovita
Western,Gampaha,Mirigama,Weweldeniya Pahalagama
Western,Gampaha,Mirigama,Weweldeniya Pahalagama West
Western,Gampaha,Mirigama,Henepola
Western,Gampaha,Mirigama,Palmada
Western,Gampaha,Mirigama,Kal/ Pallewela
Western,Gampaha,Mirigama,Raddalgoda
Western,Gampaha,Mirigama,Ihala Bokalagama
Western,Gampaha,Mirigama,Pahala Bokalagama
Western,Gampaha,Mirigama,Kukulnape
Western,Gampaha,Mirigama,Gaspe South
Western,Gampaha,Mirigama,Muddaragama
Western,Gampaha,Mirigama,Hanchapola
Western,Gampaha,Mirigama,Hirikuluwa
Western,Gampaha,Mirigama,Pathagama
Western,Gampaha,Mirigama,Borukgamuwa West
Western,Gampaha,Mirigama,Borukgamuwa
Western,Gampaha,Mirigama,Pallewela
Western,Gampaha,Mirigama,Weragoda/ Kakkele
Western,Gampaha,Mirigama,Hansagiriya
Western,Gampaha,Mirigama,Wellevilamulla North
Western,Gampaha,Mirigama,Wellevilamulla
Western,Gampaha,Mirigama,Udawela
Western,Gampaha,Mirigama,Hapitigama
Western,Gampaha,Mirigama,Makkanigoda North
Western,Gampaha,Mirigama,Pahalawela
Western,Gampaha,Mirigama,Millawala
Western,Gampaha,Mirigama,Weweldeniya Ihalagama West
Western,Gampaha,Mirigama,Weweldeniya Ihalagama
Western,Gampaha,Mirigama,Kotadeniya
Western,Gampaha,Mirigama,Ilukpatha/ Weragoda
Western,Gampaha,Mirigama,Hedidenikanda
Western,Gampaha,Mirigama,Radawadunna
Western,Gampaha,Mirigama,Bataleeya
Western,Gampaha,Mirigama,Bataleeya South
Western,Gampaha,Mirigama,Bolana
Western,Gampaha,Mirigama,Mallehewa
Western,Gampaha,Mirigama,Webadamulla
Western,Gampaha,Mirigama,Weragoda
Western,Gampaha,Mirigama,Midellawala
Western,Gampaha,Mirigama,Kendalanda
Western,Gampaha,Mirigama,Nungamuwa
Western,Gampaha,Mirigama,Uthuwanbogahawatta
Western,Gampaha,Mirigama,Maligathenna Pahala
Western,Gampaha,Mirigama,Maligathenna Central
Western,Gampaha,Mirigama,Wandurawa
Western,Gampaha,Mirigama,Galgamuwa West
Western,Gampaha,Mirigama,Galgamuwa East
Western,Gampaha,Mirigama,Kumbaloluwa
Western,Gampaha,Mirigama,Kumbaloluwa Ihala
Western,Gampaha,Mirigama,Kumbaloluwa Pahala
Western,Gampaha,Mirigama,Dumunnegedara South
Western,Gampaha,Mirigama,Dumunnegedara
Western,Gampaha,Mirigama,Pasyala
Western,Gampaha,Mirigama,Pasyala West
Western,Gampaha,Mirigama,Muruthawala
Western,Gampaha,Mirigama,Kithanawatta
Western,Gampaha,Mirigama,Kammalpitiya
Western,Gampaha,Mirigama,Radawadunna Central
Western,Gampaha,Mirigama,Imbulgasovita
Western,Gampaha,Mirigama,Radawadunna Pahala
Western,Gampaha,Mirigama,Weerasooriyakanda
Western,Gampaha,Mirigama,Pasyala East
Western,Gampaha,Mirigama,Udugama
Western,Gampaha,Mirigama,Panawala
Western,Gampaha,Mirigama,Delgahamedilla
Western,Gampaha,Mirigama,Mottunna West
Western,Gampaha,Mirigama,Mottunna
Western,Gampaha,Mirigama,Maligathenna
Western,Gampaha,Mirigama,Kureekotuwa
Western,Gampaha,Mirigama,Hakwadunna
Western,Gampaha,Mirigama,Kureekotuwa Pahala
Western,Gampaha,Mirigama,Ellalamulla
Western,Gampaha,Mirigama,Debahera
Western,Gampaha,Mirigama,Mawathahena
Western,Gampaha,Mirigama,Meevitiya
Western,Gampaha,Mirigama,Ketakalapitiya
Western,Gampaha,Mirigama,Dambutuwa
Western,Gampaha,Minuwangoda,Medemulla North
Western,Gampaha,Minuwangoda,Nilpanagoda West
Western,Gampaha,Minuwangoda,Nilpanagoda East
Western,Gampaha,Minuwangoda,Nilpanagoda
Western,Gampaha,Minuwangoda,Arangawa
Western,Gampaha,Minuwangoda,Horampella North
Western,Gampaha,Minuwangoda,Galkanda
Western,Gampaha,Minuwangoda,Bodhipihituwala
Western,Gampaha,Minuwangoda,Watinapaha
Western,Gampaha,Minuwangoda,Mabodala West
Western,Gampaha,Minuwangoda,Mabodala North
Western,Gampaha,Minuwangoda,Ihala Vithanamulla
Western,Gampaha,Minuwangoda,Nalapaha
Western,Gampaha,Minuwangoda,Pahala Vithanamulla
Western,Gampaha,Minuwangoda,Mabodala East
Western,Gampaha,Minuwangoda,Mabodala South
Western,Gampaha,Minuwangoda,Watinapaha South
Western,Gampaha,Minuwangoda,Wankepumulla
Western,Gampaha,Minuwangoda,Kamaragoda
Western,Gampaha,Minuwangoda,Kudagoda
Western,Gampaha,Minuwangoda,Horampella South
Western,Gampaha,Minuwangoda,Mahagama
Western,Gampaha,Minuwangoda,Wegowwa South
Western,Gampaha,Minuwangoda,Minuwangoda East
Western,Gampaha,Minuwangoda,Minuwangoda North
Western,Gampaha,Minuwangoda,Medemulla South
Western,Gampaha,Minuwangoda,Boragodawatta North
Western,Gampaha,Minuwangoda,Yatiyana
Western,Gampaha,Minuwangoda,Peellawatta
Western,Gampaha,Minuwangoda,Unnaruwa
Western,Gampaha,Minuwangoda,Yatiyana Central
Western,Gampaha,Minuwangoda,Yatiyana East
Western,Gampaha,Minuwangoda,Kopiwatta
Western,Gampaha,Minuwangoda,Boragodawatta South
Western,Gampaha,Minuwangoda,Minuwangoda West
Western,Gampaha,Minuwangoda,Meda Minuwangoda
Western,Gampaha,Minuwangoda,Pansilgoda
Western,Gampaha,Minuwangoda,Wegowwa East
Western,Gampaha,Minuwangoda,Helakandana
Western,Gampaha,Minuwangoda,Peralanda
Western,Gampaha,Minuwangoda,Dewalapola
Western,Gampaha,Minuwangoda,Wadumulla
Western,Gampaha,Minuwangoda,Metikotumulla
Western,Gampaha,Minuwangoda,Essella
Western,Gampaha,Minuwangoda,Yatagama
Western,Gampaha,Minuwangoda,Naiwala North
Western,Gampaha,Minuwangoda,Naiwala East
Western,Gampaha,Minuwangoda,Naiwala West
Western,Gampaha,Minuwangoda,Walpitamulla
Western,Gampaha,Minuwangoda,Balabowa
Western,Gampaha,Minuwangoda,Balabowa West
Western,Gampaha,Minuwangoda,Pethiyagoda North
Western,Gampaha,Minuwangoda,Gallegedara
Western,Gampaha,Minuwangoda,Ganihimulla
Western,Gampaha,Minuwangoda,Hendimahara
Western,Gampaha,Minuwangoda,Kalawana
Western,Gampaha,Minuwangoda,Wattegedara
Western,Gampaha,Minuwangoda,Ambagahawatta
Western,Gampaha,Minuwangoda,Galloluwa East
Western,Gampaha,Minuwangoda,Galloluwa
Western,Gampaha,Minuwangoda,Kalahugoda
Western,Gampaha,Minuwangoda,Polwatta West
Western,Gampaha,Minuwangoda,Polwatta East
Western,Gampaha,Minuwangoda,Pattanduwana North
Western,Gampaha,Minuwangoda,Ellangala
Western,Gampaha,Minuwangoda,Burullapitiya
Western,Gampaha,Minuwangoda,Mathammana
Western,Gampaha,Minuwangoda,Weediyawatta East
Western,Gampaha,Minuwangoda,Goigama
Western,Gampaha,Minuwangoda,Ihala Udugampala
Western,Gampaha,Minuwangoda,Pethiyagoda South
Western,Gampaha,Minuwangoda,Korase
Western,Gampaha,Minuwangoda,Korase Meda
Western,Gampaha,Minuwangoda,Marapola
Western,Gampaha,Minuwangoda,Vigoda
Western,Gampaha,Minuwangoda,Doranagoda East
Western,Gampaha,Minuwangoda,Korase East
Western,Gampaha,Minuwangoda,Doranagoda North
Western,Gampaha,Minuwangoda,Doranagoda West
Western,Gampaha,Minuwangoda,Pahala Udugampola East
Western,Gampaha,Minuwangoda,Pahala Udugampola North
Western,Gampaha,Minuwangoda,Pahala Udugampola West
Western,Gampaha,Minuwangoda,Weediyawatta West
Western,Gampaha,Minuwangoda,Welhena
Western,Gampaha,Minuwangoda,Weliya
Western,Gampaha,Minuwangoda,Pattanduwana
Western,Gampaha,Minuwangoda,Pattanduwana West
Western,Gampaha,Minuwangoda,Yagodamulla North
Western,Gampaha,Minuwangoda,Yagodamulla
Western,Gampaha,Minuwangoda,Uggalboda West
Western,Gampaha,Minuwangoda,Uggalboda
Western,Gampaha,Minuwangoda,Kehelbaddara West
Western,Gampaha,Minuwangoda,Kehelbaddara East
Western,Gampaha,Minuwangoda,Pahala Udugampola South
Western,Gampaha,Minuwangoda,Asgiriwalpola North
Western,Gampaha,Minuwangoda,Dombawala
Western,Gampaha,Minuwangoda,Pedipola
Western,Gampaha,Minuwangoda,Doranagoda South
Western,Gampaha,Minuwangoda,Wathumulla
Western,Gampaha,Minuwangoda,Asgiriya North
Western,Gampaha,Minuwangoda,Asgiriya South
Western,Gampaha,Minuwangoda,Asgiriya
Western,Gampaha,Minuwangoda,Asgiriya West
Western,Gampaha,Minuwangoda,Asgiriwalpola South
Western,Gampaha,Minuwangoda,Asgiriwalpola West
Western,Gampaha,Minuwangoda,Madelgamuwa East
Western,Gampaha,Minuwangoda,Batapotha
Western,Gampaha,Minuwangoda,Nedagamuwa North
Western,Gampaha,Minuwangoda,Nedagamuwa South
Western,Gampaha,Minuwangoda,Nedagamuwa West
Western,Gampaha,Minuwangoda,Arachchiwatta
Western,Gampaha,Minuwangoda,Yagodamulla South
Western,Gampaha,Minuwangoda,Samurdhigama
Western,Gampaha,Minuwangoda,Opatha
Western,Gampaha,Minuwangoda,Kotugoda 2
Western,Gampaha,Minuwangoda,Kotugoda 1
Western,Gampaha,Minuwangoda,Maduruvita
Western,Gampaha,Minuwangoda,Siyambalapitiya
Western,Gampaha,Minuwangoda,Madelgamuwa West
Western,Gampaha,Minuwangoda,Thammita West
Western,Gampaha,Minuwangoda,Thammita
Western,Gampaha,Wattala,Pamunugama
Western,Gampaha,Wattala,Maha Pamunugama
Western,Gampaha,Wattala,Delathura West
Western,Gampaha,Wattala,Delathura East
Western,Gampaha,Wattala,Bopitiyathuduwa
Western,Gampaha,Wattala,Bopitiya
Western,Gampaha,Wattala,Pulluhena
Western,Gampaha,Wattala,Paranambalama
Western,Gampaha,Wattala,Nugape
Western,Gampaha,Wattala,Kunjawatta
Western,Gampaha,Wattala,Mangulpokuna
Western,Gampaha,Wattala,Elehiwatta
Western,Gampaha,Wattala,Welisara
Western,Gampaha,Wattala,Pattiyawala
Western,Gampaha,Wattala,Uswetakeiyawa
Western,Gampaha,Wattala,Mahabage
Western,Gampaha,Wattala,Elapitiwala
Western,Gampaha,Wattala,Horapethuduwa
Western,Gampaha,Wattala,Horape
Western,Gampaha,Wattala,Kurukulawa North
Western,Gampaha,Wattala,Kurukulawa South
Western,Gampaha,Wattala,Heenkenda
Western,Gampaha,Wattala,Thuduwegedara
Western,Gampaha,Wattala,Galudupita
Western,Gampaha,Wattala,Mattumagala
Western,Gampaha,Wattala,Kerangapokuna
Western,Gampaha,Wattala,Kerawalapitiya
Western,Gampaha,Wattala,Matagoda
Western,Gampaha,Wattala,Balagala
Western,Gampaha,Wattala,Dikovita
Western,Gampaha,Wattala,Palliyawatta North
Western,Gampaha,Wattala,Elakanda
Western,Gampaha,Wattala,Nayakakanda North
Western,Gampaha,Wattala,Mabola
Western,Gampaha,Wattala,Welikadamulla
Western,Gampaha,Wattala,Wattala
Western,Gampaha,Wattala,Hendala North
Western,Gampaha,Wattala,Hendala South
Western,Gampaha,Wattala,Nayakakanda South
Western,Gampaha,Wattala,Thimbirigasyaya
Western,Gampaha,Wattala,Palliyawatta South
Western,Gampaha,Wattala,Kurunduhena
Western,Gampaha,Wattala,Evariwatta
Western,Gampaha,Wattala,Telangapatha
Western,Gampaha,Wattala,Galwetiya
Western,Gampaha,Wattala,Hekitta
Western,Gampaha,Ja-Ela,Mahawatta
Western,Gampaha,Ja-Ela,Dandugama
Western,Gampaha,Ja-Ela,Dehiyagatha North
Western,Gampaha,Ja-Ela,Kudahakapola North
Western,Gampaha,Ja-Ela,Gallawatta
Western,Gampaha,Ja-Ela,Ekala
Western,Gampaha,Ja-Ela,Dehiyagatha South
Western,Gampaha,Ja-Ela,Kudahakapola South
Western,Gampaha,Ja-Ela,Ekala Kurunduwatta
Western,Gampaha,Ja-Ela,Vishakawatta
Western,Gampaha,Ja-Ela,Thudella North
Western,Gampaha,Ja-Ela,Thudella West
Western,Gampaha,Ja-Ela,Thudella South
Western,Gampaha,Ja-Ela,Kanuwana
Western,Gampaha,Ja-Ela,Alexendrawatta
Western,Gampaha,Ja-Ela,Bandigoda
Western,Gampaha,Ja-Ela,Yakkaduwa
Western,Gampaha,Ja-Ela,Nivandama North
Western,Gampaha,Ja-Ela,Nivandama South
Western,Gampaha,Ja-Ela,Batagama North
Western,Gampaha,Ja-Ela,Maeliya
Western,Gampaha,Ja-Ela,Ja-ela
Western,Gampaha,Ja-Ela,Weligampitiya North
Western,Gampaha,Ja-Ela,Indivitiya
Western,Gampaha,Ja-Ela,Wewala
Western,Gampaha,Ja-Ela,Weligampitiya South
Western,Gampaha,Ja-Ela,Thumpeliya
Western,Gampaha,Ja-Ela,Indiminna
Western,Gampaha,Ja-Ela,Dolahena
Western,Gampaha,Ja-Ela,Hapugoda West
Western,Gampaha,Ja-Ela,Kapuwatta
Western,Gampaha,Ja-Ela,Kalaeliya
Western,Gampaha,Ja-Ela,Nedurupitiya
Western,Gampaha,Ja-Ela,Rilavulla
Western,Gampaha,Ja-Ela,Kandana East
Western,Gampaha,Ja-Ela,Kandana West
Western,Gampaha,Ja-Ela,Uswatta
Western,Gampaha,Ja-Ela,Hapugoda Central
Western,Gampaha,Ja-Ela,Batagama South
Western,Gampaha,Ja-Ela,Polpitimookalana
Western,Gampaha,Ja-Ela,Batuwatta West
Western,Gampaha,Ja-Ela,Batuwatta East
Western,Gampaha,Ja-Ela,Walpola East
Western,Gampaha,Ja-Ela,Jayasrigama
Western,Gampaha,Ja-Ela,Hapugoda East
Western,Gampaha,Ja-Ela,Nagoda
Western,Gampaha,Ja-Ela,Jayasamarugama
Western,Gampaha,Ja-Ela,Peralanda
Western,Gampaha,Ja-Ela,Podiveekumbura
Western,Gampaha,Ja-Ela,Walpola West
Western,Gampaha,Ja-Ela,Narangodapaluwa West
Western,Gampaha,Ja-Ela,Narangodapaluwa East
Western,Gampaha,Ja-Ela,Thewatta
Western,Gampaha,Ja-Ela,Ragama
Western,Gampaha,Ja-Ela,Ketagewatta
Western,Gampaha,Ja-Ela,Dambuwa
Western,Gampaha,Ja-Ela,Rampitiya
Western,Gampaha,Gampaha,Makevita North
Western,Gampaha,Gampaha,Makevita South
Western,Gampaha,Gampaha,Mabima
Western,Gampaha,Gampaha,Gonagaha II
Western,Gampaha,Gampaha,Welikada
Western,Gampaha,Gampaha,Gonagaha I
Western,Gampaha,Gampaha,Ambanvita
Western,Gampaha,Gampaha,Kirindivita
Western,Gampaha,Gampaha,Akaravita
Western,Gampaha,Gampaha,Pahalagama
Western,Gampaha,Gampaha,Medagama II
Western,Gampaha,Gampaha,Ihalagama West
Western,Gampaha,Gampaha,Ihalagama East
Western,Gampaha,Gampaha,Gampaha Aluthgama North
Western,Gampaha,Gampaha,Karanekamulla
Western,Gampaha,Gampaha,Baduwathugoda
Western,Gampaha,Gampaha,Boraliyawatha
Western,Gampaha,Gampaha,Thittalapitigoda
Western,Gampaha,Gampaha,Aluthgama Bogamuwa North
Western,Gampaha,Gampaha,Aluthgama Bogamuwa South
Western,Gampaha,Gampaha,Mahipalagoda
Western,Gampaha,Gampaha,Morenna
Western,Gampaha,Gampaha,Weediyawatta
Western,Gampaha,Gampaha,Keselwathugoda North
Western,Gampaha,Gampaha,Indigolla
Western,Gampaha,Gampaha,Gampaha Aluthgama West
Western,Gampaha,Gampaha,Bendiyamulla North
Western,Gampaha,Gampaha,Medagama IV
Western,Gampaha,Gampaha,Medagama III
Western,Gampaha,Gampaha,Medagama I
Western,Gampaha,Gampaha,Oruthota South
Western,Gampaha,Gampaha,Kosovita
Western,Gampaha,Gampaha,Rathmalavita
Western,Gampaha,Gampaha,Makilangamuwa
Western,Gampaha,Gampaha,Horagolla North
Western,Gampaha,Gampaha,Thibbotugoda
Western,Gampaha,Gampaha,Midellavita
Western,Gampaha,Gampaha,Kudabollatha
Western,Gampaha,Gampaha,Bollatha North
Western,Gampaha,Gampaha,Wewel Agara
Western,Gampaha,Gampaha,Bollatha West
Western,Gampaha,Gampaha,Bollatha South
Western,Gampaha,Gampaha,Bulugahagoda West
Western,Gampaha,Gampaha,Bulugahagoda East
Western,Gampaha,Gampaha,Galahitiyawa North
Western,Gampaha,Gampaha,Horagolla South
Western,Gampaha,Gampaha,Neduna
Western,Gampaha,Gampaha,Pahala Yagoda
Western,Gampaha,Gampaha,Oruthota North
Western,Gampaha,Gampaha,Moragoda 1
Western,Gampaha,Gampaha,Bendiyamulla West
Western,Gampaha,Gampaha,Kidagammulla
Western,Gampaha,Gampaha,Bendiyamulla East
Western,Gampaha,Gampaha,Gampaha Aluthgama East
Western,Gampaha,Gampaha,Keselwathugoda South
Western,Gampaha,Gampaha,Yakkala North
Western,Gampaha,Gampaha,Galthotamulla
Western,Gampaha,Gampaha,Yakkala West
Western,Gampaha,Gampaha,Pepolgasdeniya
Western,Gampaha,Gampaha,Yakkala East
Western,Gampaha,Gampaha,Yakkala South
Western,Gampaha,Gampaha,Henarathgoda
Western,Gampaha,Gampaha,Mudungoda West
Western,Gampaha,Gampaha,Moragoda 2
Western,Gampaha,Gampaha,Ihala Yagoda North
Western,Gampaha,Gampaha,Mahena
Western,Gampaha,Gampaha,Ganemulla South
Western,Gampaha,Gampaha,Ganemulla North
Western,Gampaha,Gampaha,Galahitiyawa East
Western,Gampaha,Gampaha,Galahitiyawa South
Western,Gampaha,Gampaha,Kossinna East
Western,Gampaha,Gampaha,Amunugoda North
Western,Gampaha,Gampaha,Ihala Yagoda South
Western,Gampaha,Gampaha,Mudungoda South
Western,Gampaha,Gampaha,Mudungoda North
Western,Gampaha,Gampaha,Godagedara
Western,Gampaha,Gampaha,Rathupaswala
Western,Gampaha,Gampaha,Galloluwa
Western,Gampaha,Gampaha,Belummahara
Western,Gampaha,Gampaha,Ihala Imbulgoda North
Western,Gampaha,Gampaha,Ihala Imbulgoda South
Western,Gampaha,Gampaha,Pahala Imbulgoda South
Western,Gampaha,Gampaha,Pahala Imbulgoda West
Western,Gampaha,Gampaha,Amunugoda South
Western,Gampaha,Gampaha,Parakandeniya North 1
Western,Gampaha,Gampaha,Kossinna West 1
Western,Gampaha,Gampaha,Katuwalamulla North
Western,Gampaha,Gampaha,Kossinna West 2
Western,Gampaha,Gampaha,Katuwalamulla South
Western,Gampaha,Gampaha,Parakandeniya North 2
Western,Gampaha,Gampaha,Parakandeniya
Western,Gampaha,Gampaha,Pahala Imbulgoda East
Western,Gampaha,Gampaha,Embaraluwa North 2
Western,Gampaha,Gampaha,Embaraluwa North 1
Western,Gampaha,Gampaha,Weliweriya West
Western,Gampaha,Gampaha,Nedungamuwa
Western,Gampaha,Gampaha,Weliweriya East
Western,Gampaha,Gampaha,Weliweriya North
Western,Gampaha,Gampaha,Weliweriya South
Western,Gampaha,Gampaha,Embaraluwa South 1
Western,Gampaha,Gampaha,Embaraluwa South 2
Western,Gampaha,Attanagalla,Eluwapitiya West
Western,Gampaha,Attanagalla,Eluwapitiya
Western,Gampaha,Attanagalla,Hiripitiya West
Western,Gampaha,Attanagalla,Hiripitiya North
Western,Gampaha,Attanagalla,Hiripitiya Central
Western,Gampaha,Attanagalla,Hiripitiya East
Western,Gampaha,Attanagalla,Thalgasmote West
Western,Gampaha,Attanagalla,Thalgasmote
Western,Gampaha,Attanagalla,Thalgasmote East
Western,Gampaha,Attanagalla,Udammita
Western,Gampaha,Attanagalla,Humbutiyawa West
Western,Gampaha,Attanagalla,Humbutiyawa
Western,Gampaha,Attanagalla,Parana Veyangoda
Western,Gampaha,Attanagalla,Kongasdeniya
Western,Gampaha,Attanagalla,Wedagama
Western,Gampaha,Attanagalla,Kalalpitiya
Western,Gampaha,Attanagalla,Nawagamuwa
Western,Gampaha,Attanagalla,Napagoda
Western,Gampaha,Attanagalla,Nittambuwa South
Western,Gampaha,Attanagalla,Nittambuwa North
Western,Gampaha,Attanagalla,Nittambuwa East
Western,Gampaha,Attanagalla,Kolawatta
Western,Gampaha,Attanagalla,Pattalagedara East
Western,Gampaha,Attanagalla,Pattalagedara
Western,Gampaha,Attanagalla,Hiripitiya South
Western,Gampaha,Attanagalla,Wataddara
Western,Gampaha,Attanagalla,Wataddara West
Western,Gampaha,Attanagalla,Magalegoda
Western,Gampaha,Attanagalla,Magalegoda South
Western,Gampaha,Attanagalla,Heendeniya
Western,Gampaha,Attanagalla,Pattigoda
Western,Gampaha,Attanagalla,Wataddara South
Western,Gampaha,Attanagalla,Hiripitiya Pahala
Western,Gampaha,Attanagalla,Danvilana
Western,Gampaha,Attanagalla,Dadagamuwa East
Western,Gampaha,Attanagalla,Pinnagolla
Western,Gampaha,Attanagalla,Egoda Nittambuwa
Western,Gampaha,Attanagalla,Horagollagama
Western,Gampaha,Attanagalla,Nambadaluwa West
Western,Gampaha,Attanagalla,Nambadaluwa East
Western,Gampaha,Attanagalla,Ranpokunagama A Zone
Western,Gampaha,Attanagalla,Ellakkala West
Western,Gampaha,Attanagalla,Maimbula
Western,Gampaha,Attanagalla,Ranpokunagama
Western,Gampaha,Attanagalla,Ranpokunagama D Zone
Western,Gampaha,Attanagalla,Ranpokunagama C Zone
Western,Gampaha,Attanagalla,Ranpokunagama B Zone
Western,Gampaha,Attanagalla,Maduwegedara
Western,Gampaha,Attanagalla,Yatiyana
Western,Gampaha,Attanagalla,Orchardwatta North
Western,Gampaha,Attanagalla,Malwatta
Western,Gampaha,Attanagalla,Thihariya North
Western,Gampaha,Attanagalla,Katuwasgoda West
Western,Gampaha,Attanagalla,Katuwasgoda
Western,Gampaha,Attanagalla,Dadagamuwa
Western,Gampaha,Attanagalla,Mudagamuwa
Western,Gampaha,Attanagalla,Bandarabatawala
Western,Gampaha,Attanagalla,Pitiyegedara
Western,Gampaha,Attanagalla,Daraluwa
Western,Gampaha,Attanagalla,Bemmulla
Western,Gampaha,Attanagalla,Kandaoluwawa
Western,Gampaha,Attanagalla,Raniswala
Western,Gampaha,Attanagalla,Sapugasthenna
Western,Gampaha,Attanagalla,Thiriwanegama South
Western,Gampaha,Attanagalla,Thiriwanegama North
Western,Gampaha,Attanagalla,Halgampitiya
Western,Gampaha,Attanagalla,Kalagedihena
Western,Gampaha,Attanagalla,Thihariyagama
Western,Gampaha,Attanagalla,Thihariya East
Western,Gampaha,Attanagalla,Kalotuwawa
Western,Gampaha,Attanagalla,Kattota
Western,Gampaha,Attanagalla,Orchardwatta South
Western,Gampaha,Attanagalla,Bogoda
Western,Gampaha,Attanagalla,Mathalana West
Western,Gampaha,Attanagalla,Wathupitiwala
Western,Gampaha,Attanagalla,Walpola
Western,Gampaha,Attanagalla,Haggalla
Western,Gampaha,Attanagalla,Ellakkala
Western,Gampaha,Attanagalla,Godagama West
Western,Gampaha,Attanagalla,Godagama
Western,Gampaha,Attanagalla,Welikadamulla
Western,Gampaha,Attanagalla,Karasnagala
Western,Gampaha,Attanagalla,Alawala North
Western,Gampaha,Attanagalla,Etha Udakanda
Western,Gampaha,Attanagalla,Alawala South
Western,Gampaha,Attanagalla,Nikahetikanda
Western,Gampaha,Attanagalla,Karasnagala South
Western,Gampaha,Attanagalla,Palkumbura
Western,Gampaha,Attanagalla,Pelpita
Western,Gampaha,Attanagalla,Walaliyadda
Western,Gampaha,Attanagalla,Haggalla East
Western,Gampaha,Attanagalla,Diyakade
Western,Gampaha,Attanagalla,Welagedara
Western,Gampaha,Attanagalla,Kamburagalla
Western,Gampaha,Attanagalla,Mathalana North
Western,Gampaha,Attanagalla,Mathalana
Western,Gampaha,Attanagalla,Meewala
Western,Gampaha,Attanagalla,Kittammahara
Western,Gampaha,Attanagalla,Thihariya South
Western,Gampaha,Attanagalla,Pahala Thihariya
Western,Gampaha,Attanagalla,Thihariya West
Western,Gampaha,Attanagalla,Bogamuwa
Western,Gampaha,Attanagalla,Mangalathiriya
Western,Gampaha,Attanagalla,Pilankada
Western,Gampaha,Attanagalla,Bonegala
Western,Gampaha,Attanagalla,Meewala West
Western,Gampaha,Attanagalla,Udugoda West
Western,Gampaha,Attanagalla,Mathalana East
Western,Gampaha,Attanagalla,Udugoda
Western,Gampaha,Attanagalla,Pannila
Western,Gampaha,Attanagalla,Hunupola
Western,Gampaha,Attanagalla,Halpandeniya
Western,Gampaha,Attanagalla,Urapola
Western,Gampaha,Attanagalla,Wanduramulla
Western,Gampaha,Attanagalla,Deenapamunuwa West
Western,Gampaha,Attanagalla,Deenapamunuwa
Western,Gampaha,Attanagalla,Yatawaka
Western,Gampaha,Attanagalla,Sapugasthenna
Western,Gampaha,Attanagalla,Bopagama
Western,Gampaha,Attanagalla,Bopagama East
Western,Gampaha,Attanagalla,Meevitigammana
Western,Gampaha,Attanagalla,Bopetta South
Western,Gampaha,Attanagalla,Bopetta
Western,Gampaha,Attanagalla,Nagoda
Western,Gampaha,Attanagalla,Kurawalana
Western,Gampaha,Attanagalla,Kahatovita
Western,Gampaha,Attanagalla,Kahatovita West
Western,Gampaha,Attanagalla,Ogodapola North
Western,Gampaha,Attanagalla,Ogodapola
Western,Gampaha,Attanagalla,Kahambilihena
Western,Gampaha,Attanagalla,Udatuttiripitiya
Western,Gampaha,Attanagalla,Mattagoda
Western,Gampaha,Attanagalla,Weerangula
Western,Gampaha,Attanagalla,Weerangula South
Western,Gampaha,Attanagalla,Koskandawala North
Western,Gampaha,Attanagalla,Kirikittamulla
Western,Gampaha,Attanagalla,Kirikittamulla South
Western,Gampaha,Attanagalla,Koskandawala
Western,Gampaha,Attanagalla,Opathella
Western,Gampaha,Attanagalla,Paranagama
Western,Gampaha,Attanagalla,Paranagama East
Western,Gampaha,Attanagalla,Aruppassa
Western,Gampaha,Attanagalla,Madakotuwa West
Western,Gampaha,Attanagalla,Madakotuwa
Western,Gampaha,Attanagalla,Rathambale
Western,Gampaha,Attanagalla,Walgammulla
Western,Gampaha,Attanagalla,Ruwanpura
Western,Gampaha,Attanagalla,Lavulupitiya
Western,Gampaha,Attanagalla,Galboda
Western,Gampaha,Attanagalla,Dematalanda
Western,Gampaha,Attanagalla,Happitiya
Western,Gampaha,Dompe,Maryland Colony
Western,Gampaha,Dompe,Indurugalla
Western,Gampaha,Dompe,Wathurugama
Western,Gampaha,Dompe,Bandaranayakapura West
Western,Gampaha,Dompe,Bandaranayakapura East
Western,Gampaha,Dompe,Mailawalana
Western,Gampaha,Dompe,Mailawalana South
Western,Gampaha,Dompe,Thimbirigama
Western,Gampaha,Dompe,Mahal Loluwa
Western,Gampaha,Dompe,Millathe Ihala
Western,Gampaha,Dompe,Pingamuwa
Western,Gampaha,Dompe,Pahala Millathe
Western,Gampaha,Dompe,Millathe
Western,Gampaha,Dompe,Kirindiwela
Western,Gampaha,Dompe,Bogahawatta
Western,Gampaha,Dompe,Rambutanwatta
Western,Gampaha,Dompe,Etambagahawatta
Western,Gampaha,Dompe,Kannimahara
Western,Gampaha,Dompe,Radawana North
Western,Gampaha,Dompe,Palupelpita
Western,Gampaha,Dompe,Kithulakanda
Western,Gampaha,Dompe,Radawana South
Western,Gampaha,Dompe,Alliyawatta
Western,Gampaha,Dompe,Diyawala North
Western,Gampaha,Dompe,Diyawala
Western,Gampaha,Dompe,Meddegama
Western,Gampaha,Dompe,Udagama
Western,Gampaha,Dompe,Vihara Kumbura
Western,Gampaha,Dompe,Kuttivila
Western,Gampaha,Dompe,Thalgaswatta
Western,Gampaha,Dompe,Kendagolla
Western,Gampaha,Dompe,Udawela
Western,Gampaha,Dompe,Kirimetiyawatta
Western,Gampaha,Dompe,Hiswella
Western,Gampaha,Dompe,Kiriwana
Western,Gampaha,Dompe,Meddegama North
Western,Gampaha,Dompe,Meddegama South
Western,Gampaha,Dompe,Werahera
Western,Gampaha,Dompe,Pallegama South
Western,Gampaha,Dompe,Pallegama
Western,Gampaha,Dompe,Anuragoda
Western,Gampaha,Dompe,Weralugampala
Western,Gampaha,Dompe,Nedungolla South
Western,Gampaha,Dompe,Nedungolla
Western,Gampaha,Dompe,Nandarama Pedesa
Western,Gampaha,Dompe,Mandawala North
Western,Gampaha,Dompe,Mawatha
Western,Gampaha,Dompe,Parakadamulla
Western,Gampaha,Dompe,Nakandapola
Western,Gampaha,Dompe,Keragala
Western,Gampaha,Dompe,Weliketiyawatta
Western,Gampaha,Dompe,Kurunduhena
Western,Gampaha,Dompe,Baduwatta
Western,Gampaha,Dompe,Mandawala South
Western,Gampaha,Dompe,Anuragoda South
Western,Gampaha,Dompe,Walpola
Western,Gampaha,Dompe,Pepiliyawala
Western,Gampaha,Dompe,Ganihigama North
Western,Gampaha,Dompe,Watawala
Western,Gampaha,Dompe,Meethirigala
Western,Gampaha,Dompe,Polhena
Western,Gampaha,Dompe,Ganihigama South
Western,Gampaha,Dompe,Dangalla North
Western,Gampaha,Dompe,Meniklanda
Western,Gampaha,Dompe,Pelpita
Western,Gampaha,Dompe,Punchi Mandawala
Western,Gampaha,Dompe,Waharaka
Western,Gampaha,Dompe,Putupagala
Western,Gampaha,Dompe,Walaramba
Western,Gampaha,Dompe,Demalagama
Western,Gampaha,Dompe,Helummahara
Western,Gampaha,Dompe,Pananwala
Western,Gampaha,Dompe,Egoda Pelahela
Western,Gampaha,Dompe,Pelahela
Western,Gampaha,Dompe,Madurawa
Western,Gampaha,Dompe,Kajugaswatta
Western,Gampaha,Dompe,Ihala Lunugama
Western,Gampaha,Dompe,Meegahawatta
Western,Gampaha,Dompe,Yakambe
Western,Gampaha,Dompe,Pattiyagama
Western,Gampaha,Dompe,Dangalla
Western,Gampaha,Dompe,Ranwala
Western,Gampaha,Dompe,Wedagama
Western,Gampaha,Dompe,Udugama
Western,Gampaha,Dompe,Udakanampella South
Western,Gampaha,Dompe,Udakanampella
Western,Gampaha,Dompe,Senasungoda
Western,Gampaha,Dompe,Poogoda
Western,Gampaha,Dompe,Bangalawatta
Western,Gampaha,Dompe,Kumarimulla
Western,Gampaha,Dompe,Ovitigama
Western,Gampaha,Dompe,Parathapakanda
Western,Gampaha,Dompe,Dethemulla
Western,Gampaha,Dompe,Pahala Lunugama
Western,Gampaha,Dompe,Wanaluwawa North
Western,Gampaha,Dompe,Thelkekuna
Western,Gampaha,Dompe,Indolamulla
Western,Gampaha,Dompe,Parangoda
Western,Gampaha,Dompe,Namaluwa
Western,Gampaha,Dompe,Dekatana
Western,Gampaha,Dompe,Narampola
Western,Gampaha,Dompe,Kalukondayawa West
Western,Gampaha,Dompe,Kalukondayawa East
Western,Gampaha,Dompe,Galwalagoda
Western,Gampaha,Dompe,Ganegoda
Western,Gampaha,Dompe,Dompe
Western,Gampaha,Dompe,Iddamaldeniya
Western,Gampaha,Dompe,Guruwala
Western,Gampaha,Dompe,Egoda Guruwala
Western,Gampaha,Dompe,Wanaluwawa South
Western,Gampaha,Dompe,Giridara West
Western,Gampaha,Dompe,Galpothugoda
Western,Gampaha,Dompe,Nikawala
Western,Gampaha,Dompe,Kapugoda
Western,Gampaha,Dompe,Giridara
Western,Gampaha,Dompe,Malinda East
Western,Gampaha,Dompe,Malinda
Western,Gampaha,Dompe,Palugama
Western,Gampaha,Dompe,Degawatta
Western,Gampaha,Dompe,Pahala Dompe
Western,Gampaha,Dompe,Malwana
Western,Gampaha,Dompe,Pahala Mapitigama
Western,Gampaha,Dompe,Morahena
Western,Gampaha,Dompe,Kimbulvilawatta
Western,Gampaha,Dompe,Udamapitigama
Western,Gampaha,Dompe,Udamapitigama South
Western,Gampaha,Dompe,Palugama West
Western,Gampaha,Dompe,Welgama
Western,Gampaha,Dompe,Lansiyahena
Western,Gampaha,Dompe,Samanabedda North
Western,Gampaha,Dompe,Mahawalawatta
Western,Gampaha,Dompe,Thittapattara
Western,Gampaha,Dompe,Samanabedda
Western,Gampaha,Mahara,Kimbulgoda
Western,Gampaha,Mahara,Pituwalgoda
Western,Gampaha,Mahara,Kinigama
Western,Gampaha,Mahara,Maharagama
Western,Gampaha,Mahara,Siwralumulla
Western,Gampaha,Mahara,Pilikuttuwa
Western,Gampaha,Mahara,Yongammulla
Western,Gampaha,Mahara,Ambagaspitiya
Western,Gampaha,Mahara,Warapalana
Western,Gampaha,Mahara,Kandumulla
Western,Gampaha,Mahara,Pasgammana
Western,Gampaha,Mahara,Maligathenna
Western,Gampaha,Mahara,Batepola North
Western,Gampaha,Mahara,Batepola
Western,Gampaha,Mahara,Amunukumbura
Western,Gampaha,Mahara,Malwathuhiripitiya
Western,Gampaha,Mahara,Buthpitiya North
Western,Gampaha,Mahara,Uruwala East
Western,Gampaha,Mahara,Uruwala West
Western,Gampaha,Mahara,Buthpitiya South
Western,Gampaha,Mahara,Neelamahara North
Western,Gampaha,Mahara,Neelamahara South
Western,Gampaha,Mahara,Aramangoda North
Western,Gampaha,Mahara,Puwakpitiya
Western,Gampaha,Mahara,Amunukumbura South
Western,Gampaha,Mahara,Balivila
Western,Gampaha,Mahara,Vilimbula North
Western,Gampaha,Mahara,Vilimbula South
Western,Gampaha,Mahara,Aramangoda
Western,Gampaha,Mahara,Kahatana
Western,Gampaha,Mahara,Henegama
Western,Gampaha,Mahara,Etikehelgalla East
Western,Gampaha,Mahara,Etikehelgalla West
Western,Gampaha,Mahara,Kirikitta North
Western,Gampaha,Mahara,Kirikitta East
Western,Gampaha,Mahara,Kirikitta West
Western,Gampaha,Mahara,Ahugammana
Western,Gampaha,Mahara,Naranwala South
Western,Gampaha,Mahara,Naranwala
Western,Gampaha,Mahara,Udupila East
Western,Gampaha,Mahara,Udupila South
Western,Gampaha,Mahara,Udupila North
Western,Gampaha,Mahara,Webada South
Western,Gampaha,Mahara,Webada North
Western,Gampaha,Mahara,Webada West
Western,Gampaha,Mahara,Kirillawala North
Western,Gampaha,Mahara,Kirillawala
Western,Gampaha,Mahara,Kirillawala West
Western,Gampaha,Mahara,Sooriyapaluwa North
Western,Gampaha,Mahara,Kendaliyeddapaluwa East
Western,Gampaha,Mahara,Kendaliyeddapaluwa North
Western,Gampaha,Mahara,Dangahawela
Western,Gampaha,Mahara,Kendaliyeddapaluwa West
Western,Gampaha,Mahara,Mahara Nugegoda North
Western,Gampaha,Mahara,Mahara Nugegoda West
Western,Gampaha,Mahara,Mahara Nugegoda East
Western,Gampaha,Mahara,Sooriyapaluwa East
Western,Gampaha,Mahara,Sooriyapaluwa South
Western,Gampaha,Mahara,Rammuthugala
Western,Gampaha,Mahara,Kirillawala South
Western,Gampaha,Mahara,Webada East
Western,Gampaha,Mahara,Gonahena East
Western,Gampaha,Mahara,Gonahena North
Western,Gampaha,Mahara,Gonahena South
Western,Gampaha,Mahara,Gonahena West
Western,Gampaha,Mahara,Eldeniya East
Western,Gampaha,Mahara,Eldeniya West
Western,Gampaha,Mahara,Puwakwetiya
Western,Gampaha,Mahara,Ihala Karagahamuna South
Western,Gampaha,Mahara,Ihala Karagahamuna East
Western,Gampaha,Mahara,Ihala Karagahamuna North
Western,Gampaha,Mahara,Mahara Nugegoda South
Western,Gampaha,Mahara,Neligama
Western,Gampaha,Mahara,Pahala Karagahamuna North
Western,Gampaha,Mahara,Pahala Karagahamuna East
Western,Gampaha,Mahara,Pahala Karagahamuna West
Western,Gampaha,Mahara,Kopiwatta
Western,Gampaha,Mahara,Dalupitiya East
Western,Gampaha,Mahara,Kirimetiyagara
Western,Gampaha,Mahara,Dalupitiya South
Western,Gampaha,Mahara,Dalupitiya West
Western,Gampaha,Mahara,Pinnameda West
Western,Gampaha,Mahara,Gongithota
Western,Gampaha,Mahara,Appugewatta
Western,Gampaha,Mahara,Gongithota West
Western,Gampaha,Mahara,Enderamulla South
Western,Gampaha,Mahara,Enderamulla East
Western,Gampaha,Mahara,Pinnameda
Western,Gampaha,Mahara,Nathuduwa
Western,Gampaha,Mahara,Enderamulla West
Western,Gampaha,Mahara,Nathuduwa West
Western,Gampaha,Mahara,Akbar Town
Western,Gampaha,Kelaniya,Welegoda
Western,Gampaha,Kelaniya,Hunupitiya North
Western,Gampaha,Kelaniya,Nahena
Western,Gampaha,Kelaniya,Eriyawetiya
Western,Gampaha,Kelaniya,Kiribathgoda
Western,Gampaha,Kelaniya,Thalawathuhenpita North
Western,Gampaha,Kelaniya,Thalawathuhenpita South
Western,Gampaha,Kelaniya,Kendahena
Western,Gampaha,Kelaniya,Egoda Eriyawetiya
Western,Gampaha,Kelaniya,Hunupitiya East
Western,Gampaha,Kelaniya,Hunupitiya South
Western,Gampaha,Kelaniya,Wanawasala West
Western,Gampaha,Kelaniya,Wanawasala East
Western,Gampaha,Kelaniya,Dippitigoda
Western,Gampaha,Kelaniya,Weweldoowa
Western,Gampaha,Kelaniya,Warakanatta
Western,Gampaha,Kelaniya,Koholvila
Western,Gampaha,Kelaniya,Dalugamgoda
Western,Gampaha,Kelaniya,Nungamugoda
Western,Gampaha,Kelaniya,Dalugama
Western,Gampaha,Kelaniya,Himbutuwelgoda
Western,Gampaha,Kelaniya,Pattiya East
Western,Gampaha,Kelaniya,Pattiya North
Western,Gampaha,Kelaniya,Meegahawatta
Western,Gampaha,Kelaniya,Peliyagodawatta
Western,Gampaha,Kelaniya,Peliyagoda Gangabada
Western,Gampaha,Kelaniya,Peliyagoda Gangabada East
Western,Gampaha,Kelaniya,Pattiya West
Western,Gampaha,Kelaniya,Wedamulla
Western,Gampaha,Kelaniya,Galborella
Western,Gampaha,Kelaniya,Polhena
Western,Gampaha,Kelaniya,Kelaniya
Western,Gampaha,Kelaniya,Sinharamulla North
Western,Gampaha,Kelaniya,Pilapitiya
Western,Gampaha,Kelaniya,Pethiyagoda
Western,Gampaha,Kelaniya,Mewella
Western,Gampaha,Kelaniya,Sinharamulla
Western,Gampaha,Biyagama,Pahala Biyanvila East
Western,Gampaha,Biyagama,Ihala Biyanvila North
Western,Gampaha,Biyagama,Ihala Biyanvila Central
Western,Gampaha,Biyagama,Mawaramandiya
Western,Gampaha,Biyagama,Meegahawatta West
Western,Gampaha,Biyagama,Meegahawatta East
Western,Gampaha,Biyagama,Kammalwatta
Western,Gampaha,Biyagama,Delgoda
Western,Gampaha,Biyagama,Athurumulla
Western,Gampaha,Biyagama,Kanduboda East
Western,Gampaha,Biyagama,Kanduboda West
Western,Gampaha,Biyagama,Siyambalape Watta
Western,Gampaha,Biyagama,Daranagama
Western,Gampaha,Biyagama,Siyambalape North
Western,Gampaha,Biyagama,Heiyanthuduwa North
Western,Gampaha,Biyagama,Makola South Ihala
Western,Gampaha,Biyagama,Makola North Ihala
Western,Gampaha,Biyagama,Makola North Central
Western,Gampaha,Biyagama,Pahala Biyanvila West
Western,Gampaha,Biyagama,Pahala Biyanvila Central
Western,Gampaha,Biyagama,Makola North Pahala
Western,Gampaha,Biyagama,Makola South Pahala
Western,Gampaha,Biyagama,Pamunuvila
Western,Gampaha,Biyagama,Gonawala East
Western,Gampaha,Biyagama,Sapugaskanda
Western,Gampaha,Biyagama,Heiyanthuduwa West
Western,Gampaha,Biyagama,Heiyanthuduwa East
Western,Gampaha,Biyagama,Siyambalape South
Western,Gampaha,Biyagama,Yatihena
Western,Gampaha,Biyagama,Ulahitiwala
Western,Gampaha,Biyagama,Walgama West
Western,Gampaha,Biyagama,Biyagama North
Western,Gampaha,Biyagama,Biyagama West
Western,Gampaha,Biyagama,Heiyanthuduwa South
Western,Gampaha,Biyagama,Mabima East
Western,Gampaha,Biyagama,Mabima West
Western,Gampaha,Biyagama,Pattivila North
Western,Gampaha,Biyagama,Gonawala Central
Western,Gampaha,Biyagama,Galedanda
Western,Gampaha,Biyagama,Gonawala West
Western,Gampaha,Biyagama,Thalwatta
Western,Gampaha,Biyagama,Bollegala
Western,Gampaha,Biyagama,Pattivila South
Western,Gampaha,Biyagama,Biyagama South
Western,Gampaha,Biyagama,Biyagama East
Western,Gampaha,Biyagama,Yabaraluwa North
Western,Gampaha,Biyagama,Yabaraluwa South
Western,Gampaha,Biyagama,Malwana Town
Western,Gampaha,Biyagama,Walgama East
Western,Kalutara,Panadura,Horethuduwa North
Western,Kalutara,Panadura,Horethuduwa
Western,Kalutara,Panadura,Horethuduwa Central
Western,Kalutara,Panadura,Horethuduwa South
Western,Kalutara,Panadura,Gorakana
Western,Kalutara,Panadura,Gorakana South
Western,Kalutara,Panadura,Paratta West
Western,Kalutara,Panadura,Paratta
Western,Kalutara,Panadura,Diggala
Western,Kalutara,Panadura,Keselwatta
Western,Kalutara,Panadura,Sarikkamulla
Western,Kalutara,Panadura,Henamulla
Western,Kalutara,Panadura,Wattalpola
Western,Kalutara,Panadura,Miriyawatta
Western,Kalutara,Panadura,Thotawatta
Western,Kalutara,Panadura,Werawatta
Western,Kalutara,Panadura,Pallimulla
Western,Kalutara,Panadura,Gorakapola
Western,Kalutara,Panadura,Walana North
Western,Kalutara,Panadura,Ambalanduwa
Western,Kalutara,Panadura,Galthude North
Western,Kalutara,Panadura,Galthude
Western,Kalutara,Panadura,Hirana West
Western,Kalutara,Panadura,Hirana
Western,Kalutara,Panadura,Thanthirimulla East
Western,Kalutara,Panadura,Thanthirimulla
Western,Kalutara,Panadura,Bekkegama
Western,Kalutara,Panadura,Walana South
Western,Kalutara,Panadura,Walana
Western,Kalutara,Panadura,Udahamulla
Western,Kalutara,Panadura,Punchideniya
Western,Kalutara,Panadura,Malamulla West
Western,Kalutara,Panadura,Kiriberiya
Western,Kalutara,Panadura,Malamulla
Western,Kalutara,Panadura,Kuruppumulla
Western,Kalutara,Panadura,Etambagoda
Western,Kalutara,Panadura,Pattiya North
Western,Kalutara,Panadura,Bazaar North
Western,Kalutara,Panadura,Sagara Place
Western,Kalutara,Panadura,Bazaar West
Western,Kalutara,Panadura,Bazaar
Western,Kalutara,Panadura,Walapala Pattiya
Western,Kalutara,Panadura,Walapala
Western,Kalutara,Panadura,Eluvila
Western,Kalutara,Panadura,Wekada East
Western,Kalutara,Panadura,Wekada North
Western,Kalutara,Panadura,Wekada West
Western,Kalutara,Panadura,Pattiya
Western,Kalutara,Panadura,Uyankele
Western,Kalutara,Panadura,Pattiya South
Western,Kalutara,Panadura,Kaludewala
Western,Kalutara,Panadura,Kaludewala East
Western,Kalutara,Panadura,Moravinna
Western,Kalutara,Panadura,Nallooruwa North
Western,Kalutara,Panadura,Nallooruwa
Western,Kalutara,Panadura,Dibbedda
Western,Kalutara,Panadura,Dibbedda North
Western,Kalutara,Panadura,Narampitiya
Western,Kalutara,Panadura,Pinwatta
Western,Kalutara,Panadura,Pinwatta West
Western,Kalutara,Panadura,Thalpitiya North
Western,Kalutara,Panadura,Thalpitiya South
Western,Kalutara,Panadura,Pallimankada
Western,Kalutara,Panadura,Wadduwa West
Western,Kalutara,Panadura,Wadduwa East
Western,Kalutara,Panadura,Maha Wadduwa
Western,Kalutara,Panadura,Pattieliya
Western,Kalutara,Panadura,Kuda Wadduwa
Western,Kalutara,Panadura,Wadduwa South
Western,Kalutara,Panadura,Molligoda
Western,Kalutara,Panadura,Molligoda North
Western,Kalutara,Panadura,Molligoda South
Western,Kalutara,Bandaragama,Kidelpitiya West
Western,Kalutara,Bandaragama,Kidelpitiya East
Western,Kalutara,Bandaragama,Senapura
Western,Kalutara,Bandaragama,Newdawa
Western,Kalutara,Bandaragama,Aluthgama
Western,Kalutara,Bandaragama,Alothiyawa
Western,Kalutara,Bandaragama,Walgama North
Western,Kalutara,Bandaragama,Rerukana
Western,Kalutara,Bandaragama,Samaranayakapura
Western,Kalutara,Bandaragama,Kothalawala
Western,Kalutara,Bandaragama,Veedagama East
Western,Kalutara,Bandaragama,Walgama South
Western,Kalutara,Bandaragama,Gammanpila
Western,Kalutara,Bandaragama,Medagama
Western,Kalutara,Bandaragama,Alubomulla East
Western,Kalutara,Bandaragama,Kuda Aruggoda East
Western,Kalutara,Bandaragama,Maha Aruggoda
Western,Kalutara,Bandaragama,Kuda Aruggoda West
Western,Kalutara,Bandaragama,Batadombathuduwa
Western,Kalutara,Bandaragama,Miriswatta
Western,Kalutara,Bandaragama,Wanduramulla West
Western,Kalutara,Bandaragama,Pinwala East
Western,Kalutara,Bandaragama,Pinwala West
Western,Kalutara,Bandaragama,Wanduramulla East
Western,Kalutara,Bandaragama,Mahavila
Western,Kalutara,Bandaragama,Pamunugama
Western,Kalutara,Bandaragama,Alubomulla West
Western,Kalutara,Bandaragama,Rambukkana North
Western,Kalutara,Bandaragama,Kamburugoda West
Western,Kalutara,Bandaragama,Kamburugoda East
Western,Kalutara,Bandaragama,Veedagama West
Western,Kalutara,Bandaragama,Gelanigama
Western,Kalutara,Bandaragama,Raigama South
Western,Kalutara,Bandaragama,Raigama West
Western,Kalutara,Bandaragama,Raigama East
Western,Kalutara,Bandaragama,Raigama North
Western,Kalutara,Bandaragama,Kolamediriya North
Western,Kalutara,Bandaragama,Bandaragama East
Western,Kalutara,Bandaragama,Bandaragama
Western,Kalutara,Bandaragama,Rambukkana South
Western,Kalutara,Bandaragama,Bolgoda
Western,Kalutara,Bandaragama,Mahabellana
Western,Kalutara,Bandaragama,Imbulliha
Western,Kalutara,Bandaragama,Diganathuduwa
Western,Kalutara,Bandaragama,Madupitiya
Western,Kalutara,Bandaragama,Mahawatta
Western,Kalutara,Bandaragama,Bandaragama West
Western,Kalutara,Bandaragama,Yatiyana
Western,Kalutara,Bandaragama,Wevita
Western,Kalutara,Bandaragama,Atulugama East
Western,Kalutara,Bandaragama,Panape
Western,Kalutara,Bandaragama,Galgemandiya
Western,Kalutara,Bandaragama,Atulugama West
Western,Kalutara,Bandaragama,Bamunumulla (Muslim)
Western,Kalutara,Bandaragama,Bamunumulla
Western,Kalutara,Bandaragama,Epitamulla
Western,Kalutara,Bandaragama,Korawala
Western,Kalutara,Bandaragama,Bogahawatta
Western,Kalutara,Bandaragama,Kimmanthudawa
Western,Kalutara,Horana,Kotigamgoda
Western,Kalutara,Horana,Pahala Millewa North
Western,Kalutara,Horana,Pahala Millewa South
Western,Kalutara,Horana,Ihala Millewa North
Western,Kalutara,Horana,Ihala Millewa South
Western,Kalutara,Horana,Thalagala East
Western,Kalutara,Horana,Thalagala North
Western,Kalutara,Horana,Thalagala West
Western,Kalutara,Horana,Olaboduwa North
Western,Kalutara,Horana,Koralaima
Western,Kalutara,Horana,Godigamuwa East
Western,Kalutara,Horana,Halapitiya
Western,Kalutara,Horana,Welmilla
Western,Kalutara,Horana,Godigamuwa West
Western,Kalutara,Horana,Palannoruwa
Western,Kalutara,Horana,Olaboduwa South
Western,Kalutara,Horana,Olaboduwa East
Western,Kalutara,Horana,Thalagala South
Western,Kalutara,Horana,Pannila
Western,Kalutara,Horana,Kahatapitiya
Western,Kalutara,Horana,Uduwa North
Western,Kalutara,Horana,Kidelpitiya
Western,Kalutara,Horana,Gorokgoda
Western,Kalutara,Horana,Dambara
Western,Kalutara,Horana,Handupelpola
Western,Kalutara,Horana,Kuda Uduwa
Western,Kalutara,Horana,Maha Uduwa
Western,Kalutara,Horana,Kananvila North
Western,Kalutara,Horana,Batuvita North
Western,Kalutara,Horana,Kumbuka East
Western,Kalutara,Horana,Kumbuka South
Western,Kalutara,Horana,Kumbuka North
Western,Kalutara,Horana,Kumbuka West
Western,Kalutara,Horana,Pokunuvita
Western,Kalutara,Horana,Batuvita South
Western,Kalutara,Horana,Meemana
Western,Kalutara,Horana,Kananvila South
Western,Kalutara,Horana,Uduwa South
Western,Kalutara,Horana,Kirigalahena
Western,Kalutara,Horana,Meewanapalana West
Western,Kalutara,Horana,Meewanapalana East
Western,Kalutara,Horana,Gurugoda
Western,Kalutara,Horana,Munagama East
Western,Kalutara,Horana,Midellamulahena
Western,Kalutara,Horana,Ovitiyagala
Western,Kalutara,Horana,Aramanagolla
Western,Kalutara,Horana,Werullahena
Western,Kalutara,Horana,Kulupana
Western,Kalutara,Horana,Kanewala
Western,Kalutara,Horana,Henegama
Western,Kalutara,Horana,Gal Edandugoda
Western,Kalutara,Horana,Horana North
Western,Kalutara,Horana,Munagama West
Western,Kalutara,Horana,Dikhenagama
Western,Kalutara,Horana,Narthanagala
Western,Kalutara,Horana,Horana South
Western,Kalutara,Horana,Wewala West
Western,Kalutara,Horana,Halthotiyawatta
Western,Kalutara,Horana,Mahena
Western,Kalutara,Horana,Wewala East
Western,Kalutara,Horana,Horana East
Western,Kalutara,Ingiriya,Menerigama
Western,Kalutara,Ingiriya,Arakavila
Western,Kalutara,Ingiriya,Kandanapitiya
Western,Kalutara,Ingiriya,Kottiyawatta
Western,Kalutara,Ingiriya,Kurana North
Western,Kalutara,Ingiriya,Kurana South
Western,Kalutara,Ingiriya,Kotigala
Western,Kalutara,Ingiriya,Handapangoda East
Western,Kalutara,Ingiriya,Handapangoda West
Western,Kalutara,Ingiriya,Kekuladola
Western,Kalutara,Ingiriya,Handapangoda South
Western,Kalutara,Ingiriya,Batugampala
Western,Kalutara,Ingiriya,Raigam Watta
Western,Kalutara,Ingiriya,Maha Ingiriya
Western,Kalutara,Ingiriya,Nambapana
Western,Kalutara,Ingiriya,Urugala East
Western,Kalutara,Ingiriya,Ingiriya East
Western,Kalutara,Ingiriya,Ingiriya North
Western,Kalutara,Ingiriya,Nimalagama
Western,Kalutara,Ingiriya,Eduragala
Western,Kalutara,Ingiriya,Maputugala
Western,Kalutara,Ingiriya,Pelpitigoda
Western,Kalutara,Ingiriya,Rathmalgoda East
Western,Kalutara,Ingiriya,Rathmalgoda West
Western,Kalutara,Ingiriya,Poruwadanda West
Western,Kalutara,Ingiriya,Poruwadanda East
Western,Kalutara,Ingiriya,Wagawatta
Western,Kalutara,Ingiriya,Kekulaliya
Western,Kalutara,Ingiriya,Dombagaskanda
Western,Kalutara,Ingiriya,Ingiriya West
Western,Kalutara,Ingiriya,Urugala West
Western,Kalutara,Bulathsinhala,Ihala Naragala
Western,Kalutara,Bulathsinhala,Kobawaka North
Western,Kalutara,Bulathsinhala,Diwalakada
Western,Kalutara,Bulathsinhala,Meegahakumbura
Western,Kalutara,Bulathsinhala,Yahalawatta
Western,Kalutara,Bulathsinhala,Bothale Gamgoda
Western,Kalutara,Bulathsinhala,Kongasthenna
Western,Kalutara,Bulathsinhala,Halwathura
Western,Kalutara,Bulathsinhala,Amaragedara North
Western,Kalutara,Bulathsinhala,Bothale
Western,Kalutara,Bulathsinhala,Bulathsinhala North
Western,Kalutara,Bulathsinhala,Egaloya
Western,Kalutara,Bulathsinhala,Kobawaka South
Western,Kalutara,Bulathsinhala,Ihala Naragala South
Western,Kalutara,Bulathsinhala,Govinna North
Western,Kalutara,Bulathsinhala,Pahala Naragala
Western,Kalutara,Bulathsinhala,Dewamulla
Western,Kalutara,Bulathsinhala,Govinna South
Western,Kalutara,Bulathsinhala,Retiyala
Western,Kalutara,Bulathsinhala,Galahena
Western,Kalutara,Bulathsinhala,Bulathsinhala South
Western,Kalutara,Bulathsinhala,Bulathsinhala
Western,Kalutara,Bulathsinhala,Bulathsinhala Central
Western,Kalutara,Bulathsinhala,Amaragedara South
Western,Kalutara,Bulathsinhala,Delmella
Western,Kalutara,Bulathsinhala,Udugalakanda
Western,Kalutara,Bulathsinhala,Niggaha
Western,Kalutara,Bulathsinhala,Yatagampitiya
Western,Kalutara,Bulathsinhala,Karaldekma
Western,Kalutara,Bulathsinhala,Bulathsinhala East
Western,Kalutara,Bulathsinhala,Damparadugoda
Western,Kalutara,Bulathsinhala,Pahala Welgama
Western,Kalutara,Bulathsinhala,Bulathsinhala West
Western,Kalutara,Bulathsinhala,Diyakaduwa East
Western,Kalutara,Bulathsinhala,Diyakaduwa West
Western,Kalutara,Bulathsinhala,Bogahawatta
Western,Kalutara,Bulathsinhala,Mahagama North
Western,Kalutara,Bulathsinhala,Demodarawatta
Western,Kalutara,Bulathsinhala,Thennahena
Western,Kalutara,Bulathsinhala,Ihala Welgama
Western,Kalutara,Bulathsinhala,Paragoda West
Western,Kalutara,Bulathsinhala,Paragoda East
Western,Kalutara,Bulathsinhala,Molkawa
Western,Kalutara,Bulathsinhala,Galahitiya
Western,Kalutara,Bulathsinhala,Mahagama East
Western,Kalutara,Bulathsinhala,Polegoda West
Western,Kalutara,Bulathsinhala,Mahagama West
Western,Kalutara,Bulathsinhala,Pahala Kudaligama
Western,Kalutara,Bulathsinhala,Ihala Kudaligama
Western,Kalutara,Bulathsinhala,Weyangalla West
Western,Kalutara,Bulathsinhala,Weyangalla East
Western,Kalutara,Bulathsinhala,Mahagama South
Western,Kalutara,Bulathsinhala,Muduna
Western,Kalutara,Bulathsinhala,Gamagewatta
Western,Kalutara,Madurawala,Ilimba
Western,Kalutara,Madurawala,Kandana North
Western,Kalutara,Madurawala,Kandana South
Western,Kalutara,Madurawala,Elawella
Western,Kalutara,Madurawala,Bellapitiya West
Western,Kalutara,Madurawala,Mahena South
Western,Kalutara,Madurawala,Bellapitiya East
Western,Kalutara,Madurawala,Walpita
Western,Kalutara,Madurawala,Werawatta
Western,Kalutara,Madurawala,Peramunagama
Western,Kalutara,Madurawala,Weliketella
Western,Kalutara,Madurawala,Remuna
Western,Kalutara,Madurawala,Mahayala East
Western,Kalutara,Madurawala,Kananvila
Western,Kalutara,Madurawala,Mahayala West
Western,Kalutara,Madurawala,Hallankanda
Western,Kalutara,Madurawala,Koodella
Western,Kalutara,Madurawala,Madurawala East
Western,Kalutara,Madurawala,Kudayala
Western,Kalutara,Madurawala,Pahala Karannagoda
Western,Kalutara,Madurawala,Anguruwathota
Western,Kalutara,Madurawala,Madurawala West
Western,Kalutara,Madurawala,Keselhenawa
Western,Kalutara,Madurawala,Karannagoda
Western,Kalutara,Madurawala,Ihala Karannagoda
Western,Kalutara,Madurawala,Katuhena
Western,Kalutara,Madurawala,Warakagoda North
Western,Kalutara,Madurawala,Warakagoda West
Western,Kalutara,Madurawala,Warakagoda South
Western,Kalutara,Madurawala,Warakagoda East
Western,Kalutara,Madurawala,Nahalla
Western,Kalutara,Madurawala,Pahalagoda
Western,Kalutara,Madurawala,Ihalagoda
Western,Kalutara,Millaniya,Gungamuwa
Western,Kalutara,Millaniya,Bellanthudawa
Western,Kalutara,Millaniya,Kelesgamuwa
Western,Kalutara,Millaniya,Welikala
Western,Kalutara,Millaniya,Thibbotugoda
Western,Kalutara,Millaniya,Lenawara
Western,Kalutara,Millaniya,Halthota
Western,Kalutara,Millaniya,Langana
Western,Kalutara,Millaniya,Deldorawatta
Western,Kalutara,Millaniya,Millaniya
Western,Kalutara,Millaniya,Raddegoda
Western,Kalutara,Millaniya,Delkada
Western,Kalutara,Millaniya,Paragasthota
Western,Kalutara,Millaniya,Dikhena
Western,Kalutara,Millaniya,Arakagoda
Western,Kalutara,Millaniya,Kennanthudawa
Western,Kalutara,Millaniya,Mawathgama
Western,Kalutara,Millaniya,Yalagala
Western,Kalutara,Millaniya,Labugama
Western,Kalutara,Millaniya,Pethigamuwa North
Western,Kalutara,Millaniya,Pethigamuwa South
Western,Kalutara,Millaniya,Weniwelpitiya
Western,Kalutara,Millaniya,Millagaspola
Western,Kalutara,Millaniya,Boralessa
Western,Kalutara,Millaniya,Pelpola
Western,Kalutara,Millaniya,Imbulahena
Western,Kalutara,Millaniya,Punsiripura
Western,Kalutara,Millaniya,Galpatha West
Western,Kalutara,Millaniya,Galpatha East
Western,Kalutara,Millaniya,Batagoda
Western,Kalutara,Millaniya,Mulkadakanda
Western,Kalutara,Millaniya,Adhikarigoda
Western,Kalutara,Millaniya,Dombagoda
Western,Kalutara,Millaniya,Uduwara North
Western,Kalutara,Millaniya,Uduwara West
Western,Kalutara,Millaniya,Uduwara East
Western,Kalutara,Millaniya,Uduwara South
Western,Kalutara,Millaniya,Pathakada
Western,Kalutara,Millaniya,Panagoda
Western,Kalutara,Millaniya,Yatawara South
Western,Kalutara,Millaniya,Mahadurupitiya
Western,Kalutara,Millaniya,Delgoda
Western,Kalutara,Millaniya,Yatawara North
Western,Kalutara,Millaniya,Begamuwa Thalahitiya
Western,Kalutara,Kalutara,Mestiya
Western,Kalutara,Kalutara,Maha Gonadoowa
Western,Kalutara,Kalutara,Kuda Gonadoowa
Western,Kalutara,Kalutara,Moronthuduwa North
Western,Kalutara,Kalutara,Mawala
Western,Kalutara,Kalutara,Melegama North
Western,Kalutara,Kalutara,Melegama South
Western,Kalutara,Kalutara,Habaralagahalanda
Western,Kalutara,Kalutara,Pohoddaramulla West
Western,Kalutara,Kalutara,Pohoddaramulla East
Western,Kalutara,Kalutara,Pothupitiya East
Western,Kalutara,Kalutara,Mawala South
Western,Kalutara,Kalutara,Maharekma
Western,Kalutara,Kalutara,Nandoowa
Western,Kalutara,Kalutara,Moronthuduwa South
Western,Kalutara,Kalutara,Kalapugama
Western,Kalutara,Kalutara,Kalapugama West
Western,Kalutara,Kalutara,Ariyagama
Western,Kalutara,Kalutara,Deldoowa
Western,Kalutara,Kalutara,Nugagoda
Western,Kalutara,Kalutara,Pothupitiya South
Western,Kalutara,Kalutara,Pothupitiya North
Western,Kalutara,Kalutara,Pothupitiya West
Western,Kalutara,Kalutara,Meda Pothupitiya
Western,Kalutara,Kalutara,Kuda Waskaduwa West
Western,Kalutara,Kalutara,Kuda Waskaduwa North
Western,Kalutara,Kalutara,Kuda Waskaduwa East
Western,Kalutara,Kalutara,Kapuhena
Western,Kalutara,Kalutara,Usgodella
Western,Kalutara,Kalutara,Panapitiya North
Western,Kalutara,Kalutara,Paraduwa
Western,Kalutara,Kalutara,Dodammulla
Western,Kalutara,Kalutara,Diyagama
Western,Kalutara,Kalutara,Panapitiya South
Western,Kalutara,Kalutara,Rannungala
Western,Kalutara,Kalutara,Uggalbada West
Western,Kalutara,Kalutara,Dediyawala
Western,Kalutara,Kalutara,Kuda Waskaduwa South
Western,Kalutara,Kalutara,Mahawaskaduwa South
Western,Kalutara,Kalutara,Mahawaskaduwa North
Western,Kalutara,Kalutara,Vilegoda North
Western,Kalutara,Kalutara,Malwatta
Western,Kalutara,Kalutara,Wijerathnawatta
Western,Kalutara,Kalutara,Uggalbada East
Western,Kalutara,Kalutara,Thekkawatta
Western,Kalutara,Kalutara,Jawatta
Western,Kalutara,Kalutara,Botnikwatta
Western,Kalutara,Kalutara,Kalutara North
Western,Kalutara,Kalutara,Deshasthra Kalutara
Western,Kalutara,Kalutara,Deshasthra Kalutara West
Western,Kalutara,Kalutara,Vidyasara
Western,Kalutara,Kalutara,Thotupala
Western,Kalutara,Kalutara,Ethanamadala
Western,Kalutara,Kalutara,Palathota
Western,Kalutara,Kalutara,Welapura
Western,Kalutara,Kalutara,Kalutara South
Western,Kalutara,Kalutara,Kuda Heenatiyangala
Western,Kalutara,Kalutara,Ilukwatta
Western,Kalutara,Kalutara,Vilegoda South
Western,Kalutara,Kalutara,Godaparagahahena
Western,Kalutara,Kalutara,Kithulawa
Western,Kalutara,Kalutara,Alwiswatta
Western,Kalutara,Kalutara,Etavila
Western,Kalutara,Kalutara,Akkaragoda
Western,Kalutara,Kalutara,Mahawatta
Western,Kalutara,Kalutara,Kalutara South A
Western,Kalutara,Kalutara,Kalapuwa
Western,Kalutara,Kalutara,Wettumakada
Western,Kalutara,Kalutara,Kurunduwatta
Western,Kalutara,Kalutara,Maha Heenatiyangala
Western,Kalutara,Kalutara,Wattamulla
Western,Kalutara,Kalutara,Alubogahalanda
Western,Kalutara,Kalutara,Rajawatta Aluth Kotasa
Western,Kalutara,Kalutara,Rajawatta Parana Kotasa
Western,Kalutara,Kalutara,Pulartan
Western,Kalutara,Kalutara,Uswatta
Western,Kalutara,Kalutara,Katukurunda
Western,Kalutara,Kalutara,Kalamulla North
Western,Kalutara,Kalutara,Nagoda West
Western,Kalutara,Kalutara,Kajudoowawatta
Western,Kalutara,Kalutara,Nagoda South
Western,Kalutara,Kalutara,Weniwelketiya
Western,Kalutara,Kalutara,Gallassa
Western,Kalutara,Kalutara,Kalamulla East
Western,Kalutara,Kalutara,Kalamulla South
Western,Kalutara,Kalutara,Ethagama West
Western,Kalutara,Kalutara,Ethagama East
Western,Kalutara,Beruwala,Kuda Payagala North
Western,Kalutara,Beruwala,Mehimulla
Western,Kalutara,Beruwala,Pambe
Western,Kalutara,Beruwala,Hirigalgodella
Western,Kalutara,Beruwala,Malegoda
Western,Kalutara,Beruwala,Kuda Payagala South
Western,Kalutara,Beruwala,Payagala North
Western,Kalutara,Beruwala,Pinidiyamulla
Western,Kalutara,Beruwala,Viharakanda
Western,Kalutara,Beruwala,Palayangoda
Western,Kalutara,Beruwala,Weragala
Western,Kalutara,Beruwala,Katukurundugahalanda East
Western,Kalutara,Beruwala,Katukurundugahalanda West
Western,Kalutara,Beruwala,Pothuvila East
Western,Kalutara,Beruwala,Mahagammedda
Western,Kalutara,Beruwala,Maha Payagala
Western,Kalutara,Beruwala,Pothuvila West
Western,Kalutara,Beruwala,Munasinghagoda
Western,Kalutara,Beruwala,Diyalagoda
Western,Kalutara,Beruwala,Kapugoda
Western,Kalutara,Beruwala,Halkandavila
Western,Kalutara,Beruwala,Yovungama
Western,Kalutara,Beruwala,Doowegoda
Western,Kalutara,Beruwala,Kendagahavila
Western,Kalutara,Beruwala,Munhena
Western,Kalutara,Beruwala,Maggona East
Western,Kalutara,Beruwala,Akkaramale
Western,Kalutara,Beruwala,Maggona West
Western,Kalutara,Beruwala,Idiriligoda
Western,Kalutara,Beruwala,Kuda Magalkanda
Western,Kalutara,Beruwala,Magalkanda North
Western,Kalutara,Beruwala,Magalkanda South
Western,Kalutara,Beruwala,Akkara Asoowa
Western,Kalutara,Beruwala,Bubulalanda
Western,Kalutara,Beruwala,Kadurugasmulla
Western,Kalutara,Beruwala,Bandanagoda
Western,Kalutara,Beruwala,Kalavilakanda
Western,Kalutara,Beruwala,Walathara
Western,Kalutara,Beruwala,Pannila
Western,Kalutara,Beruwala,Cheenakotuwa
Western,Kalutara,Beruwala,Akkaragoda
Western,Kalutara,Beruwala,Karandagoda
Western,Kalutara,Beruwala,Marakkalahawatta
Western,Kalutara,Beruwala,Polkotuwa
Western,Kalutara,Beruwala,Paranakade
Western,Kalutara,Beruwala,Maradana
Western,Kalutara,Beruwala,Hettiyakanda
Western,Kalutara,Beruwala,Massalgoda
Western,Kalutara,Beruwala,Kankanamgoda
Western,Kalutara,Beruwala,Ambepitiya
Western,Kalutara,Beruwala,Pinhena
Western,Kalutara,Beruwala,Pinhena Colony
Western,Kalutara,Beruwala,Kalavila
Western,Kalutara,Beruwala,Malewangoda
Western,Kalutara,Beruwala,Padagoda
Western,Kalutara,Beruwala,Hettimulla
Western,Kalutara,Beruwala,Mahagoda
Western,Kalutara,Beruwala,Maligahena
Western,Kalutara,Beruwala,Moragalla
Western,Kalutara,Beruwala,Mullapitiya
Western,Kalutara,Beruwala,Gammedda
Western,Kalutara,Beruwala,Kaluwamodara North
Western,Kalutara,Beruwala,Galhena
Western,Kalutara,Beruwala,Alakadupitiya
Western,Kalutara,Beruwala,Welipitiya
Western,Kalutara,Beruwala,Pathirajagoda
Western,Kalutara,Beruwala,Kadiyawatta
Western,Kalutara,Beruwala,Malewana
Western,Kalutara,Beruwala,Adikarigoda
Western,Kalutara,Beruwala,Nakandalagoda
Western,Kalutara,Beruwala,Danwattagoda
Western,Kalutara,Beruwala,Kotapitiya
Western,Kalutara,Beruwala,Warapitiya
Western,Kalutara,Beruwala,Dharga Town East
Western,Kalutara,Beruwala,Ganga Addara
Western,Kalutara,Beruwala,Dharga Town
Western,Kalutara,Beruwala,Kaluwamodara East
Western,Kalutara,Beruwala,Kaluwamodara West
Western,Kalutara,Beruwala,Ganegama
Western,Kalutara,Beruwala,Seenawatta
Western,Kalutara,Beruwala,Aluthgama East
Western,Kalutara,Beruwala,Aluthgama West
Western,Kalutara,Dodangoda,Koholana North
Western,Kalutara,Dodangoda,Ukwatta
Western,Kalutara,Dodangoda,Bolossagama
Western,Kalutara,Dodangoda,Remunagoda North
Western,Kalutara,Dodangoda,Pelapitiyagoda
Western,Kalutara,Dodangoda,Pelapitiyagoda North
Western,Kalutara,Dodangoda,Pahala Nebada
Western,Kalutara,Dodangoda,Nebada
Western,Kalutara,Dodangoda,Nebada West
Western,Kalutara,Dodangoda,Thebuwana East
Western,Kalutara,Dodangoda,Thebuwana West
Western,Kalutara,Dodangoda,Remunagoda South
Western,Kalutara,Dodangoda,Gamagoda East
Western,Kalutara,Dodangoda,Serupita East
Western,Kalutara,Dodangoda,Serupita West
Western,Kalutara,Dodangoda,Koholana South
Western,Kalutara,Dodangoda,Adhikarigoda
Western,Kalutara,Dodangoda,Gamagoda West
Western,Kalutara,Dodangoda,Bombuwala North - West
Western,Kalutara,Dodangoda,Bombuwala North - Central
Western,Kalutara,Dodangoda,Bombuwala North - East
Western,Kalutara,Dodangoda,Bombuwala South - West
Western,Kalutara,Dodangoda,Bombuwala South - Central
Western,Kalutara,Dodangoda,Bombuwala South - East
Western,Kalutara,Dodangoda,Thudugala East
Western,Kalutara,Dodangoda,Wellatha
Western,Kalutara,Dodangoda,Ihala Nebada
Western,Kalutara,Dodangoda,Wattahena
Western,Kalutara,Dodangoda,Nehinna
Western,Kalutara,Dodangoda,Wadugama
Western,Kalutara,Dodangoda,Thudugala West
Western,Kalutara,Dodangoda,Dodangoda East - North
Western,Kalutara,Dodangoda,Dodangoda West - North
Western,Kalutara,Dodangoda,Dodangoda West - North West
Western,Kalutara,Dodangoda,Dodangoda West
Western,Kalutara,Dodangoda,Dodangoda West - Central
Western,Kalutara,Dodangoda,Dodangoda West - South
Western,Kalutara,Dodangoda,Dodangoda East - South
Western,Kalutara,Dodangoda,Sapugahawatta
Western,Kalutara,Dodangoda,Puhambugoda East
Western,Kalutara,Dodangoda,Dodangoda East
Western,Kalutara,Dodangoda,Dodangoda East - Central
Western,Kalutara,Dodangoda,Puhambugoda West
Western,Kalutara,Dodangoda,Eladoowa
Western,Kalutara,Dodangoda,Galpottavila
Western,Kalutara,Mathugama,Iddagoda West
Western,Kalutara,Mathugama,Iddagoda East
Western,Kalutara,Mathugama,Hiriketiya
Western,Kalutara,Mathugama,Panthiya
Western,Kalutara,Mathugama,Welimanana
Western,Kalutara,Mathugama,Bopitiya East
Western,Kalutara,Mathugama,Yattovita
Western,Kalutara,Mathugama,Mathugama West
Western,Kalutara,Mathugama,Mathugama North
Western,Kalutara,Mathugama,Gurudola
Western,Kalutara,Mathugama,Wettewa
Western,Kalutara,Mathugama,Mathugama East
Western,Kalutara,Mathugama,Mathugama South
Western,Kalutara,Mathugama,Naravila
Western,Kalutara,Mathugama,Bopitiya West
Western,Kalutara,Mathugama,Diyagala
Western,Kalutara,Mathugama,Thambaretiya
Western,Kalutara,Mathugama,Yatadolawatta East
Western,Kalutara,Mathugama,Yatadolawatta West
Western,Kalutara,Mathugama,Aluthgamgoda
Western,Kalutara,Mathugama,Navuttuduwa
Western,Kalutara,Mathugama,Keeranthidiya
Western,Kalutara,Mathugama,Pussalamulla
Western,Kalutara,Mathugama,Kolehekada
Western,Kalutara,Mathugama,Kotagedara
Western,Kalutara,Mathugama,Henegama
Western,Kalutara,Mathugama,Badugama
Western,Kalutara,Mathugama,Ovitigala
Western,Kalutara,Mathugama,Sandasirigama
Western,Kalutara,Mathugama,Badugama New Colony
Western,Kalutara,Mathugama,Horawala East
Western,Kalutara,Mathugama,Horawala North
Western,Kalutara,Mathugama,Horawala
Western,Kalutara,Mathugama,Horawala West
Western,Kalutara,Mathugama,Welipenna East - South
Western,Kalutara,Mathugama,Welipenna West
Western,Kalutara,Mathugama,Welipenna East - North
Western,Kalutara,Mathugama,Dippita
Western,Kalutara,Mathugama,Lewwanduwa North
Western,Kalutara,Mathugama,Henpita
Western,Kalutara,Mathugama,Galmatta
Western,Kalutara,Mathugama,Walagedara North
Western,Kalutara,Mathugama,Warakatholla
Western,Kalutara,Mathugama,Nugagahalanda
Western,Kalutara,Mathugama,Keppetiyagahalanda
Western,Kalutara,Mathugama,Bondupitiya
Western,Kalutara,Mathugama,Andawala
Western,Kalutara,Mathugama,Thalgasgoda
Western,Kalutara,Mathugama,Indigasthuduwa
Western,Kalutara,Mathugama,Ladduwa
Western,Kalutara,Mathugama,Meegama
Western,Kalutara,Mathugama,Dewagoda
Western,Kalutara,Mathugama,Walagedara South
Western,Kalutara,Mathugama,Kurudippita
Western,Kalutara,Mathugama,Lewwanduwa West
Western,Kalutara,Mathugama,Lewwanduwa East
Western,Kalutara,Mathugama,Madawala
Western,Kalutara,Agalawatta,Girikola
Western,Kalutara,Agalawatta,Pimbura
Western,Kalutara,Agalawatta,Omatta
Western,Kalutara,Agalawatta,Omatta East
Western,Kalutara,Agalawatta,Evariwatta
Western,Kalutara,Agalawatta,Kekulandala South
Western,Kalutara,Agalawatta,Halovita
Western,Kalutara,Agalawatta,Udawela
Western,Kalutara,Agalawatta,Helamba
Western,Kalutara,Agalawatta,Yatiyana West
Western,Kalutara,Agalawatta,Gorokgoda
Western,Kalutara,Agalawatta,Beragama
Western,Kalutara,Agalawatta,Agalawatta
Western,Kalutara,Agalawatta,Kekulandala North
Western,Kalutara,Agalawatta,Dapiligoda
Western,Kalutara,Agalawatta,Wandurabba
Western,Kalutara,Agalawatta,Yatiyana East
Western,Kalutara,Agalawatta,Pinnagoda
Western,Kalutara,Agalawatta,Bodhiyakanda
Western,Kalutara,Agalawatta,Mulatiyana
Western,Kalutara,Agalawatta,Ridirekhagama
Western,Kalutara,Agalawatta,Kithulgoda
Western,Kalutara,Agalawatta,Kithulgoda South
Western,Kalutara,Agalawatta,Kuda Kalupahana
Western,Kalutara,Agalawatta,Kalupahana
Western,Kalutara,Agalawatta,Kevitiyagala North
Western,Kalutara,Agalawatta,Diyapattugama
Western,Kalutara,Agalawatta,Kurupita
Western,Kalutara,Agalawatta,Harankahapatha
Western,Kalutara,Agalawatta,Kevitiyagala
Western,Kalutara,Agalawatta,Polgampala
Western,Kalutara,Agalawatta,Polgampala East
Western,Kalutara,Agalawatta,Rathmale East
Western,Kalutara,Agalawatta,Rathmale
Western,Kalutara,Palindanuwara,Kosgulana
Western,Kalutara,Palindanuwara,Kelinkanda
Western,Kalutara,Palindanuwara,Kelinkanda Colony
Western,Kalutara,Palindanuwara,Walakada
Western,Kalutara,Palindanuwara,Kapugedara
Western,Kalutara,Palindanuwara,Galahitiya
Western,Kalutara,Palindanuwara,Ilukpatha
Western,Kalutara,Palindanuwara,Pelenda West
Western,Kalutara,Palindanuwara,Pelenda
Western,Kalutara,Palindanuwara,Bampara
Western,Kalutara,Palindanuwara,Ambegoda
Western,Kalutara,Palindanuwara,Morapitiya North
Western,Kalutara,Palindanuwara,Morapitiya
Western,Kalutara,Palindanuwara,Midalana West
Western,Kalutara,Palindanuwara,Maragahadeniya
Western,Kalutara,Palindanuwara,Lathpandura East
Western,Kalutara,Palindanuwara,Bellana East
Western,Kalutara,Palindanuwara,Viharagama
Western,Kalutara,Palindanuwara,Kapugama
Western,Kalutara,Palindanuwara,Bellana
Western,Kalutara,Palindanuwara,Yakupitiya
Western,Kalutara,Palindanuwara,Lathpandura
Western,Kalutara,Palindanuwara,Kamburawala
Western,Kalutara,Palindanuwara,Baduraliya
Western,Kalutara,Palindanuwara,Diggoda
Western,Kalutara,Palindanuwara,Midalana
Western,Kalutara,Palindanuwara,Morapitiya South
Western,Kalutara,Palindanuwara,Athwelthota
Western,Kalutara,Palindanuwara,Diganna
Western,Kalutara,Palindanuwara,Batahena
Western,Kalutara,Palindanuwara,Hedigalla
Western,Kalutara,Palindanuwara,Magura East
Western,Kalutara,Palindanuwara,Magura West
Western,Kalutara,Palindanuwara,Addaragoda
Western,Kalutara,Palindanuwara,Penigala
Western,Kalutara,Palindanuwara,Kalugala
Western,Kalutara,Palindanuwara,Athale
Western,Kalutara,Palindanuwara,Ingurudaluwa
Western,Kalutara,Palindanuwara,Bollunna
Western,Kalutara,Palindanuwara,Kalukandawa
Western,Kalutara,Palindanuwara,Batagodavila
Western,Kalutara,Palindanuwara,Boralugoda
Western,Kalutara,Palindanuwara,Thiniyawala
Western,Kalutara,Walallavita,Pannila South
Western,Kalutara,Walallavita,Pannila East
Western,Kalutara,Walallavita,Uragoda West
Western,Kalutara,Walallavita,Uragoda East
Western,Kalutara,Walallavita,Lihiniyawa West
Western,Kalutara,Walallavita,Lihiniyawa East
Western,Kalutara,Walallavita,Moragala
Western,Kalutara,Walallavita,Meegahathenna
Western,Kalutara,Walallavita,Mallawachchigoda Gangabada
Western,Kalutara,Walallavita,Bothalawa
Western,Kalutara,Walallavita,Kumbadoowa
Western,Kalutara,Walallavita,Maddegama
Western,Kalutara,Walallavita,Bogodakanda
Western,Kalutara,Walallavita,Halwalakele Malwathukanda
Western,Kalutara,Walallavita,Uthumgama
Western,Kalutara,Walallavita,Kuda Mathugama
Western,Kalutara,Walallavita,Pareigama North
Western,Kalutara,Walallavita,Halwala
Western,Kalutara,Walallavita,Pannila
Western,Kalutara,Walallavita,Miriswatta
Western,Kalutara,Walallavita,Ittapana North
Western,Kalutara,Walallavita,Malambehena
Western,Kalutara,Walallavita,Ittapana West
Western,Kalutara,Walallavita,Ittapana South
Western,Kalutara,Walallavita,Ittapana East
Western,Kalutara,Walallavita,Loolbadduwa
Western,Kalutara,Walallavita,Pareigama South
Western,Kalutara,Walallavita,Gulavita North
Western,Kalutara,Walallavita,Wedawatta
Western,Kalutara,Walallavita,Katukele Welmeegoda
Western,Kalutara,Walallavita,Ranepuragoda
Western,Kalutara,Walallavita,Mandagala
Western,Kalutara,Walallavita,Yattapatha
Western,Kalutara,Walallavita,Pahala Hewessa North
Western,Kalutara,Walallavita,Pahala Hewessa South
Western,Kalutara,Walallavita,Pelawatta East
Western,Kalutara,Walallavita,Pelawatta
Western,Kalutara,Walallavita,Pelawatta West North
Western,Kalutara,Walallavita,Makalandawa
Western,Kalutara,Walallavita,Makalandawa South
Western,Kalutara,Walallavita,Gulavita South
Western,Kalutara,Walallavita,Udugama
Western,Kalutara,Walallavita,Karapagala
Western,Kalutara,Walallavita,Gammana East
Western,Kalutara,Walallavita,Gammana West
Western,Kalutara,Walallavita,Gorakadoowa
Western,Kalutara,Walallavita,Yagirala
Western,Kalutara,Walallavita,Katudora
Western,Kalutara,Walallavita,Magurumasvila
Western,Kalutara,Walallavita,Walallavita East
Western,Kalutara,Walallavita,Pelawatta West South
Western,Kalutara,Walallavita,Gorakadoowa
Western,Kalutara,Walallavita,Miriswatta
Western,Kalutara,Walallavita,Thundola
Western,Kalutara,Walallavita,Weerakanda
Western,Kalutara,Walallavita,Gulanawatta
Western,Kalutara,Walallavita,Kankotawatta
Western,Kalutara,Walallavita,Ihala Hewessa
Western,Kalutara,Walallavita,Walallavita South
Western,Kalutara,Walallavita,Thotaha
