North-central,Anuradhapura,Padaviya,Buddhangala
North-central,Anuradhapura,Padaviya,Elikimbulagala
North-central,Anuradhapura,Padaviya,Abhayapura
North-central,Anuradhapura,Padaviya,Maithreepura
North-central,Anuradhapura,Padaviya,Parakramapura
North-central,Anuradhapura,Padaviya,Track B
North-central,Anuradhapura,Padaviya,Bisokotuwa
North-central,Anuradhapura,Padaviya,Sudarshanagama
North-central,Anuradhapura,Padaviya,Balayawewa
North-central,Anuradhapura,Padaviya,Mahasenpura
North-central,Anuradhapura,Padaviya,Urewa
North-central,Anuradhapura,Padaviya,Kumbukwewa
North-central,Anuradhapura,Padaviya,Ruwanpura
North-central,Anuradhapura,Padaviya,Bogahawewa
North-central,Anuradhapura,Padaviya,Padaviya
North-central,Anuradhapura,Kebithigollewa,Halmillawetiya
North-central,Anuradhapura,Kebithigollewa,Kanugahawewa
North-central,Anuradhapura,Kebithigollewa,Herathhalmillewa
North-central,Anuradhapura,Kebithigollewa,Bellankadawala
North-central,Anuradhapura,Kebithigollewa,Punchimudagama
North-central,Anuradhapura,Kebithigollewa,D 06 Wahalkada
North-central,Anuradhapura,Kebithigollewa,D 05 Wahalkada
North-central,Anuradhapura,Kebithigollewa,D 04 Wahalkada
North-central,Anuradhapura,Kebithigollewa,Kahatagollewa
North-central,Anuradhapura,Kebithigollewa,Thammennawa
North-central,Anuradhapura,Kebithigollewa,Kunchuttuwa
North-central,Anuradhapura,Kebithigollewa,Galawewa
North-central,Anuradhapura,Kebithigollewa,Thittagonewa
North-central,Anuradhapura,Kebithigollewa,Kurulugama
North-central,Anuradhapura,Kebithigollewa,Sinhalaetaweerawewa
North-central,Anuradhapura,Kebithigollewa,Ethalvidda Wewa
North-central,Anuradhapura,Kebithigollewa,Gonumeriyawa
North-central,Anuradhapura,Kebithigollewa,Kebithigollewa
North-central,Anuradhapura,Kebithigollewa,Ihala Usgollewa
North-central,Anuradhapura,Kebithigollewa,Aiyathigewewa
North-central,Anuradhapura,Kebithigollewa,Bandaraulpatha
North-central,Anuradhapura,Kebithigollewa,Kiriketuwewa
North-central,Anuradhapura,Kebithigollewa,Gonahathdenawa
North-central,Anuradhapura,Kebithigollewa,Thimbiriwewa
North-central,Anuradhapura,Kebithigollewa,Handagala Kirimetiyawa
North-central,Anuradhapura,Kebithigollewa,Wattewewa
North-central,Anuradhapura,Medawachchiya,Prabodhagama
North-central,Anuradhapura,Medawachchiya,Paranahalmillewa
North-central,Anuradhapura,Medawachchiya,Lolugaswewa
North-central,Anuradhapura,Medawachchiya,Puhudivula
North-central,Anuradhapura,Medawachchiya,Heerallugama
North-central,Anuradhapura,Medawachchiya,Ethakada
North-central,Anuradhapura,Medawachchiya,Etaweeragollewa
North-central,Anuradhapura,Medawachchiya,Kadawath Rambewa
North-central,Anuradhapura,Medawachchiya,Maha Kumbukgollewa
North-central,Anuradhapura,Medawachchiya,Kidawarankulama
North-central,Anuradhapura,Medawachchiya,Anekattiya
North-central,Anuradhapura,Medawachchiya,Periyakulama
North-central,Anuradhapura,Medawachchiya,Poonewa
North-central,Anuradhapura,Medawachchiya,Isinbessagama
North-central,Anuradhapura,Medawachchiya,Maha Divulwewa
North-central,Anuradhapura,Medawachchiya,Kidagalegama
North-central,Anuradhapura,Medawachchiya,Moragoda
North-central,Anuradhapura,Medawachchiya,Unagaswewa
North-central,Anuradhapura,Medawachchiya,Kirigalwewa
North-central,Anuradhapura,Medawachchiya,Angunochchiya
North-central,Anuradhapura,Medawachchiya,Ekirikanda
North-central,Anuradhapura,Medawachchiya,Railway Town
North-central,Anuradhapura,Medawachchiya,Kadawathgama
North-central,Anuradhapura,Medawachchiya,Kuda Kumbukgollewa
North-central,Anuradhapura,Medawachchiya,Yakawewa
North-central,Anuradhapura,Medawachchiya,Thammenne Elawaka
North-central,Anuradhapura,Medawachchiya,Puleliya
North-central,Anuradhapura,Medawachchiya,Viralmurippuwa
North-central,Anuradhapura,Medawachchiya,Walpola
North-central,Anuradhapura,Medawachchiya,Katuwela
North-central,Anuradhapura,Medawachchiya,Medawachchiya West
North-central,Anuradhapura,Medawachchiya,Medawachchiya East
North-central,Anuradhapura,Medawachchiya,Kanadara Divulwewa
North-central,Anuradhapura,Medawachchiya,Helambagaswewa
North-central,Anuradhapura,Medawachchiya,Sangilikanadarawa
North-central,Anuradhapura,Medawachchiya,Lindawewa
North-central,Anuradhapura,Medawachchiya,Karambankulama
North-central,Anuradhapura,Mahawilachchiya,Dematamalgama
North-central,Anuradhapura,Mahawilachchiya,Thanthirimale
North-central,Anuradhapura,Mahawilachchiya,Nelumvila
North-central,Anuradhapura,Mahawilachchiya,Sandamaleliya
North-central,Anuradhapura,Mahawilachchiya,Thuppitiyawa
North-central,Anuradhapura,Mahawilachchiya,Ethdathkalla
North-central,Anuradhapura,Mahawilachchiya,Randoowa
North-central,Anuradhapura,Mahawilachchiya,Palugaswewa
North-central,Anuradhapura,Mahawilachchiya,Mannaram Junction
North-central,Anuradhapura,Mahawilachchiya,Kuda Vilachchiya
North-central,Anuradhapura,Mahawilachchiya,Maha Vilachchiya
North-central,Anuradhapura,Mahawilachchiya,Pemaduwa
North-central,Anuradhapura,Mahawilachchiya,Kiralpetiyawa
North-central,Anuradhapura,Mahawilachchiya,Navodagama
North-central,Anuradhapura,Mahawilachchiya,Oyamaduwa
North-central,Anuradhapura,Mahawilachchiya,Helambawewa
North-central,Anuradhapura,Mahawilachchiya,Dunumadalawa
North-central,Anuradhapura,Nuwaragam Palatha Central,Helambagaswewa
North-central,Anuradhapura,Nuwaragam Palatha Central,Asirikgama
North-central,Anuradhapura,Nuwaragam Palatha Central,Gambirigaswewa
North-central,Anuradhapura,Nuwaragam Palatha Central,Aluthgama
North-central,Anuradhapura,Nuwaragam Palatha Central,Galpottegama
North-central,Anuradhapura,Nuwaragam Palatha Central,Maha Ehetuwewa
North-central,Anuradhapura,Nuwaragam Palatha Central,Maningamuwa
North-central,Anuradhapura,Nuwaragam Palatha Central,Elayapattuwa
North-central,Anuradhapura,Nuwaragam Palatha Central,Diganegama
North-central,Anuradhapura,Nuwaragam Palatha Central,Karambewa
North-central,Anuradhapura,Nuwaragam Palatha Central,Galkadawala
North-central,Anuradhapura,Nuwaragam Palatha Central,Poowarsankulama
North-central,Anuradhapura,Nuwaragam Palatha Central,Paniyankadawala
North-central,Anuradhapura,Nuwaragam Palatha Central,Parasangahawewa
North-central,Anuradhapura,Nuwaragam Palatha Central,Mankadawala
North-central,Anuradhapura,Nuwaragam Palatha Central,Saliyapura
North-central,Anuradhapura,Nuwaragam Palatha Central,Ashokaramaya
North-central,Anuradhapura,Nuwaragam Palatha Central,Perimiyankulama
North-central,Anuradhapura,Nuwaragam Palatha Central,Katukeliyawa
North-central,Anuradhapura,Nuwaragam Palatha Central,Pusiyankulama
North-central,Anuradhapura,Nuwaragam Palatha Central,Maha Mankadawala
North-central,Anuradhapura,Nuwaragam Palatha Central,Ilandagahawewa
North-central,Anuradhapura,Nuwaragam Palatha Central,Vihara Kallanchiya
North-central,Anuradhapura,Nuwaragam Palatha Central,Vihara Palugama
North-central,Anuradhapura,Nuwaragam Palatha Central,Dewanampiyathissa Pura
North-central,Anuradhapura,Nuwaragam Palatha Central,Abhayawewa
North-central,Anuradhapura,Nuwaragam Palatha Central,Pethispura
North-central,Anuradhapura,Nuwaragam Palatha Central,Bandara Puliyankulama
North-central,Anuradhapura,Nuwaragam Palatha Central,Jayanthi Gramaya
North-central,Anuradhapura,Nuwaragam Palatha Central,Theppankulama
North-central,Anuradhapura,Nuwaragam Palatha Central,Thannayamkulama
North-central,Anuradhapura,Nuwaragam Palatha Central,Saliya Mawatha
North-central,Anuradhapura,Nuwaragam Palatha Central,Shuddha Nagaraya
North-central,Anuradhapura,Nuwaragam Palatha Central,Thisawewa
North-central,Anuradhapura,Nuwaragam Palatha Central,Wessagiriya
North-central,Anuradhapura,Nuwaragam Palatha Central,Isurumuniya
North-central,Anuradhapura,Nuwaragam Palatha Central,Pandulagama
North-central,Anuradhapura,Nuwaragam Palatha Central,Pahalagama
North-central,Anuradhapura,Nuwaragam Palatha Central,Maha Bulankulama
North-central,Anuradhapura,Nuwaragam Palatha Central,Ulukkulama
North-central,Anuradhapura,Rambewa,Kolibendawewa
North-central,Anuradhapura,Rambewa,Medagama
North-central,Anuradhapura,Rambewa,Kadurugasdamana
North-central,Anuradhapura,Rambewa,Siyambalagaswewa
North-central,Anuradhapura,Rambewa,Katukeliyawa
North-central,Anuradhapura,Rambewa,Wahamalgollewa Track 05
North-central,Anuradhapura,Rambewa,Sangilikanadarawa
North-central,Anuradhapura,Rambewa,Diviyaudabendawewa
North-central,Anuradhapura,Rambewa,Thalgahawewa
North-central,Anuradhapura,Rambewa,Galkandegama
North-central,Anuradhapura,Rambewa,Balahondawewa
North-central,Anuradhapura,Rambewa,Pihimbiyagollewa
North-central,Anuradhapura,Rambewa,Galweeragollewa
North-central,Anuradhapura,Rambewa,Ambagahawewa
North-central,Anuradhapura,Rambewa,Thamarahalmillewa
North-central,Anuradhapura,Rambewa,Wewelketiya
North-central,Anuradhapura,Rambewa,Ihala Kolongaswewa
North-central,Anuradhapura,Rambewa,Konakumbukwewa
North-central,Anuradhapura,Rambewa,Kedewa
North-central,Anuradhapura,Rambewa,Kallanchiya
North-central,Anuradhapura,Rambewa,Gonewa
North-central,Anuradhapura,Rambewa,Ikirigollewa
North-central,Anuradhapura,Rambewa,Wahamalgollewa
North-central,Anuradhapura,Rambewa,Wahamalgollewa Track 03
North-central,Anuradhapura,Rambewa,Pallankulama
North-central,Anuradhapura,Rambewa,Mahawewa
North-central,Anuradhapura,Rambewa,Pandukabhayapura
North-central,Anuradhapura,Rambewa,Katupuliyankulama
North-central,Anuradhapura,Rambewa,Sandamalgama
North-central,Anuradhapura,Rambewa,Rambewa
North-central,Anuradhapura,Rambewa,Nabadagaswewa
North-central,Anuradhapura,Rambewa,Mahakanadarawa R. B. Track 02
North-central,Anuradhapura,Rambewa,Kapiriggama
North-central,Anuradhapura,Rambewa,Peenagama
North-central,Anuradhapura,Rambewa,Meemalwewa
North-central,Anuradhapura,Rambewa,Rotawewa
North-central,Anuradhapura,Rambewa,Kudagama
North-central,Anuradhapura,Rambewa,Mahakanadarawa R. B. Track 01
North-central,Anuradhapura,Kahatagasdigiliya,Kirigallewa
North-central,Anuradhapura,Kahatagasdigiliya,Rathmalgahawewa
North-central,Anuradhapura,Kahatagasdigiliya,Kudapattiya
North-central,Anuradhapura,Kahatagasdigiliya,Maha Kumbukwewa
North-central,Anuradhapura,Kahatagasdigiliya,Palippothana
North-central,Anuradhapura,Kahatagasdigiliya,Gonumeru Wewa
North-central,Anuradhapura,Kahatagasdigiliya,Thurukkuragama
North-central,Anuradhapura,Kahatagasdigiliya,Maha Kiribbewa
North-central,Anuradhapura,Kahatagasdigiliya,Maha Galkandegama
North-central,Anuradhapura,Kahatagasdigiliya,Dachchihalmillawewa
North-central,Anuradhapura,Kahatagasdigiliya,Maha Hammillawewa
North-central,Anuradhapura,Kahatagasdigiliya,Kumbukgollewa
North-central,Anuradhapura,Kahatagasdigiliya,Pandarellewa
North-central,Anuradhapura,Kahatagasdigiliya,Sampathgama
North-central,Anuradhapura,Kahatagasdigiliya,Thallattewa
North-central,Anuradhapura,Kahatagasdigiliya,Mahawewa
North-central,Anuradhapura,Kahatagasdigiliya,Kahatagasdigiliya East
North-central,Anuradhapura,Kahatagasdigiliya,Kahatagasdigiliya West
North-central,Anuradhapura,Kahatagasdigiliya,Kokmaduwa
North-central,Anuradhapura,Kahatagasdigiliya,Moragahawela
North-central,Anuradhapura,Kahatagasdigiliya,Samadhigama
North-central,Anuradhapura,Kahatagasdigiliya,Mekichchawa
North-central,Anuradhapura,Kahatagasdigiliya,Ranpathvila
North-central,Anuradhapura,Kahatagasdigiliya,Bethkewa - Thulana
North-central,Anuradhapura,Kahatagasdigiliya,Maha Messalewa
North-central,Anuradhapura,Kahatagasdigiliya,Kohombagaskada
North-central,Anuradhapura,Kahatagasdigiliya,Konwewa
North-central,Anuradhapura,Kahatagasdigiliya,Ambagahawewa
North-central,Anuradhapura,Kahatagasdigiliya,Panwella
North-central,Anuradhapura,Kahatagasdigiliya,Mee - Kumbukwewa
North-central,Anuradhapura,Kahatagasdigiliya,Tikkampothana
North-central,Anuradhapura,Kahatagasdigiliya,Punchi Halmillewa
North-central,Anuradhapura,Kahatagasdigiliya,Weligollewa
North-central,Anuradhapura,Kahatagasdigiliya,Divulwewa
North-central,Anuradhapura,Kahatagasdigiliya,Diganhalmillawewa
North-central,Anuradhapura,Kahatagasdigiliya,Kelenikawewa
North-central,Anuradhapura,Kahatagasdigiliya,Nelugollakada
North-central,Anuradhapura,Kahatagasdigiliya,Ellawewa
North-central,Anuradhapura,Kahatagasdigiliya,Nekutunu Wewa
North-central,Anuradhapura,Kahatagasdigiliya,Kanadara - Rathmale
North-central,Anuradhapura,Horowpothana,Wahalkada D 2
North-central,Anuradhapura,Horowpothana,Wahalkada D 1
North-central,Anuradhapura,Horowpothana,Maradanmaduwa
North-central,Anuradhapura,Horowpothana,Pahala Divulwewa
North-central,Anuradhapura,Horowpothana,Weerasole
North-central,Anuradhapura,Horowpothana,Anaolondewa
North-central,Anuradhapura,Horowpothana,Kapugollewa
North-central,Anuradhapura,Horowpothana,Wagollakada
North-central,Anuradhapura,Horowpothana,Dutuwewa
North-central,Anuradhapura,Horowpothana,Morawewa
North-central,Anuradhapura,Horowpothana,Thawalanhalmillewa
North-central,Anuradhapura,Horowpothana,Thimbiriettawala
North-central,Anuradhapura,Horowpothana,Nikawewa
North-central,Anuradhapura,Horowpothana,Welimuwapothana
North-central,Anuradhapura,Horowpothana,Kivulekada
North-central,Anuradhapura,Horowpothana,Puhulewewa
North-central,Anuradhapura,Horowpothana,Rathmale
North-central,Anuradhapura,Horowpothana,Welangahaulpatha
North-central,Anuradhapura,Horowpothana,Maradankadawala
North-central,Anuradhapura,Horowpothana,Horowpothana
North-central,Anuradhapura,Horowpothana,Medawachchiya Handiya
North-central,Anuradhapura,Horowpothana,Mukkarawewa
North-central,Anuradhapura,Horowpothana,Ihala Angunachchiya
North-central,Anuradhapura,Horowpothana,Rasnaka Wewa
North-central,Anuradhapura,Horowpothana,Walahaviddawewa
North-central,Anuradhapura,Horowpothana,Gammahegewewa
North-central,Anuradhapura,Horowpothana,Morakewa
North-central,Anuradhapura,Horowpothana,Nanumillawewa
North-central,Anuradhapura,Horowpothana,Thirappankadawala
North-central,Anuradhapura,Horowpothana,Parangiyawadiya
North-central,Anuradhapura,Horowpothana,Nabadawewa
North-central,Anuradhapura,Horowpothana,Puliyankadawala
North-central,Anuradhapura,Horowpothana,Vilewewa
North-central,Anuradhapura,Horowpothana,Wadigawewa
North-central,Anuradhapura,Horowpothana,Kalpe
North-central,Anuradhapura,Horowpothana,Dekethipothana
North-central,Anuradhapura,Horowpothana,Dematawewa
North-central,Anuradhapura,Horowpothana,Diyatittawewa
North-central,Anuradhapura,Galenbindunuwewa,Konwewa
North-central,Anuradhapura,Galenbindunuwewa,Ellawewa
North-central,Anuradhapura,Galenbindunuwewa,Kataranpuraya
North-central,Anuradhapura,Galenbindunuwewa,Dutuwewa
North-central,Anuradhapura,Galenbindunuwewa,Perettupala Gama
North-central,Anuradhapura,Galenbindunuwewa,Kokawewa
North-central,Anuradhapura,Galenbindunuwewa,Dutuwewa Paranagama
North-central,Anuradhapura,Galenbindunuwewa,21 Colony East
North-central,Anuradhapura,Galenbindunuwewa,21 Colony West
North-central,Anuradhapura,Galenbindunuwewa,Ulpathgama
North-central,Anuradhapura,Galenbindunuwewa,Upuldeniya
North-central,Anuradhapura,Galenbindunuwewa,Himbutugollewa
North-central,Anuradhapura,Galenbindunuwewa,Mailagaswewa
North-central,Anuradhapura,Galenbindunuwewa,Ihalagama
North-central,Anuradhapura,Galenbindunuwewa,Galenbindunuwewa
North-central,Anuradhapura,Galenbindunuwewa,Karuwalagaswewa
North-central,Anuradhapura,Galenbindunuwewa,Palugollagama
North-central,Anuradhapura,Galenbindunuwewa,Aluth Divulwewa
North-central,Anuradhapura,Galenbindunuwewa,Getalawa
North-central,Anuradhapura,Galenbindunuwewa,Hurulunikawewa
North-central,Anuradhapura,Galenbindunuwewa,Ilukbadayagama
North-central,Anuradhapura,Galenbindunuwewa,Kuda Galenbindunuwewa
North-central,Anuradhapura,Galenbindunuwewa,Thammennagama
North-central,Anuradhapura,Galenbindunuwewa,Sivalakulama
North-central,Anuradhapura,Galenbindunuwewa,Gomarankalla
North-central,Anuradhapura,Galenbindunuwewa,Hurulunikawewa
North-central,Anuradhapura,Galenbindunuwewa,Kumbukwewa
North-central,Anuradhapura,Galenbindunuwewa,Janasirigama
North-central,Anuradhapura,Galenbindunuwewa,Kurunegala Colony
North-central,Anuradhapura,Galenbindunuwewa,Nuwaragam Colony
North-central,Anuradhapura,Galenbindunuwewa,Hurulu Jayapura
North-central,Anuradhapura,Galenbindunuwewa,Sunanda Mawatha
North-central,Anuradhapura,Galenbindunuwewa,Galwaduwagama
North-central,Anuradhapura,Galenbindunuwewa,Muriyakadawala
North-central,Anuradhapura,Galenbindunuwewa,Ihala Galkulama
North-central,Anuradhapura,Galenbindunuwewa,Hurulumeegahapattiya
North-central,Anuradhapura,Galenbindunuwewa,Nuwaraeli Colony
North-central,Anuradhapura,Galenbindunuwewa,Pandikaramaduwa
North-central,Anuradhapura,Galenbindunuwewa,Yakalla
North-central,Anuradhapura,Galenbindunuwewa,Manankattiya
North-central,Anuradhapura,Galenbindunuwewa,Wannamkulama
North-central,Anuradhapura,Mihinthale,Ukkulankulama
North-central,Anuradhapura,Mihinthale,Mahakanadarawa Track 03
North-central,Anuradhapura,Mihinthale,Mahakanadarawa Track 02
North-central,Anuradhapura,Mihinthale,Mahakanadarawa Track 01
North-central,Anuradhapura,Mihinthale,Maradankulama
North-central,Anuradhapura,Mihinthale,Doramadalawa
North-central,Anuradhapura,Mihinthale,Kunchikulama
North-central,Anuradhapura,Mihinthale,Hena Watta
North-central,Anuradhapura,Mihinthale,Nuwarawewa
North-central,Anuradhapura,Mihinthale,Kurundankulama
North-central,Anuradhapura,Mihinthale,Kannattiya
North-central,Anuradhapura,Mihinthale,Mihinthale
North-central,Anuradhapura,Mihinthale,Ruwangama
North-central,Anuradhapura,Mihinthale,Namalwewa
North-central,Anuradhapura,Mihinthale,Bogahayaya
North-central,Anuradhapura,Mihinthale,Pothana
North-central,Anuradhapura,Mihinthale,Seeppukulama
North-central,Anuradhapura,Mihinthale,Thammennawa
North-central,Anuradhapura,Mihinthale,Kasamaduwa
North-central,Anuradhapura,Mihinthale,Katukeliyawa
North-central,Anuradhapura,Mihinthale,Kattabuwagama
North-central,Anuradhapura,Mihinthale,Kahapathvilagama
North-central,Anuradhapura,Mihinthale,Ihalagama
North-central,Anuradhapura,Mihinthale,Maradankalla
North-central,Anuradhapura,Mihinthale,Wellaragama
North-central,Anuradhapura,Nuwaragam Palatha East,Nuwara Wewa
North-central,Anuradhapura,Nuwaragam Palatha East,Step 1 part i
North-central,Anuradhapura,Nuwaragam Palatha East,Mahakalattewa
North-central,Anuradhapura,Nuwaragam Palatha East,Thariyankulama
North-central,Anuradhapura,Nuwaragam Palatha East,Nelum Kanniya
North-central,Anuradhapura,Nuwaragam Palatha East,Kuda Nelumkulama
North-central,Anuradhapura,Nuwaragam Palatha East,Keerikkulama
North-central,Anuradhapura,Nuwaragam Palatha East,Thammennapura
North-central,Anuradhapura,Nuwaragam Palatha East,Wannithammennawa
North-central,Anuradhapura,Nuwaragam Palatha East,Thammennakulama
North-central,Anuradhapura,Nuwaragam Palatha East,Step 1 part ii
North-central,Anuradhapura,Nuwaragam Palatha East,Step 2 part iii
North-central,Anuradhapura,Nuwaragam Palatha East,Step 2 part ii
North-central,Anuradhapura,Nuwaragam Palatha East,Pothanegama
North-central,Anuradhapura,Nuwaragam Palatha East,Step 3 part iii
North-central,Anuradhapura,Nuwaragam Palatha East,Step 2 part i
North-central,Anuradhapura,Nuwaragam Palatha East,Step 2 part iv
North-central,Anuradhapura,Nuwaragam Palatha East,Wanniyankulama Kotasa 4
North-central,Anuradhapura,Nuwaragam Palatha East,Wanniyankulama Kotasa 5
North-central,Anuradhapura,Nuwaragam Palatha East,Wanniyankulama Kotasa 6
North-central,Anuradhapura,Nuwaragam Palatha East,Gnanikulama
North-central,Anuradhapura,Nuwaragam Palatha East,Kawarakkulama
North-central,Anuradhapura,Nuwaragam Palatha East,Mahapaladikulama
North-central,Anuradhapura,Nuwaragam Palatha East,Step 3 part i
North-central,Anuradhapura,Nuwaragam Palatha East,Step 3 part ii
North-central,Anuradhapura,Nuwaragam Palatha East,Wanniyankulama Kotasa 3
North-central,Anuradhapura,Nuwaragam Palatha East,Wanniyankulama Kotasa 1
North-central,Anuradhapura,Nuwaragam Palatha East,Wanniyankulama Kotasa 2
North-central,Anuradhapura,Nuwaragam Palatha East,Sucharithagama
North-central,Anuradhapura,Nachchaduwa,Kimbulakada
North-central,Anuradhapura,Nachchaduwa,Shrawasthipura
North-central,Anuradhapura,Nachchaduwa,Kuda Nelubewa
North-central,Anuradhapura,Nachchaduwa,Shrawasthiwatta
North-central,Anuradhapura,Nachchaduwa,Aluthwewa
North-central,Anuradhapura,Nachchaduwa,Amane
North-central,Anuradhapura,Nachchaduwa,Maha Nelubewa
North-central,Anuradhapura,Nachchaduwa,Divulwewa
North-central,Anuradhapura,Nachchaduwa,Hidogama
North-central,Anuradhapura,Nachchaduwa,Pawakkulama
North-central,Anuradhapura,Nachchaduwa,Kaluvila North
North-central,Anuradhapura,Nachchaduwa,Madawalagama
North-central,Anuradhapura,Nachchaduwa,Nachchadoowa
North-central,Anuradhapura,Nachchaduwa,Nachchadoowa New Town
North-central,Anuradhapura,Nachchaduwa,Palayakulama
North-central,Anuradhapura,Nachchaduwa,Suhadagama
North-central,Anuradhapura,Nachchaduwa,Thuruvila
North-central,Anuradhapura,Nachchaduwa,Kaluarachchiyagama
North-central,Anuradhapura,Nachchaduwa,Pahalawewa
North-central,Anuradhapura,Nochchiyagama,Kukulkatuwa
North-central,Anuradhapura,Nochchiyagama,Ittikulama
North-central,Anuradhapura,Nochchiyagama,Ranorawa
North-central,Anuradhapura,Nochchiyagama,Mahalindawewa
North-central,Anuradhapura,Nochchiyagama,Bogahawewa
North-central,Anuradhapura,Nochchiyagama,Ambagahawewa
North-central,Anuradhapura,Nochchiyagama,Ehetuwagama
North-central,Anuradhapura,Nochchiyagama,Thalgaswewa
North-central,Anuradhapura,Nochchiyagama,Hunuvilagama
North-central,Anuradhapura,Nochchiyagama,Horuvila
North-central,Anuradhapura,Nochchiyagama,Lindawewa
North-central,Anuradhapura,Nochchiyagama,Kusumpura
North-central,Anuradhapura,Nochchiyagama,Mudithagama
North-central,Anuradhapura,Nochchiyagama,Ralapanawagama
North-central,Anuradhapura,Nochchiyagama,Adampane
North-central,Anuradhapura,Nochchiyagama,Andarawewa
North-central,Anuradhapura,Nochchiyagama,Ralapanawa Colony
North-central,Anuradhapura,Nochchiyagama,Nochchiyagama
North-central,Anuradhapura,Nochchiyagama,Dunudambuwewa
North-central,Anuradhapura,Nochchiyagama,Thimbiriwewa
North-central,Anuradhapura,Nochchiyagama,Katupathwewa
North-central,Anuradhapura,Nochchiyagama,Pahala Maragahawewa
North-central,Anuradhapura,Nochchiyagama,Nelawagama
North-central,Anuradhapura,Nochchiyagama,Pahala Halmillewa
North-central,Anuradhapura,Nochchiyagama,Halmillakulama
North-central,Anuradhapura,Nochchiyagama,Dunupothagama
North-central,Anuradhapura,Nochchiyagama,Dombawalagama
North-central,Anuradhapura,Nochchiyagama,Pahamunegama
North-central,Anuradhapura,Nochchiyagama,Navakkulama
North-central,Anuradhapura,Nochchiyagama,Galadivulwewa
North-central,Anuradhapura,Nochchiyagama,Jayagama
North-central,Anuradhapura,Nochchiyagama,Amunukole
North-central,Anuradhapura,Nochchiyagama,Mihiripura
North-central,Anuradhapura,Nochchiyagama,Pahala Kedithokkuwa
North-central,Anuradhapura,Nochchiyagama,Rankethgama
North-central,Anuradhapura,Nochchiyagama,Ottappuwa
North-central,Anuradhapura,Rajanganaya,"Track 13,18"
North-central,Anuradhapura,Rajanganaya,"Track 16,17"
North-central,Anuradhapura,Rajanganaya,Veheragala
North-central,Anuradhapura,Rajanganaya,Yaya 12
North-central,Anuradhapura,Rajanganaya,Track 09 - 10
North-central,Anuradhapura,Rajanganaya,Track 11
North-central,Anuradhapura,Rajanganaya,Track 15
North-central,Anuradhapura,Rajanganaya,Gemunupura
North-central,Anuradhapura,Rajanganaya,Track 07
North-central,Anuradhapura,Rajanganaya,Thumbullegama
North-central,Anuradhapura,Rajanganaya,Randenigama
North-central,Anuradhapura,Rajanganaya,Track 04
North-central,Anuradhapura,Rajanganaya,Track 03
North-central,Anuradhapura,Rajanganaya,Naigala
North-central,Anuradhapura,Rajanganaya,Thissapura
North-central,Anuradhapura,Rajanganaya,Maha Thimbirikalla
North-central,Anuradhapura,Rajanganaya,Angamuwa
North-central,Anuradhapura,Rajanganaya,04 1/2 Kanuwa
North-central,Anuradhapura,Rajanganaya,Sirimapura
North-central,Anuradhapura,Rajanganaya,Panthiyawa
North-central,Anuradhapura,Rajanganaya,Kalundegama
North-central,Anuradhapura,Thambuttegama,Kongollewa
North-central,Anuradhapura,Thambuttegama,Kelegama
North-central,Anuradhapura,Thambuttegama,Pahalagama
North-central,Anuradhapura,Thambuttegama,Solama
North-central,Anuradhapura,Thambuttegama,Maha Bellankadawala
North-central,Anuradhapura,Thambuttegama,Eriyagama
North-central,Anuradhapura,Thambuttegama,Delnegama
North-central,Anuradhapura,Thambuttegama,Kuda Bellankadawala
North-central,Anuradhapura,Thambuttegama,Konwewa
North-central,Anuradhapura,Thambuttegama,Jayasirigama
North-central,Anuradhapura,Thambuttegama,Lunuwewa
North-central,Anuradhapura,Thambuttegama,Veheragala
North-central,Anuradhapura,Thambuttegama,Thammennagama
North-central,Anuradhapura,Thambuttegama,Nallachchiya
North-central,Anuradhapura,Thambuttegama,Galviharawewa
North-central,Anuradhapura,Thambuttegama,Thelhiriyawa
North-central,Anuradhapura,Thambuttegama,Ikiriwewa
North-central,Anuradhapura,Thambuttegama,Musalpitiya
North-central,Anuradhapura,Thambuttegama,Thambuttegama
North-central,Anuradhapura,Thambuttegama,Thispanepura
North-central,Anuradhapura,Thambuttegama,Makulewa
North-central,Anuradhapura,Thambuttegama,Thammennawa
North-central,Anuradhapura,Thambuttegama,Mudungoda
North-central,Anuradhapura,Thambuttegama,Helambawewa
North-central,Anuradhapura,Thambuttegama,Hureegaswewa
North-central,Anuradhapura,Thambuttegama,Weliyawa
North-central,Anuradhapura,Thalawa,Daladapura
North-central,Anuradhapura,Thalawa,Pahala Thalawa
North-central,Anuradhapura,Thalawa,Moragoda
North-central,Anuradhapura,Thalawa,Kumbukgahawewa
North-central,Anuradhapura,Thalawa,Nawa Hanguranketha
North-central,Anuradhapura,Thalawa,Hirigollegama
North-central,Anuradhapura,Thalawa,Karagahawewa
North-central,Anuradhapura,Thalawa,Ihala Thalawa
North-central,Anuradhapura,Thalawa,Hinguruwewa
North-central,Anuradhapura,Thalawa,Korakahawewa
North-central,Anuradhapura,Thalawa,Kurunduwewa
North-central,Anuradhapura,Thalawa,Meegassegama
North-central,Anuradhapura,Thalawa,Kiralogama
North-central,Anuradhapura,Thalawa,Kadurugaswewa
North-central,Anuradhapura,Thalawa,Palugaswewa
North-central,Anuradhapura,Thalawa,Ketakale
North-central,Anuradhapura,Thalawa,Rajjallegama
North-central,Anuradhapura,Thalawa,Eliyadivulwewa
North-central,Anuradhapura,Thalawa,Ihala Siyambalewa
North-central,Anuradhapura,Thalawa,Eppawala
North-central,Anuradhapura,Thalawa,Mawathawewa
North-central,Anuradhapura,Thalawa,Nallamudawa
North-central,Anuradhapura,Thalawa,Medagama
North-central,Anuradhapura,Thalawa,Kiriamunukole
North-central,Anuradhapura,Thalawa,Kadigawa
North-central,Anuradhapura,Thalawa,Mediyawa
North-central,Anuradhapura,Thalawa,Katiyawa Track 02
North-central,Anuradhapura,Thalawa,Galwaduwagama
North-central,Anuradhapura,Thalawa,Ihala Halmillewa
North-central,Anuradhapura,Thalawa,Adhiranigama
North-central,Anuradhapura,Thalawa,Katiyawa Track 10
North-central,Anuradhapura,Thalawa,Katiyawa Track 09
North-central,Anuradhapura,Thalawa,Katiyawa Track 01
North-central,Anuradhapura,Thalawa,Endagala
North-central,Anuradhapura,Thalawa,Kelesiyambalewa
North-central,Anuradhapura,Thalawa,Galmaduwa
North-central,Anuradhapura,Thalawa,Ihalagama
North-central,Anuradhapura,Thalawa,Keledivulwewa
North-central,Anuradhapura,Thalawa,Katiyawa Track 06
North-central,Anuradhapura,Thirappane,Karuwalagaswewa
North-central,Anuradhapura,Thirappane,Galkulama
North-central,Anuradhapura,Thirappane,Gnanikkulama
North-central,Anuradhapura,Thirappane,Perimiyankulama
North-central,Anuradhapura,Thirappane,Wannamkulama
North-central,Anuradhapura,Thirappane,Uttimaduwa
North-central,Anuradhapura,Thirappane,Dematawewa
North-central,Anuradhapura,Thirappane,Pairimaduwa
North-central,Anuradhapura,Thirappane,Kuttikulama
North-central,Anuradhapura,Thirappane,Puliyankulama
North-central,Anuradhapura,Thirappane,Mawathawewa
North-central,Anuradhapura,Thirappane,Periyakulama
North-central,Anuradhapura,Thirappane,Ethungama South
North-central,Anuradhapura,Thirappane,Meewellewa
North-central,Anuradhapura,Thirappane,Ethungama North
North-central,Anuradhapura,Thirappane,Aluth Punchikulama
North-central,Anuradhapura,Thirappane,Wannammaduwa
North-central,Anuradhapura,Thirappane,Thirappane Kadaweediya
North-central,Anuradhapura,Thirappane,Thirappanegama
North-central,Anuradhapura,Thirappane,Sembukulama
North-central,Anuradhapura,Thirappane,Wellamudawa
North-central,Anuradhapura,Thirappane,Selesthimaduwa
North-central,Anuradhapura,Thirappane,Idigahawewa
North-central,Anuradhapura,Thirappane,Paindikulama
North-central,Anuradhapura,Thirappane,Walagambahuwa
North-central,Anuradhapura,Thirappane,Mahakanumulla
North-central,Anuradhapura,Thirappane,Alisthana
North-central,Anuradhapura,Thirappane,Dayagama
North-central,Anuradhapura,Thirappane,Wanamal Uyana
North-central,Anuradhapura,Thirappane,Manakkulama
North-central,Anuradhapura,Thirappane,Pethis Rambewa
North-central,Anuradhapura,Thirappane,Kattamurichchana
North-central,Anuradhapura,Thirappane,Kandupagama
North-central,Anuradhapura,Thirappane,Labunoruwa
North-central,Anuradhapura,Thirappane,Pahala Ambathale
North-central,Anuradhapura,Thirappane,Ihala Ambathale
North-central,Anuradhapura,Thirappane,Alagollewa
North-central,Anuradhapura,Thirappane,Muriyakadawala
North-central,Anuradhapura,Thirappane,Amunichchiya
North-central,Anuradhapura,Thirappane,Sandapagama
North-central,Anuradhapura,Thirappane,Uttupitiya
North-central,Anuradhapura,Kekirawa,Navakkulama
North-central,Anuradhapura,Kekirawa,Moragoda
North-central,Anuradhapura,Kekirawa,Mahadivulwewa
North-central,Anuradhapura,Kekirawa,Keeriyagaswewa
North-central,Anuradhapura,Kekirawa,Ihala Puliyankulama
North-central,Anuradhapura,Kekirawa,Kelepuliyankulama
North-central,Anuradhapura,Kekirawa,Maradankadawala
North-central,Anuradhapura,Kekirawa,Thoruwewa
North-central,Anuradhapura,Kekirawa,Mamineeyawa
North-central,Anuradhapura,Kekirawa,Maminiya Rambewa
North-central,Anuradhapura,Kekirawa,Ganewalpola
North-central,Anuradhapura,Kekirawa,Heenukkiriyawa
North-central,Anuradhapura,Kekirawa,Embulgaswewa
North-central,Anuradhapura,Kekirawa,Olukarada
North-central,Anuradhapura,Kekirawa,Kollankuttigama
North-central,Anuradhapura,Kekirawa,Mudaperumagama
North-central,Anuradhapura,Kekirawa,Ihalagama
North-central,Anuradhapura,Kekirawa,Shasthrawelliya
North-central,Anuradhapura,Kekirawa,Railway Town
North-central,Anuradhapura,Kekirawa,Maradankadawala Road
North-central,Anuradhapura,Kekirawa,Maldenipura
North-central,Anuradhapura,Kekirawa,Mankadawala
North-central,Anuradhapura,Kekirawa,Medawewa
North-central,Anuradhapura,Kekirawa,Pothanegama
North-central,Anuradhapura,Kekirawa,Kuda Kekirawa
North-central,Anuradhapura,Kekirawa,Kekirawa Town
North-central,Anuradhapura,Kekirawa,Malawa
North-central,Anuradhapura,Kekirawa,Neekiniyawa
North-central,Anuradhapura,Kekirawa,Mailagaswewa
North-central,Anuradhapura,Kekirawa,Karukkankulama
North-central,Anuradhapura,Kekirawa,Olombewa
North-central,Anuradhapura,Kekirawa,Maha Kekirawa
North-central,Anuradhapura,Kekirawa,Kumbukwewa
North-central,Anuradhapura,Kekirawa,Rathmallewa
North-central,Anuradhapura,Kekirawa,Medagama
North-central,Anuradhapura,Kekirawa,Korasagalla
North-central,Anuradhapura,Kekirawa,Unagollewa
North-central,Anuradhapura,Kekirawa,Horapola
North-central,Anuradhapura,Kekirawa,Dambewatana
North-central,Anuradhapura,Kekirawa,Uduruwa
North-central,Anuradhapura,Kekirawa,Nidigama
North-central,Anuradhapura,Kekirawa,Maha Elagamuwa
North-central,Anuradhapura,Kekirawa,Pallehingura
North-central,Anuradhapura,Kekirawa,Nelbegama
North-central,Anuradhapura,Kekirawa,Murungahitikanda
North-central,Anuradhapura,Kekirawa,Baravila
North-central,Anuradhapura,Kekirawa,Bandarapothana
North-central,Anuradhapura,Kekirawa,Kotagala
North-central,Anuradhapura,Kekirawa,Madatugama
North-central,Anuradhapura,Kekirawa,Dunumadalawa
North-central,Anuradhapura,Kekirawa,Kandalama West
North-central,Anuradhapura,Kekirawa,Kithulhitiyawa
North-central,Anuradhapura,Kekirawa,Kandalama East
North-central,Anuradhapura,Palugaswewa,Maithrigama
North-central,Anuradhapura,Palugaswewa,Maha Rambawewa
North-central,Anuradhapura,Palugaswewa,Madawala
North-central,Anuradhapura,Palugaswewa,Eppawala
North-central,Anuradhapura,Palugaswewa,Galapitagala
North-central,Anuradhapura,Palugaswewa,Kumbukwewa
North-central,Anuradhapura,Palugaswewa,Senadhiriyagama
North-central,Anuradhapura,Palugaswewa,Horivila
North-central,Anuradhapura,Palugaswewa,Palugaswewa
North-central,Anuradhapura,Palugaswewa,Kuda Rambawewa
North-central,Anuradhapura,Palugaswewa,Habarana
North-central,Anuradhapura,Palugaswewa,Demuththewa
North-central,Anuradhapura,Palugaswewa,Kelewa
North-central,Anuradhapura,Palugaswewa,Wayaulpatha
North-central,Anuradhapura,Palugaswewa,Hiriwadunna
North-central,Anuradhapura,Palugaswewa,Kashyapagama
North-central,Anuradhapura,Ipalogama,Dikwewa - Senapura
North-central,Anuradhapura,Ipalogama,Galagedara Gama
North-central,Anuradhapura,Ipalogama,Senapura Gama
North-central,Anuradhapura,Ipalogama,Mahailuppallama
North-central,Anuradhapura,Ipalogama,Gonapathirawa
North-central,Anuradhapura,Ipalogama,Sangattewa
North-central,Anuradhapura,Ipalogama,Kadiyangalla
North-central,Anuradhapura,Ipalogama,Ipalogama
North-central,Anuradhapura,Ipalogama,Manewa
North-central,Anuradhapura,Ipalogama,Heenukwe Gama
North-central,Anuradhapura,Ipalogama,Dampelessa Gama
North-central,Anuradhapura,Ipalogama,Ihala Kagama
North-central,Anuradhapura,Ipalogama,Kunchikulama
North-central,Anuradhapura,Ipalogama,Hiripitiya Gama
North-central,Anuradhapura,Ipalogama,Aswedduma
North-central,Anuradhapura,Ipalogama,Ganthiriya Gama
North-central,Anuradhapura,Ipalogama,Galwanguwa
North-central,Anuradhapura,Ipalogama,Wedinigama
North-central,Anuradhapura,Ipalogama,Narangalle Gama
North-central,Anuradhapura,Ipalogama,Kallanchiya Gama
North-central,Anuradhapura,Ipalogama,Aluth Dambewatana
North-central,Anuradhapura,Ipalogama,Kagama 5 Ela
North-central,Anuradhapura,Ipalogama,2 Ela - Kagama
North-central,Anuradhapura,Ipalogama,Akkara 500
North-central,Anuradhapura,Ipalogama,Amunuwetiya
North-central,Anuradhapura,Ipalogama,Puliyankulama
North-central,Anuradhapura,Ipalogama,Vijithapura
North-central,Anuradhapura,Ipalogama,Amanakkattuwa
North-central,Anuradhapura,Ipalogama,Kalawewa
North-central,Anuradhapura,Ipalogama,Kusalana Gama
North-central,Anuradhapura,Ipalogama,Palugaswewa Farm
North-central,Anuradhapura,Ipalogama,Walawwegama
North-central,Anuradhapura,Galnewa,Namalgamuwa
North-central,Anuradhapura,Galnewa,Obadayagama
North-central,Anuradhapura,Galnewa,Otunupelandigama
North-central,Anuradhapura,Galnewa,Karuwalagaswewa
North-central,Anuradhapura,Galnewa,Usgala Halmillawewa
North-central,Anuradhapura,Galnewa,Helabodu Gama
North-central,Anuradhapura,Galnewa,Kattaragama
North-central,Anuradhapura,Galnewa,Bulnewa
North-central,Anuradhapura,Galnewa,Thorane Gama
North-central,Anuradhapura,Galnewa,Midellewa
North-central,Anuradhapura,Galnewa,Ihala Kalankuttiya
North-central,Anuradhapura,Galnewa,Pahala Kalankuttiya
North-central,Anuradhapura,Galnewa,Siyambalewa
North-central,Anuradhapura,Galnewa,Lolugaswewa
North-central,Anuradhapura,Galnewa,Pitiye Yaya
North-central,Anuradhapura,Galnewa,Galnewa Gama
North-central,Anuradhapura,Galnewa,Galnewa Town
North-central,Anuradhapura,Galnewa,Malbaligala
North-central,Anuradhapura,Galnewa,Hadungama
North-central,Anuradhapura,Galnewa,Musnawa
North-central,Anuradhapura,Galnewa,Kala - Medawachchiya
North-central,Anuradhapura,Galnewa,Kumbukwewa
North-central,Anuradhapura,Galnewa,Kallanchiya
North-central,Anuradhapura,Galnewa,Negama
North-central,Anuradhapura,Galnewa,Verunkulama
North-central,Anuradhapura,Galnewa,Walaswewa
North-central,Anuradhapura,Galnewa,Kande Gama
North-central,Anuradhapura,Galnewa,Kandule Gama
North-central,Anuradhapura,Galnewa,Kandulugamuwa
North-central,Anuradhapura,Galnewa,Siyambalangamuwa South
North-central,Anuradhapura,Palagala,Nelliyagama
North-central,Anuradhapura,Palagala,Balaluwewa 2
North-central,Anuradhapura,Palagala,Balaluwewa
North-central,Anuradhapura,Palagala,Pahalagama
North-central,Anuradhapura,Palagala,Karavilagala
North-central,Anuradhapura,Palagala,Gam Sabha Halmilla Wewa
North-central,Anuradhapura,Palagala,Gonadeniyagama
North-central,Anuradhapura,Palagala,Meewewa
North-central,Anuradhapura,Palagala,Ambagaswewa
North-central,Anuradhapura,Palagala,Wambatuwewa
North-central,Anuradhapura,Palagala,Hinguruwewa
North-central,Anuradhapura,Palagala,Kirindiwatta
North-central,Anuradhapura,Palagala,Aluth Galkiriyagama
North-central,Anuradhapura,Palagala,Daniyagama
North-central,Anuradhapura,Palagala,Undurawa Halmilla Wewa
North-central,Anuradhapura,Palagala,Katukeliyawa
North-central,Anuradhapura,Palagala,Aluth Kadadugama
North-central,Anuradhapura,Palagala,Ranawa
North-central,Anuradhapura,Palagala,Hinguruwelpitiya
North-central,Anuradhapura,Palagala,Anakatawewa
North-central,Anuradhapura,Palagala,Giranegama
North-central,Anuradhapura,Palagala,Dambulu Halmilla Wewa
North-central,Anuradhapura,Palagala,Narangaswewa
North-central,Anuradhapura,Palagala,Ulpathagama
North-central,Anuradhapura,Palagala,Ellawewa
North-central,Anuradhapura,Palagala,Andiyagala
North-central,Anuradhapura,Palagala,Maneruwa
North-central,Anuradhapura,Palagala,Ipulwehera
North-central,Anuradhapura,Palagala,Gambirigaswewa
North-central,Anuradhapura,Palagala,Parawahagama
North-central,Anuradhapura,Palagala,Kalugala
North-central,Anuradhapura,Palagala,Pelbendiyawa
North-central,Anuradhapura,Palagala,Morotte Gama
North-central,Anuradhapura,Palagala,Dembatagolla Gama
North-central,Anuradhapura,Palagala,Budugehinna
North-central,Polonnaruwa,Hingurakgoda,Sinhagama
North-central,Polonnaruwa,Hingurakgoda,Galoya
North-central,Polonnaruwa,Hingurakgoda,Rotawewa
North-central,Polonnaruwa,Hingurakgoda,Rathmale
North-central,Polonnaruwa,Hingurakgoda,Paluwaddana
North-central,Polonnaruwa,Hingurakgoda,Yodha Ela
North-central,Polonnaruwa,Hingurakgoda,Yatiyalpathana
North-central,Polonnaruwa,Hingurakgoda,Rankothgama
North-central,Polonnaruwa,Hingurakgoda,Siriketha
North-central,Polonnaruwa,Hingurakgoda,Kumaragama
North-central,Polonnaruwa,Hingurakgoda,Samapura
North-central,Polonnaruwa,Hingurakgoda,Kimbulawala
North-central,Polonnaruwa,Hingurakgoda,Ulpathwewa
North-central,Polonnaruwa,Hingurakgoda,Minihirigama
North-central,Polonnaruwa,Hingurakgoda,Moragaswewa
North-central,Polonnaruwa,Hingurakgoda,Mahasengama
North-central,Polonnaruwa,Hingurakgoda,Bathgampattuwa
North-central,Polonnaruwa,Hingurakgoda,Samagipura
North-central,Polonnaruwa,Hingurakgoda,Minneriya
North-central,Polonnaruwa,Hingurakgoda,Pasiyawewa
North-central,Polonnaruwa,Hingurakgoda,Akkara 70
North-central,Polonnaruwa,Hingurakgoda,R.B. 01
North-central,Polonnaruwa,Hingurakgoda,Pulathisigama
North-central,Polonnaruwa,Hingurakgoda,Ulkatupotha
North-central,Polonnaruwa,Hingurakgoda,Bopura
North-central,Polonnaruwa,Hingurakgoda,Jayapura
North-central,Polonnaruwa,Hingurakgoda,Hinguraka Bandaragama
North-central,Polonnaruwa,Hingurakgoda,Hinguraka
North-central,Polonnaruwa,Hingurakgoda,Hathamuna
North-central,Polonnaruwa,Hingurakgoda,Hingurakgoda
North-central,Polonnaruwa,Hingurakgoda,Bubula
North-central,Polonnaruwa,Hingurakgoda,Raja Ela
North-central,Polonnaruwa,Hingurakgoda,Raja Ela Gama
North-central,Polonnaruwa,Hingurakgoda,Muwanpelessa
North-central,Polonnaruwa,Hingurakgoda,C.P. Pura
North-central,Polonnaruwa,Hingurakgoda,Girithale
North-central,Polonnaruwa,Hingurakgoda,Girithale Puranagama
North-central,Polonnaruwa,Hingurakgoda,Girithale Colony
North-central,Polonnaruwa,Hingurakgoda,Henkolawela
North-central,Polonnaruwa,Hingurakgoda,Jayanthipura
North-central,Polonnaruwa,Hingurakgoda,Unagalavehera West
North-central,Polonnaruwa,Hingurakgoda,Unagalavehera East
North-central,Polonnaruwa,Hingurakgoda,Chandana Pokuna
North-central,Polonnaruwa,Hingurakgoda,Nagapokuna
North-central,Polonnaruwa,Hingurakgoda,Track 12 Pedesa
North-central,Polonnaruwa,Hingurakgoda,Chethiyagirigama
North-central,Polonnaruwa,Hingurakgoda,Weeragama
North-central,Polonnaruwa,Hingurakgoda,Track 05 Pedesa
North-central,Polonnaruwa,Hingurakgoda,Wijayaraja Wewa
North-central,Polonnaruwa,Hingurakgoda,Agbopura
North-central,Polonnaruwa,Hingurakgoda,Katukeliyawa
North-central,Polonnaruwa,Hingurakgoda,Sudukanda - Nikawewa
North-central,Polonnaruwa,Hingurakgoda,Thambalawewa
North-central,Polonnaruwa,Medirigiriya,Wedikachchiya
North-central,Polonnaruwa,Medirigiriya,Jayathugama
North-central,Polonnaruwa,Medirigiriya,Ekamuthugama
North-central,Polonnaruwa,Medirigiriya,Meegaswewa
North-central,Polonnaruwa,Medirigiriya,Palliyagodella
North-central,Polonnaruwa,Medirigiriya,Wadigawewa
North-central,Polonnaruwa,Medirigiriya,Senarathpura
North-central,Polonnaruwa,Medirigiriya,Etambaoya
North-central,Polonnaruwa,Medirigiriya,Kavuduluwewa (Ralapanawa)
North-central,Polonnaruwa,Medirigiriya,Meniksorowwa
North-central,Polonnaruwa,Medirigiriya,Bisobandara
North-central,Polonnaruwa,Medirigiriya,Thissapura
North-central,Polonnaruwa,Medirigiriya,Abhayapuragama
North-central,Polonnaruwa,Medirigiriya,New Town
North-central,Polonnaruwa,Medirigiriya,Diggalpura
North-central,Polonnaruwa,Medirigiriya,Wedehapura
North-central,Polonnaruwa,Medirigiriya,Bisobandara Gama
North-central,Polonnaruwa,Medirigiriya,Ambagaswewa
North-central,Polonnaruwa,Medirigiriya,Jayagampura
North-central,Polonnaruwa,Medirigiriya,Nagarapura
North-central,Polonnaruwa,Medirigiriya,Kumudupura
North-central,Polonnaruwa,Medirigiriya,Damsopura
North-central,Polonnaruwa,Medirigiriya,Aluthwewa
North-central,Polonnaruwa,Medirigiriya,Thalakolawewa
North-central,Polonnaruwa,Medirigiriya,Ihalagama
North-central,Polonnaruwa,Medirigiriya,Wijayapura
North-central,Polonnaruwa,Medirigiriya,Bisouyana
North-central,Polonnaruwa,Medirigiriya,Diyasenpura
North-central,Polonnaruwa,Medirigiriya,Gajabapura
North-central,Polonnaruwa,Medirigiriya,Kavudulugama
North-central,Polonnaruwa,Medirigiriya,Mandalagiriya
North-central,Polonnaruwa,Medirigiriya,Medirigiriya
North-central,Polonnaruwa,Medirigiriya,Viharagama
North-central,Polonnaruwa,Medirigiriya,Divulankadawala
North-central,Polonnaruwa,Medirigiriya,Nelumpokuna
North-central,Polonnaruwa,Medirigiriya,Thissa Amuna
North-central,Polonnaruwa,Medirigiriya,Kusumpokuna
North-central,Polonnaruwa,Medirigiriya,Wijayarajapura
North-central,Polonnaruwa,Medirigiriya,Perakumpura
North-central,Polonnaruwa,Medirigiriya,Kahambiliyawa
North-central,Polonnaruwa,Medirigiriya,Akbarpura
North-central,Polonnaruwa,Medirigiriya,Sansungama
North-central,Polonnaruwa,Medirigiriya,Veheragala
North-central,Polonnaruwa,Medirigiriya,Mahasenpura
North-central,Polonnaruwa,Medirigiriya,Yudhaganawa
North-central,Polonnaruwa,Lankapura,Weli Ela
North-central,Polonnaruwa,Lankapura,Maha Kirimetiya
North-central,Polonnaruwa,Lankapura,Buddhayaya
North-central,Polonnaruwa,Lankapura,Sungavila
North-central,Polonnaruwa,Lankapura,Jayabima
North-central,Polonnaruwa,Lankapura,Jayapura
North-central,Polonnaruwa,Lankapura,Nelumpura
North-central,Polonnaruwa,Lankapura,Patunugama
North-central,Polonnaruwa,Lankapura,Munisirigama
North-central,Polonnaruwa,Lankapura,Pansalgodella
North-central,Polonnaruwa,Lankapura,Galamuna
North-central,Polonnaruwa,Lankapura,Hingurakdamana
North-central,Polonnaruwa,Lankapura,Gemunupura
North-central,Polonnaruwa,Lankapura,Senanayakapura
North-central,Polonnaruwa,Lankapura,Debarella
North-central,Polonnaruwa,Lankapura,Somapura
North-central,Polonnaruwa,Lankapura,Abhayapura
North-central,Polonnaruwa,Lankapura,Sanghabodhi Gama
North-central,Polonnaruwa,Lankapura,Pulasthigama
North-central,Polonnaruwa,Lankapura,Kegalugama
North-central,Polonnaruwa,Lankapura,Thalpotha
North-central,Polonnaruwa,Lankapura,Bauddhartha Gama
North-central,Polonnaruwa,Lankapura,Lankapura
North-central,Polonnaruwa,Lankapura,Rifaipura
North-central,Polonnaruwa,Lankapura,Alhilalpura
North-central,Polonnaruwa,Lankapura,Thambala
North-central,Polonnaruwa,Lankapura,Onegama Muslimgama
North-central,Polonnaruwa,Lankapura,Weerapura
North-central,Polonnaruwa,Welikanda,Sinhapura
North-central,Polonnaruwa,Welikanda,Kandakaduwa
North-central,Polonnaruwa,Welikanda,Katuwanvila West
North-central,Polonnaruwa,Welikanda,Katuwanvila East
North-central,Polonnaruwa,Welikanda,Kudapokuna
North-central,Polonnaruwa,Welikanda,Muthuwella
North-central,Polonnaruwa,Welikanda,Mahindagama
North-central,Polonnaruwa,Welikanda,Mangulpokuna
North-central,Polonnaruwa,Welikanda,Ruhunuketha
North-central,Polonnaruwa,Welikanda,Malvila
North-central,Polonnaruwa,Welikanda,Senapura
North-central,Polonnaruwa,Welikanda,Muthugala
North-central,Polonnaruwa,Welikanda,Alinchipothana
North-central,Polonnaruwa,Welikanda,Madurangala
North-central,Polonnaruwa,Welikanda,Malinda
North-central,Polonnaruwa,Welikanda,Sandunpitiya
North-central,Polonnaruwa,Welikanda,Susirigama
North-central,Polonnaruwa,Welikanda,Monarathenna
North-central,Polonnaruwa,Welikanda,Welikanda
North-central,Polonnaruwa,Welikanda,Kadawathmaduwa
North-central,Polonnaruwa,Welikanda,Bo-Atta
North-central,Polonnaruwa,Welikanda,Menikwela
North-central,Polonnaruwa,Welikanda,Sevanapitiya
North-central,Polonnaruwa,Welikanda,Mahawewa
North-central,Polonnaruwa,Welikanda,Karapola
North-central,Polonnaruwa,Welikanda,Ginidamana
North-central,Polonnaruwa,Welikanda,Borawewa
North-central,Polonnaruwa,Welikanda,Nelumwewa
North-central,Polonnaruwa,Welikanda,Rideepokuna
North-central,Polonnaruwa,Welikanda,Aluthwewa
North-central,Polonnaruwa,Dimbulagala,Manampitiya
North-central,Polonnaruwa,Dimbulagala,Manampitiya East
North-central,Polonnaruwa,Dimbulagala,Dalukana
North-central,Polonnaruwa,Dimbulagala,Kudawewa
North-central,Polonnaruwa,Dimbulagala,Medagama
North-central,Polonnaruwa,Dimbulagala,Jayapura
North-central,Polonnaruwa,Dimbulagala,Wijayabapura
North-central,Polonnaruwa,Dimbulagala,Veheragama
North-central,Polonnaruwa,Dimbulagala,Millana
North-central,Polonnaruwa,Dimbulagala,Dimbulagala
North-central,Polonnaruwa,Dimbulagala,Yakkure
North-central,Polonnaruwa,Dimbulagala,Damanewewa
North-central,Polonnaruwa,Dimbulagala,Pihitiwewa
North-central,Polonnaruwa,Dimbulagala,Pahala Yakkure
North-central,Polonnaruwa,Dimbulagala,Maguldamana
North-central,Polonnaruwa,Dimbulagala,Pelatiyawa
North-central,Polonnaruwa,Dimbulagala,Mahaulpatha
North-central,Polonnaruwa,Dimbulagala,Bogaswewa
North-central,Polonnaruwa,Dimbulagala,Rathmalthenna
North-central,Polonnaruwa,Dimbulagala,Track 05 Aralaganvila
North-central,Polonnaruwa,Dimbulagala,Gomathiyaya
North-central,Polonnaruwa,Dimbulagala,Arunapura
North-central,Polonnaruwa,Dimbulagala,Aralaganvila
North-central,Polonnaruwa,Dimbulagala,Aralaganvila West
North-central,Polonnaruwa,Dimbulagala,Weerana
North-central,Polonnaruwa,Dimbulagala,Bimpokuna
North-central,Polonnaruwa,Dimbulagala,Pahala Ellewewa
North-central,Polonnaruwa,Dimbulagala,Kalukele
North-central,Polonnaruwa,Dimbulagala,Navagaha Ela
North-central,Polonnaruwa,Dimbulagala,Nuwaragala
North-central,Polonnaruwa,Dimbulagala,Bandanagala
North-central,Polonnaruwa,Dimbulagala,Ellewewa
North-central,Polonnaruwa,Dimbulagala,Ihala Ellewewa
North-central,Polonnaruwa,Dimbulagala,Mahadamana
North-central,Polonnaruwa,Dimbulagala,Pimburattewa West
North-central,Polonnaruwa,Dimbulagala,Divuldamana
North-central,Polonnaruwa,Dimbulagala,Nidanwala
North-central,Polonnaruwa,Dimbulagala,Ihalawewa
North-central,Polonnaruwa,Dimbulagala,Pimburattewa East
North-central,Polonnaruwa,Dimbulagala,Aluthoya
North-central,Polonnaruwa,Dimbulagala,Veheragala
North-central,Polonnaruwa,Dimbulagala,Warapitiya
North-central,Polonnaruwa,Dimbulagala,Gal Eliya
North-central,Polonnaruwa,Dimbulagala,Weeralanda
North-central,Polonnaruwa,Dimbulagala,Sandagalathenna
North-central,Polonnaruwa,Dimbulagala,Ulpathwewa
North-central,Polonnaruwa,Dimbulagala,Alawakumbura
North-central,Polonnaruwa,Dimbulagala,Kandegama
North-central,Polonnaruwa,Dimbulagala,Kanichchagala
North-central,Polonnaruwa,Dimbulagala,Kekulawela
North-central,Polonnaruwa,Dimbulagala,Maldeniya
North-central,Polonnaruwa,Dimbulagala,Mewathpura
North-central,Polonnaruwa,Dimbulagala,Rankethgama
North-central,Polonnaruwa,Dimbulagala,Mudungama
North-central,Polonnaruwa,Dimbulagala,Siripura
North-central,Polonnaruwa,Dimbulagala,Selasumgama
North-central,Polonnaruwa,Thamankaduwa,Shanthi Pura
North-central,Polonnaruwa,Thamankaduwa,Sinha Pura
North-central,Polonnaruwa,Thamankaduwa,Wijayabahu Pura
North-central,Polonnaruwa,Thamankaduwa,Unagalavehera South
North-central,Polonnaruwa,Thamankaduwa,Laksha Uyana
North-central,Polonnaruwa,Thamankaduwa,Sevagama
North-central,Polonnaruwa,Thamankaduwa,Wewethenna
North-central,Polonnaruwa,Thamankaduwa,Monarathenna
North-central,Polonnaruwa,Thamankaduwa,Damana Gemunupura
North-central,Polonnaruwa,Thamankaduwa,Kalinga Ela
North-central,Polonnaruwa,Thamankaduwa,Onegama
North-central,Polonnaruwa,Thamankaduwa,Sinharajapura
North-central,Polonnaruwa,Thamankaduwa,Pudur
North-central,Polonnaruwa,Thamankaduwa,Medamaluwa
North-central,Polonnaruwa,Thamankaduwa,Wijayaraja Pura
North-central,Polonnaruwa,Thamankaduwa,Palugasdamana 03 Ela
North-central,Polonnaruwa,Thamankaduwa,Palugasdamana 02 Ela
North-central,Polonnaruwa,Thamankaduwa,Palugasdamana 01 Ela
North-central,Polonnaruwa,Thamankaduwa,Palugasdamana South
North-central,Polonnaruwa,Thamankaduwa,Palugasdamana North
North-central,Polonnaruwa,Thamankaduwa,Nishshankamallapura
North-central,Polonnaruwa,Thamankaduwa,Ethumalpitiya
North-central,Polonnaruwa,Thamankaduwa,Nikawewa
North-central,Polonnaruwa,Thamankaduwa,Kadawala Wewa
North-central,Polonnaruwa,Thamankaduwa,Samudragama
North-central,Polonnaruwa,Thamankaduwa,Sirisangabo Pedesa
North-central,Polonnaruwa,Thamankaduwa,Bendiwewa
North-central,Polonnaruwa,Thamankaduwa,Galthambarawa
North-central,Polonnaruwa,Thamankaduwa,Kuruppu Junction
North-central,Polonnaruwa,Thamankaduwa,Mahasen Pedesa
North-central,Polonnaruwa,Thamankaduwa,Kaduruwela West
North-central,Polonnaruwa,Thamankaduwa,Kaduruwela East
North-central,Polonnaruwa,Thamankaduwa,Divulana
North-central,Polonnaruwa,Thamankaduwa,Gallella
North-central,Polonnaruwa,Thamankaduwa,Manikkampattiya
North-central,Polonnaruwa,Thamankaduwa,Gallella West
North-central,Polonnaruwa,Thamankaduwa,Nelumvila
North-central,Polonnaruwa,Thamankaduwa,Kaduruwela South
North-central,Polonnaruwa,Thamankaduwa,Perakum Pedesa
North-central,Polonnaruwa,Thamankaduwa,Weera Pedesa
North-central,Polonnaruwa,Thamankaduwa,Pulathisi Pedesa
North-central,Polonnaruwa,Thamankaduwa,Polonnaruwa Town
North-central,Polonnaruwa,Thamankaduwa,Thopawewa
North-central,Polonnaruwa,Thamankaduwa,Sinha Udagama
North-central,Polonnaruwa,Thamankaduwa,Pothgul Pedesa
North-central,Polonnaruwa,Thamankaduwa,Udawela
North-central,Polonnaruwa,Thamankaduwa,Ganangolla
North-central,Polonnaruwa,Thamankaduwa,Nishshankamalla Pedesa
North-central,Polonnaruwa,Thamankaduwa,Mahaweli Pedesa
North-central,Polonnaruwa,Thamankaduwa,Kotaleeya
North-central,Polonnaruwa,Thamankaduwa,Aluth Wewa East
North-central,Polonnaruwa,Thamankaduwa,Aluth Wewa West
North-central,Polonnaruwa,Thamankaduwa,Parakrama Samudraya
North-central,Polonnaruwa,Thamankaduwa,Ambanganga
North-central,Polonnaruwa,Thamankaduwa,Kalahagala
North-central,Polonnaruwa,Elahera,Ihakuluwewa
North-central,Polonnaruwa,Elahera,Katukeliyawa
North-central,Polonnaruwa,Elahera,Diyabeduma
North-central,Polonnaruwa,Elahera,Konduruwawa
North-central,Polonnaruwa,Elahera,Attanakadawala West
North-central,Polonnaruwa,Elahera,Radavigeoya
North-central,Polonnaruwa,Elahera,Madudamana
North-central,Polonnaruwa,Elahera,Attanakadawala North
North-central,Polonnaruwa,Elahera,Attanakadawala South
North-central,Polonnaruwa,Elahera,Ikiriwewa
North-central,Polonnaruwa,Elahera,Kahatagahapitiya
North-central,Polonnaruwa,Elahera,Nikapitiya
North-central,Polonnaruwa,Elahera,Sarubima
North-central,Polonnaruwa,Elahera,Segala
North-central,Polonnaruwa,Elahera,Kottapitiya South
North-central,Polonnaruwa,Elahera,Somils
North-central,Polonnaruwa,Elahera,Gangeyaya
North-central,Polonnaruwa,Elahera,Kottapitiya North
North-central,Polonnaruwa,Elahera,Damanayaya
North-central,Polonnaruwa,Elahera,Elahera
North-central,Polonnaruwa,Elahera,Heeratiya
North-central,Polonnaruwa,Elahera,Bakamoona
North-central,Polonnaruwa,Elahera,Sirikanduruyaya
North-central,Polonnaruwa,Elahera,Atharagallewa
North-central,Polonnaruwa,Elahera,Maluweyaya
North-central,Polonnaruwa,Elahera,Orubendi Siyambalawa
North-central,Polonnaruwa,Elahera,Kumara Ella
North-central,Polonnaruwa,Elahera,Kirioya
