Southern,Galle,Benthota,Pahurumulla
Southern,Galle,Benthota,Sinharoopagama
Southern,Galle,Benthota,Yathramulla
Southern,Galle,Benthota,Kommala
Southern,Galle,Benthota,Bodhimaluwa
Southern,Galle,Benthota,Dope
Southern,Galle,Benthota,Angagoda
Southern,Galle,Benthota,Warahena
Southern,Galle,Benthota,Kahagalla
Southern,Galle,Benthota,Hunganthota Wadumulla
Southern,Galle,Benthota,Dedduwa
Southern,Galle,Benthota,Athuruwella
Southern,Galle,Benthota,Galbada
Southern,Galle,Benthota,Galagama
Southern,Galle,Benthota,Mullegoda
Southern,Galle,Benthota,Sooriyagama
Southern,Galle,Benthota,Haburugala
Southern,Galle,Benthota,Thunduwa West
Southern,Galle,Benthota,Thunduwa East
Southern,Galle,Benthota,Thotakanatta
Southern,Galle,Benthota,Elakaka
Southern,Galle,Benthota,Ethungagoda
Southern,Galle,Benthota,Gonagalapura
Southern,Galle,Benthota,Olaganduwa
Southern,Galle,Benthota,Yalegama
Southern,Galle,Benthota,Kaikawala
Southern,Galle,Benthota,Habakkala
Southern,Galle,Benthota,Etawalawatta West
Southern,Galle,Benthota,Etawalawatta East
Southern,Galle,Benthota,Dombagahawatta
Southern,Galle,Benthota,Akadegoda
Southern,Galle,Benthota,Kahawegammedda
Southern,Galle,Benthota,Warakamulla
Southern,Galle,Benthota,Kandemulla
Southern,Galle,Benthota,Galthuduwa
Southern,Galle,Benthota,Kolaniya
Southern,Galle,Benthota,Miriswatta
Southern,Galle,Benthota,Viyandoowa
Southern,Galle,Benthota,Mahagoda
Southern,Galle,Benthota,Pilekumbura
Southern,Galle,Benthota,Mahavila West
Southern,Galle,Benthota,Mahavila East
Southern,Galle,Benthota,Moragoda
Southern,Galle,Benthota,Ranthotuvila
Southern,Galle,Benthota,Malawala
Southern,Galle,Benthota,Ihala Malawala
Southern,Galle,Benthota,Kotuwabendahena
Southern,Galle,Benthota,Kuda Uragaha
Southern,Galle,Benthota,Maha Uragaha
Southern,Galle,Benthota,Pahurumulla
Southern,Galle,Benthota,Delkabalagoda
Southern,Galle,Benthota,Hipanwatta
Southern,Galle,Balapitiya,Doowemodara
Southern,Galle,Balapitiya,Nanathota Palatha
Southern,Galle,Balapitiya,Pelegas Palatha
Southern,Galle,Balapitiya,Wathurawela
Southern,Galle,Balapitiya,Boraluketiya
Southern,Galle,Balapitiya,Pathiraja Pedesa
Southern,Galle,Balapitiya,Polathu Palatha
Southern,Galle,Balapitiya,Katuvila
Southern,Galle,Balapitiya,Mahapitiya
Southern,Galle,Balapitiya,Nape
Southern,Galle,Balapitiya,Kudagodagama
Southern,Galle,Balapitiya,Hegalla-Piyagama
Southern,Galle,Balapitiya,Godapitiya
Southern,Galle,Balapitiya,Kosgoda
Southern,Galle,Balapitiya,Ahungalla
Southern,Galle,Balapitiya,Middaramulla
Southern,Galle,Balapitiya,Bogahapitiya
Southern,Galle,Balapitiya,Galvehera
Southern,Galle,Balapitiya,Pathirajagama
Southern,Galle,Balapitiya,Madoowa
Southern,Galle,Balapitiya,Kadiragonna
Southern,Galle,Balapitiya,Makumbura
Southern,Galle,Balapitiya,Wathuregama
Southern,Galle,Balapitiya,Wellabada
Southern,Galle,Balapitiya,Pathegangoda
Southern,Galle,Balapitiya,Weliwathugoda
Southern,Galle,Balapitiya,Brahmanawatta North
Southern,Galle,Balapitiya,Brahmanawatta South
Southern,Galle,Balapitiya,Galmangoda
Southern,Galle,Balapitiya,Wandadoowa
Southern,Galle,Balapitiya,Heenatiya North
Southern,Galle,Balapitiya,Mahaladoowa
Southern,Galle,Balapitiya,Seenigoda
Southern,Galle,Balapitiya,Heenatiya South
Southern,Galle,Balapitiya,Mahakarawa
Southern,Galle,Balapitiya,Elathota
Southern,Galle,Balapitiya,Balapitiya
Southern,Galle,Balapitiya,Berathuduwa
Southern,Galle,Balapitiya,Andadola
Southern,Galle,Balapitiya,Petiwatta
Southern,Galle,Balapitiya,Wathugedara
Southern,Galle,Balapitiya,Paragahathota
Southern,Galle,Balapitiya,Wathugedara South
Southern,Galle,Balapitiya,Kurunduwatta
Southern,Galle,Balapitiya,Walagedara
Southern,Galle,Balapitiya,Randombe North
Southern,Galle,Balapitiya,Wadumulla
Southern,Galle,Balapitiya,Viharagoda
Southern,Galle,Balapitiya,Kandegoda
Southern,Galle,Balapitiya,Bogahawatta
Southern,Galle,Balapitiya,Randombe South
Southern,Galle,Karandeniya,Walinguruketiya
Southern,Galle,Karandeniya,Uragasmanhandiya North
Southern,Galle,Karandeniya,Galpottawala
Southern,Galle,Karandeniya,Meegaspitiya
Southern,Galle,Karandeniya,Mendorawala
Southern,Galle,Karandeniya,Uragasmanhandiya South
Southern,Galle,Karandeniya,Yatagala
Southern,Galle,Karandeniya,Uragasmanhandiya East
Southern,Galle,Karandeniya,Mabingoda
Southern,Galle,Karandeniya,Hipankanda
Southern,Galle,Karandeniya,Siripura
Southern,Galle,Karandeniya,Beligaswella
Southern,Galle,Karandeniya,Halgahawella
Southern,Galle,Karandeniya,Lenagal Palatha
Southern,Galle,Karandeniya,Magala North
Southern,Galle,Karandeniya,Kaluwalagoda
Southern,Galle,Karandeniya,Diyapitagallana
Southern,Galle,Karandeniya,Angulugalla
Southern,Galle,Karandeniya,Magala South
Southern,Galle,Karandeniya,Pehembiyakanda
Southern,Galle,Karandeniya,Unagaswela
Southern,Galle,Karandeniya,Madakumbura
Southern,Galle,Karandeniya,Thalgahawatta
Southern,Galle,Karandeniya,Mandakanda
Southern,Galle,Karandeniya,Anganaketiya
Southern,Galle,Karandeniya,Borakanda
Southern,Galle,Karandeniya,Mahaedanda
Southern,Galle,Karandeniya,Karandeniya North
Southern,Galle,Karandeniya,Randenigama
Southern,Galle,Karandeniya,Mahagoda
Southern,Galle,Karandeniya,Karandeniya South
Southern,Galle,Karandeniya,Dangahavila
Southern,Galle,Karandeniya,Egodawela
Southern,Galle,Karandeniya,Diviyagahawela
Southern,Galle,Karandeniya,Kirinuge
Southern,Galle,Karandeniya,Kiripedda
Southern,Galle,Karandeniya,Galagoda Atta
Southern,Galle,Karandeniya,Ihala Kiripedda
Southern,Galle,Karandeniya,Kurundugaha Hethekma
Southern,Galle,Karandeniya,Jayabima
Southern,Galle,Elpitiya,Avittawa
Southern,Galle,Elpitiya,Pahala Omatta
Southern,Galle,Elpitiya,Omatta
Southern,Galle,Elpitiya,Metiviliya
Southern,Galle,Elpitiya,Himbutugoda
Southern,Galle,Elpitiya,Indipalegoda
Southern,Galle,Elpitiya,Dikhena
Southern,Galle,Elpitiya,Delpona
Southern,Galle,Elpitiya,Ihala Omatta
Southern,Galle,Elpitiya,Digala Nagahathenna
Southern,Galle,Elpitiya,Opatha
Southern,Galle,Elpitiya,Goluwamulla North
Southern,Galle,Elpitiya,Goluwamulla West
Southern,Galle,Elpitiya,Goluwamulla
Southern,Galle,Elpitiya,Atakohota
Southern,Galle,Elpitiya,Elpitiya North
Southern,Galle,Elpitiya,Elpitiya East
Southern,Galle,Elpitiya,Poojagallena
Southern,Galle,Elpitiya,Ketandola Udovita
Southern,Galle,Elpitiya,Sittaragoda
Southern,Galle,Elpitiya,Amugoda
Southern,Galle,Elpitiya,Kellapatha
Southern,Galle,Elpitiya,Thalagaspe
Southern,Galle,Elpitiya,Thalagaspe West
Southern,Galle,Elpitiya,Wallambagala North
Southern,Galle,Elpitiya,Elpitiya South
Southern,Galle,Elpitiya,Elpitiya Central
Southern,Galle,Elpitiya,Nawadagala
Southern,Galle,Elpitiya,Batuwanhena
Southern,Galle,Elpitiya,Igala
Southern,Galle,Elpitiya,Igala East
Southern,Galle,Elpitiya,Pelendagoda
Southern,Galle,Elpitiya,Wallambagala
Southern,Galle,Elpitiya,Ambana
Southern,Galle,Elpitiya,Ambana North
Southern,Galle,Elpitiya,Pituwala South
Southern,Galle,Elpitiya,Pituwala North
Southern,Galle,Elpitiya,Kudagala Kadirandola
Southern,Galle,Elpitiya,Igala Thalawa East
Southern,Galle,Elpitiya,Igala Thalawa
Southern,Galle,Elpitiya,Ella
Southern,Galle,Elpitiya,Ella Thanabaddegama
Southern,Galle,Elpitiya,Mahawela Abhayapura
Southern,Galle,Elpitiya,Pituwala West
Southern,Galle,Elpitiya,Eramulla
Southern,Galle,Elpitiya,Pinikahana
Southern,Galle,Elpitiya,Kahadoowa
Southern,Galle,Elpitiya,Thibbotuwawa
Southern,Galle,Elpitiya,Wathuruvila
Southern,Galle,Elpitiya,Rekadahena
Southern,Galle,Elpitiya,Kahadoowa South
Southern,Galle,Niyagama,Pitigala North
Southern,Galle,Niyagama,Uhanovita
Southern,Galle,Niyagama,Hattaka
Southern,Galle,Niyagama,Kaluarachchigoda
Southern,Galle,Niyagama,Pitigala
Southern,Galle,Niyagama,Karawwa
Southern,Galle,Niyagama,Boraluwahena
Southern,Galle,Niyagama,Bangamukanda
Southern,Galle,Niyagama,Godamuna North
Southern,Galle,Niyagama,Marthupitiya
Southern,Galle,Niyagama,Godamuna South
Southern,Galle,Niyagama,Liyanagamakanda
Southern,Galle,Niyagama,Usbim Colony
Southern,Galle,Niyagama,Bambarawana
Southern,Galle,Niyagama,Mattaka
Southern,Galle,Niyagama,Weihena
Southern,Galle,Niyagama,Amaragama
Southern,Galle,Niyagama,Naranovita
Southern,Galle,Niyagama,Porawagama
Southern,Galle,Niyagama,Kimbulawala
Southern,Galle,Niyagama,Poddiwala West
Southern,Galle,Niyagama,Poddiwala East
Southern,Galle,Niyagama,Maraggoda
Southern,Galle,Niyagama,Duwegoda
Southern,Galle,Niyagama,Porawagama South
Southern,Galle,Niyagama,Wattehena
Southern,Galle,Niyagama,Manampita
Southern,Galle,Niyagama,Niyagama
Southern,Galle,Niyagama,Niyagama West
Southern,Galle,Niyagama,Polpelaketiya
Southern,Galle,Niyagama,Horangalla West
Southern,Galle,Niyagama,Horangalla Thalawa
Southern,Galle,Niyagama,Horangalla (Akulavila)
Southern,Galle,Niyagama,Niyagama South
Southern,Galle,Thawalama,Ela Ihala
Southern,Galle,Thawalama,Ela Ihala North
Southern,Galle,Thawalama,Kumburegoda
Southern,Galle,Thawalama,Habarakada East
Southern,Galle,Thawalama,Habarakada West
Southern,Galle,Thawalama,Kudugalpala
Southern,Galle,Thawalama,Batahena
Southern,Galle,Thawalama,Thawalama North
Southern,Galle,Thawalama,Thawalama Mookalana
Southern,Galle,Thawalama,Thawalama South
Southern,Galle,Thawalama,Hiniduma North
Southern,Galle,Thawalama,Hiniduma West
Southern,Galle,Thawalama,Hiniduma South
Southern,Galle,Thawalama,Malgalla
Southern,Galle,Thawalama,Halvitigala Colony Step 1
Southern,Galle,Thawalama,Halvitigala Step 2
Southern,Galle,Thawalama,Dammala Colony
Southern,Galle,Thawalama,Thalangalla East
Southern,Galle,Thawalama,Thalangalla West
Southern,Galle,Thawalama,Malhathawa
Southern,Galle,Thawalama,Panangala West
Southern,Galle,Thawalama,Panangala North
Southern,Galle,Thawalama,Panangala East
Southern,Galle,Thawalama,Thalangalla
Southern,Galle,Thawalama,Dammala
Southern,Galle,Thawalama,Opatha North
Southern,Galle,Thawalama,Opatha West
Southern,Galle,Thawalama,Koralegama
Southern,Galle,Thawalama,Eppala
Southern,Galle,Thawalama,Gallandala
Southern,Galle,Thawalama,Opatha South
Southern,Galle,Thawalama,Opatha East
Southern,Galle,Thawalama,Weerapana North
Southern,Galle,Thawalama,Weerapana West
Southern,Galle,Thawalama,Weerapana South
Southern,Galle,Thawalama,Weerapana East
Southern,Galle,Neluwa,Danawala
Southern,Galle,Neluwa,Mavita West
Southern,Galle,Neluwa,Batuwangala West
Southern,Galle,Neluwa,Kosmulla
Southern,Galle,Neluwa,Thambalagama
Southern,Galle,Neluwa,Ehelapitiya
Southern,Galle,Neluwa,Batuwangala
Southern,Galle,Neluwa,Mavita East
Southern,Galle,Neluwa,Koswatta
Southern,Galle,Neluwa,Ebalagedara North
Southern,Galle,Neluwa,Embalegedara South
Southern,Galle,Neluwa,Mawanana
Southern,Galle,Neluwa,Neluwa
Southern,Galle,Neluwa,Pahala Maddegama
Southern,Galle,Neluwa,Maddegama East
Southern,Galle,Neluwa,Happitiya
Southern,Galle,Neluwa,Madugeta
Southern,Galle,Neluwa,Warukandeniya
Southern,Galle,Neluwa,Lankagama
Southern,Galle,Neluwa,Dellawa
Southern,Galle,Neluwa,Miyanawathura
Southern,Galle,Neluwa,Pannimulla
Southern,Galle,Neluwa,Ihala Maddegama
Southern,Galle,Neluwa,Medagama
Southern,Galle,Neluwa,Pahala Gigummaduwa
Southern,Galle,Neluwa,Ihala Gigummaduwa
Southern,Galle,Neluwa,Lelwala
Southern,Galle,Neluwa,Ihala Lelwala
Southern,Galle,Neluwa,Panagoda
Southern,Galle,Neluwa,Dewalegama West
Southern,Galle,Neluwa,Dewalegama East
Southern,Galle,Neluwa,Millawa West
Southern,Galle,Neluwa,Ihala Millawa
Southern,Galle,Neluwa,Pahala Millawa
Southern,Galle,Nagoda,Thalgaswala
Southern,Galle,Nagoda,Marakanda
Southern,Galle,Nagoda,Malamura
Southern,Galle,Nagoda,Aluth Thanayamgoda Pahala West
Southern,Galle,Nagoda,Mapalagama
Southern,Galle,Nagoda,Aluth Thanayamgoda Pahala
Southern,Galle,Nagoda,Aluth Thanayamgoda Ihala South
Southern,Galle,Nagoda,Aluth Thanayamgoda Ihala
Southern,Galle,Nagoda,Ketagoda South
Southern,Galle,Nagoda,Ketagoda North
Southern,Galle,Nagoda,Parana Thanayamgoda
Southern,Galle,Nagoda,Parana Thanayamgoda Central
Southern,Galle,Nagoda,Parana Thanayamgoda Pahala
Southern,Galle,Nagoda,Gonalagoda East
Southern,Galle,Nagoda,Gonalagoda
Southern,Galle,Nagoda,Gammeddegoda
Southern,Galle,Nagoda,Gammeddegoda South
Southern,Galle,Nagoda,Nagoda Ihala
Southern,Galle,Nagoda,Nagoda
Southern,Galle,Nagoda,Kurupanawa
Southern,Galle,Nagoda,Gonadeniya
Southern,Galle,Nagoda,Ukovita North
Southern,Galle,Nagoda,Udugama West
Southern,Galle,Nagoda,Udugama North
Southern,Galle,Nagoda,Homadola
Southern,Galle,Nagoda,Udugama East
Southern,Galle,Nagoda,Udugama
Southern,Galle,Nagoda,Ukovita
Southern,Galle,Nagoda,Gonadeniya South
Southern,Galle,Nagoda,Udalamatta East
Southern,Galle,Nagoda,Udalamatta North
Southern,Galle,Nagoda,Keppitiyagoda
Southern,Galle,Nagoda,Udawelivitiya
Southern,Galle,Nagoda,Udawelivitithalawa East
Southern,Galle,Nagoda,Udawelivitithalawa
Southern,Galle,Nagoda,Udawelivitiya West
Southern,Galle,Nagoda,Keppitiyagoda North
Southern,Galle,Nagoda,Budapanagama
Southern,Galle,Nagoda,Unanvitiya
Southern,Galle,Nagoda,Unanvitiya East
Southern,Galle,Nagoda,Urala North
Southern,Galle,Nagoda,Urala Pahala
Southern,Galle,Nagoda,Yatalamatta
Southern,Galle,Nagoda,Yatalamatta East
Southern,Galle,Nagoda,Udalamatta South
Southern,Galle,Nagoda,Udugama South
Southern,Galle,Nagoda,Udugama Central
Southern,Galle,Nagoda,Aluthwatta
Southern,Galle,Nagoda,Hangaranwala
Southern,Galle,Nagoda,Yatalamatta West
Southern,Galle,Nagoda,Urala Central
Southern,Galle,Nagoda,Urala South
Southern,Galle,Nagoda,Urala East
Southern,Galle,Baddegama,Wavulagala
Southern,Galle,Baddegama,Halpathota Central
Southern,Galle,Baddegama,Halpathota
Southern,Galle,Baddegama,Baddegama Town
Southern,Galle,Baddegama,Baddegama North
Southern,Galle,Baddegama,Nayapamula
Southern,Galle,Baddegama,Kotagoda
Southern,Galle,Baddegama,Hemmeliya
Southern,Galle,Baddegama,Ellakanda Wathurawa
Southern,Galle,Baddegama,Baddegama East
Southern,Galle,Baddegama,Yahaladoowa
Southern,Galle,Baddegama,Baddegama South
Southern,Galle,Baddegama,Gothatuwa
Southern,Galle,Baddegama,Majuwana
Southern,Galle,Baddegama,Weweldeniya
Southern,Galle,Baddegama,Keradewala
Southern,Galle,Baddegama,Madoldoowa
Southern,Galle,Baddegama,Bataketiya
Southern,Galle,Baddegama,Ganegama North
Southern,Galle,Baddegama,Sandarawala
Southern,Galle,Baddegama,Boralukada
Southern,Galle,Baddegama,Mahahengoda
Southern,Galle,Baddegama,Weihena
Southern,Galle,Baddegama,Mahalapitiya
Southern,Galle,Baddegama,Polgahavila
Southern,Galle,Baddegama,Indurupathvila
Southern,Galle,Baddegama,Thilaka Udagama
Southern,Galle,Baddegama,Pilagoda
Southern,Galle,Baddegama,Ganegama East
Southern,Galle,Baddegama,Ganegama South
Southern,Galle,Baddegama,Ganegama West
Southern,Galle,Baddegama,Lelkada
Southern,Galle,Baddegama,Ginimellagaha West
Southern,Galle,Baddegama,Ginimellagaha East
Southern,Galle,Baddegama,Dodangoda
Southern,Galle,Baddegama,Thelikada
Southern,Galle,Baddegama,Walpita North
Southern,Galle,Baddegama,Keembiela
Southern,Galle,Baddegama,Kohombanadeniya
Southern,Galle,Baddegama,Kasideniya
Southern,Galle,Baddegama,Kirindalahena
Southern,Galle,Baddegama,Pahala Lelwala
Southern,Galle,Baddegama,Ihala Lelwala
Southern,Galle,Baddegama,Kumbalamalahena
Southern,Galle,Baddegama,Wanduramba
Southern,Galle,Baddegama,Gulugahakanda
Southern,Galle,Baddegama,Panvila
Southern,Galle,Baddegama,Kokawala
Southern,Galle,Baddegama,Pahala Keembiya
Southern,Galle,Baddegama,Warakapitikanda
Southern,Galle,Baddegama,Adurathvila
Southern,Galle,Baddegama,Walpita South
Southern,Galle,Baddegama,Balagoda
Southern,Galle,Baddegama,Ginimellagaha South
Southern,Galle,Baddegama,Pituwalgoda
Southern,Galle,Baddegama,Thelikada Nagaraya
Southern,Galle,Baddegama,Horagampita Central
Southern,Galle,Baddegama,Gonapura
Southern,Galle,Baddegama,Horagampita
Southern,Galle,Baddegama,Meda Keembiya
Southern,Galle,Baddegama,Deiyandara
Southern,Galle,Baddegama,Wanduramba South
Southern,Galle,Baddegama,Thalawa
Southern,Galle,Baddegama,Mabotuwana
Southern,Galle,Baddegama,Nattewela
Southern,Galle,Baddegama,Thiruwanaketiya
Southern,Galle,Baddegama,Pitiharawa
Southern,Galle,Baddegama,Meda Keembiya East
Southern,Galle,Baddegama,Ihala Keembiya South
Southern,Galle,Baddegama,Ihala Keembiya
Southern,Galle,Welivitiya-Divithura,Ethkandura
Southern,Galle,Welivitiya-Divithura,Old Colony
Southern,Galle,Welivitiya-Divithura,Thanabaddegama
Southern,Galle,Welivitiya-Divithura,Maddevila
Southern,Galle,Welivitiya-Divithura,Miriswatta
Southern,Galle,Welivitiya-Divithura,Nambara Atta
Southern,Galle,Welivitiya-Divithura,Divithura East
Southern,Galle,Welivitiya-Divithura,Polgahavila
Southern,Galle,Welivitiya-Divithura,Divithura
Southern,Galle,Welivitiya-Divithura,Ampegama
Southern,Galle,Welivitiya-Divithura,Hamingala
Southern,Galle,Welivitiya-Divithura,Nugethota
Southern,Galle,Welivitiya-Divithura,Agaliya
Southern,Galle,Welivitiya-Divithura,Divithura South
Southern,Galle,Welivitiya-Divithura,Galahenkanda
Southern,Galle,Welivitiya-Divithura,Kuttiyawatta
Southern,Galle,Welivitiya-Divithura,Pathawelivitiya North
Southern,Galle,Welivitiya-Divithura,Waduwelivitiya North
Southern,Galle,Welivitiya-Divithura,Pathawelivitiya
Southern,Galle,Welivitiya-Divithura,Waduwelivitiya
Southern,Galle,Ambalangoda,Heppumulla
Southern,Galle,Ambalangoda,Patabendimulla
Southern,Galle,Ambalangoda,Karittakanda
Southern,Galle,Ambalangoda,Kaluwadumulla
Southern,Galle,Ambalangoda,Okanda
Southern,Galle,Ambalangoda,Keraminiya
Southern,Galle,Ambalangoda,Polwatta
Southern,Galle,Ambalangoda,Thalgasgoda
Southern,Galle,Ambalangoda,Thilakapura
Southern,Galle,Ambalangoda,Thanipolgahalanga
Southern,Galle,Ambalangoda,Batapola Central
Southern,Galle,Ambalangoda,Kondagala
Southern,Galle,Ambalangoda,Batapola North
Southern,Galle,Ambalangoda,Kobeithuduwa
Southern,Galle,Ambalangoda,Godahena
Southern,Galle,Ambalangoda,Poramba
Southern,Galle,Ambalangoda,Vilegoda
Southern,Galle,Ambalangoda,Paniyandoowa
Southern,Galle,Ambalangoda,Hirewatta
Southern,Galle,Ambalangoda,Maha Ambalangoda
Southern,Galle,Ambalangoda,Batadoowa
Southern,Galle,Ambalangoda,Batapola West
Southern,Galle,Ambalangoda,Batapola South
Southern,Galle,Ambalangoda,Dorala
Southern,Galle,Ambalangoda,Batapola East
Southern,Galle,Ambalangoda,Polhunnawa
Southern,Galle,Ambalangoda,Nawagama
Southern,Galle,Ambalangoda,Nindana
Southern,Galle,Ambalangoda,Lewdoowa
Southern,Galle,Ambalangoda,Udakerewa
Southern,Galle,Ambalangoda,Domanvila
Southern,Galle,Ambalangoda,Diddeliya
Southern,Galle,Ambalangoda,Eranavila
Southern,Galle,Ambalangoda,Meetiyagoda
Southern,Galle,Ambalangoda,Metiwala
Southern,Galle,Ambalangoda,Walakada
Southern,Galle,Gonapeenuwala,Karuwalabedda
Southern,Galle,Gonapeenuwala,Manampita
Southern,Galle,Gonapeenuwala,Dangaragaha Udumulla
Southern,Galle,Gonapeenuwala,Banwelgodella
Southern,Galle,Gonapeenuwala,Eriyagahamulla
Southern,Galle,Gonapeenuwala,Aluthwala
Southern,Galle,Gonapeenuwala,Mahagangoda
Southern,Galle,Gonapeenuwala,Kirindiela
Southern,Galle,Gonapeenuwala,Thilakagama
Southern,Galle,Gonapeenuwala,Henagoda
Southern,Galle,Gonapeenuwala,Gonapeenuwala Central
Southern,Galle,Gonapeenuwala,Woodland Watta
Southern,Galle,Gonapeenuwala,Berathuduwa
Southern,Galle,Gonapeenuwala,Hikkaduwa East
Southern,Galle,Gonapeenuwala,Arachchikanda
Southern,Galle,Gonapeenuwala,Gonapeenuwala East
Southern,Galle,Gonapeenuwala,Gonapeenuwala West
Southern,Galle,Gonapeenuwala,Dodamkahavila
Southern,Galle,Gonapeenuwala,Kaluwagaha Colony
Southern,Galle,Hikkaduwa,Urawatta
Southern,Galle,Hikkaduwa,Dewagoda West
Southern,Galle,Hikkaduwa,Dewagoda East
Southern,Galle,Hikkaduwa,Deldoowa
Southern,Galle,Hikkaduwa,Idanthota
Southern,Galle,Hikkaduwa,Kuleegoda West
Southern,Galle,Hikkaduwa,Galagoda East
Southern,Galle,Hikkaduwa,Galagoda West
Southern,Galle,Hikkaduwa,Kuleegoda East
Southern,Galle,Hikkaduwa,Wellabada
Southern,Galle,Hikkaduwa,Usmudulawa
Southern,Galle,Hikkaduwa,Wenamulla
Southern,Galle,Hikkaduwa,Dimbuldoowa
Southern,Galle,Hikkaduwa,Andurangoda
Southern,Galle,Hikkaduwa,Galdoowa
Southern,Galle,Hikkaduwa,Akurala
Southern,Galle,Hikkaduwa,Akurala North
Southern,Galle,Hikkaduwa,Akurala South
Southern,Galle,Hikkaduwa,Uduwaragoda North
Southern,Galle,Hikkaduwa,Uduwaragoda South
Southern,Galle,Hikkaduwa,Kahawa
Southern,Galle,Hikkaduwa,Weragoda
Southern,Galle,Hikkaduwa,Delmar Colony
Southern,Galle,Hikkaduwa,Harannagala
Southern,Galle,Hikkaduwa,Godagama South
Southern,Galle,Hikkaduwa,Godagama North
Southern,Galle,Hikkaduwa,Daluwathumulla
Southern,Galle,Hikkaduwa,Thelwatta
Southern,Galle,Hikkaduwa,Pereliya North
Southern,Galle,Hikkaduwa,Pereliya South
Southern,Galle,Hikkaduwa,Seenigama
Southern,Galle,Hikkaduwa,Seenigama East
Southern,Galle,Hikkaduwa,Malawenna
Southern,Galle,Hikkaduwa,Kalupe
Southern,Galle,Hikkaduwa,Udumulla
Southern,Galle,Hikkaduwa,Medagoda
Southern,Galle,Hikkaduwa,Werellana
Southern,Galle,Hikkaduwa,Thotagamuwa
Southern,Galle,Hikkaduwa,Wellawatta
Southern,Galle,Hikkaduwa,Hikkaduwa Nagarikaya
Southern,Galle,Hikkaduwa,Wavulagoda West
Southern,Galle,Hikkaduwa,Wavulagoda East
Southern,Galle,Hikkaduwa,Hikkaduwa West
Southern,Galle,Hikkaduwa,Nakanda
Southern,Galle,Hikkaduwa,Hikkaduwa Central
Southern,Galle,Hikkaduwa,Nalagasdeniya
Southern,Galle,Hikkaduwa,Millagoda
Southern,Galle,Hikkaduwa,Pannamgoda
Southern,Galle,Hikkaduwa,Wewala
Southern,Galle,Hikkaduwa,Narigama Wellabada
Southern,Galle,Hikkaduwa,Narigama
Southern,Galle,Hikkaduwa,Kuda Wewala
Southern,Galle,Hikkaduwa,Delgahadoowa
Southern,Galle,Hikkaduwa,Katukoliha
Southern,Galle,Hikkaduwa,Thiranagama
Southern,Galle,Hikkaduwa,Wellabada - Thiranagama
Southern,Galle,Hikkaduwa,Patuwatha
Southern,Galle,Hikkaduwa,Gammaduwatta
Southern,Galle,Hikkaduwa,Hennathota
Southern,Galle,Hikkaduwa,Pinkanda
Southern,Galle,Hikkaduwa,Handaudumulla
Southern,Galle,Hikkaduwa,Thotavila
Southern,Galle,Hikkaduwa,Mawadavila
Southern,Galle,Hikkaduwa,Panvila Pahalagoda
Southern,Galle,Hikkaduwa,Rejjipura
Southern,Galle,Hikkaduwa,Imbula
Southern,Galle,Hikkaduwa,Katudampe
Southern,Galle,Hikkaduwa,Dodandugoda
Southern,Galle,Hikkaduwa,Modara Patuwatha
Southern,Galle,Hikkaduwa,Dodandoowa
Southern,Galle,Hikkaduwa,Uduhalpitiya
Southern,Galle,Hikkaduwa,Karawegoda
Southern,Galle,Hikkaduwa,Devinigoda
Southern,Galle,Hikkaduwa,Bopagoda
Southern,Galle,Hikkaduwa,Kandegoda
Southern,Galle,Hikkaduwa,Ranapanadeniya
Southern,Galle,Hikkaduwa,Mahahegoda
Southern,Galle,Hikkaduwa,Medawala
Southern,Galle,Hikkaduwa,Hegoda
Southern,Galle,Hikkaduwa,Palanthriyagoda
Southern,Galle,Hikkaduwa,Maliduwa
Southern,Galle,Hikkaduwa,Rathna Udagama
Southern,Galle,Hikkaduwa,Ganegoda
Southern,Galle,Hikkaduwa,Rathgama Hegoda
Southern,Galle,Hikkaduwa,Palliyapitiya
Southern,Galle,Hikkaduwa,Gammeddegoda
Southern,Galle,Hikkaduwa,Gammeddegoda East
Southern,Galle,Hikkaduwa,Gammeddegoda-Rajgama
Southern,Galle,Hikkaduwa,Owakanda
Southern,Galle,Hikkaduwa,Kapumulugoda
Southern,Galle,Hikkaduwa,Dolikanda
Southern,Galle,Hikkaduwa,Boossa
Southern,Galle,Hikkaduwa,Rupeewala
Southern,Galle,Hikkaduwa,Kedala
Southern,Galle,Hikkaduwa,Pitiwella South
Southern,Galle,Hikkaduwa,Pitiwella North
Southern,Galle,Hikkaduwa,Kadurupe
Southern,Galle,Galle Four Gravets,Ukwatta East
Southern,Galle,Galle Four Gravets,Ukwatta West
Southern,Galle,Galle Four Gravets,Maha Hapugala
Southern,Galle,Galle Four Gravets,Kurunduwatta
Southern,Galle,Galle Four Gravets,Welipitimodara
Southern,Galle,Galle Four Gravets,Ginthota West
Southern,Galle,Galle Four Gravets,Ginthota East
Southern,Galle,Galle Four Gravets,Piyadigama
Southern,Galle,Galle Four Gravets,Bope North
Southern,Galle,Galle Four Gravets,Bope East
Southern,Galle,Galle Four Gravets,Kumbalwella North
Southern,Galle,Galle Four Gravets,Madawalamulla North
Southern,Galle,Galle Four Gravets,Madawalamulla South
Southern,Galle,Galle Four Gravets,Deddugoda North
Southern,Galle,Galle Four Gravets,Deddugoda South
Southern,Galle,Galle Four Gravets,Maitipe
Southern,Galle,Galle Four Gravets,Welipatha
Southern,Galle,Galle Four Gravets,Maligaspe
Southern,Galle,Galle Four Gravets,Dangedara East
Southern,Galle,Galle Four Gravets,Dangedara West
Southern,Galle,Galle Four Gravets,Bataganvila
Southern,Galle,Galle Four Gravets,Galwadugoda
Southern,Galle,Galle Four Gravets,Richmond Kanda
Southern,Galle,Galle Four Gravets,Bope West
Southern,Galle,Galle Four Gravets,Siyambalagahawatta
Southern,Galle,Galle Four Gravets,Dadalla East
Southern,Galle,Galle Four Gravets,Dadalla West
Southern,Galle,Galle Four Gravets,Walawwatta
Southern,Galle,Galle Four Gravets,Kumbalwella South
Southern,Galle,Galle Four Gravets,Mahamodara
Southern,Galle,Galle Four Gravets,Osanagoda
Southern,Galle,Galle Four Gravets,Kandewatta
Southern,Galle,Galle Four Gravets,Sanghamittapura
Southern,Galle,Galle Four Gravets,Madapathala
Southern,Galle,Galle Four Gravets,Pokunawatta
Southern,Galle,Galle Four Gravets,Milidduwa
Southern,Galle,Galle Four Gravets,Ettiligoda South
Southern,Galle,Galle Four Gravets,Makuluwa
Southern,Galle,Galle Four Gravets,Pettigalawatta
Southern,Galle,Galle Four Gravets,Thalapitiya
Southern,Galle,Galle Four Gravets,Kongaha
Southern,Galle,Galle Four Gravets,Weliwatta
Southern,Galle,Galle Four Gravets,Minuwangoda
Southern,Galle,Galle Four Gravets,Kaluwella
Southern,Galle,Galle Four Gravets,Cheena Koratuwa
Southern,Galle,Galle Four Gravets,Fort
Southern,Galle,Galle Four Gravets,Magalla
Southern,Galle,Galle Four Gravets,Dewathura
Southern,Galle,Galle Four Gravets,Katugoda
Southern,Galle,Galle Four Gravets,Dewata
Southern,Galle,Bope-Poddala,Poddala
Southern,Galle,Bope-Poddala,Pannamaga
Southern,Galle,Bope-Poddala,Mulana West
Southern,Galle,Bope-Poddala,Mulana East
Southern,Galle,Bope-Poddala,Panvila
Southern,Galle,Bope-Poddala,Narawala
Southern,Galle,Bope-Poddala,Walawatta
Southern,Galle,Bope-Poddala,Magadeniya
Southern,Galle,Bope-Poddala,Baswatta
Southern,Galle,Bope-Poddala,Addaragoda
Southern,Galle,Bope-Poddala,Meepawala
Southern,Galle,Bope-Poddala,Penideniya
Southern,Galle,Bope-Poddala,Opatha
Southern,Galle,Bope-Poddala,Wakwella
Southern,Galle,Bope-Poddala,Niladeniya
Southern,Galle,Bope-Poddala,Hapugala
Southern,Galle,Bope-Poddala,Beraliyadola
Southern,Galle,Bope-Poddala,Silvagewatta
Southern,Galle,Bope-Poddala,Uluvitike
Southern,Galle,Bope-Poddala,Holuwagoda
Southern,Galle,Bope-Poddala,Labudoowa
Southern,Galle,Bope-Poddala,Kurunda Kanda
Southern,Galle,Bope-Poddala,Kurunda
Southern,Galle,Bope-Poddala,Thotagoda
Southern,Galle,Bope-Poddala,Galketiya
Southern,Galle,Bope-Poddala,Godakanda
Southern,Galle,Bope-Poddala,Bangalawatta
Southern,Galle,Bope-Poddala,Bokaramullagoda
Southern,Galle,Bope-Poddala,Thunhiripana
Southern,Galle,Bope-Poddala,Abeysundarawatta
Southern,Galle,Bope-Poddala,Watareka East
Southern,Galle,Bope-Poddala,Pelawatta
Southern,Galle,Bope-Poddala,Mampitiya
Southern,Galle,Bope-Poddala,Kalegana South
Southern,Galle,Bope-Poddala,Kalegana North
Southern,Galle,Bope-Poddala,Kithulampitiya
Southern,Galle,Bope-Poddala,Kahadoowawatta
Southern,Galle,Bope-Poddala,Navinna
Southern,Galle,Bope-Poddala,Hirimburagama
Southern,Galle,Bope-Poddala,Karapitiya
Southern,Galle,Bope-Poddala,Ambagahawatta
Southern,Galle,Bope-Poddala,Kapuhempala
Southern,Galle,Bope-Poddala,Kerenvila
Southern,Galle,Bope-Poddala,Paliwathugoda
Southern,Galle,Akmeemana,Thalgasyaya
Southern,Galle,Akmeemana,Niyagama
Southern,Galle,Akmeemana,Ambagahavila
Southern,Galle,Akmeemana,Ihalagoda East
Southern,Galle,Akmeemana,Amalgama
Southern,Galle,Akmeemana,Ketandola
Southern,Galle,Akmeemana,Hiyare North
Southern,Galle,Akmeemana,Kandahena
Southern,Galle,Akmeemana,Welihena
Southern,Galle,Akmeemana,Kadurugashena
Southern,Galle,Akmeemana,Hiyare East
Southern,Galle,Akmeemana,Ihala Hiyare
Southern,Galle,Akmeemana,Hiyare South
Southern,Galle,Akmeemana,Etambagasmulla
Southern,Galle,Akmeemana,Ihalagoda Colony
Southern,Galle,Akmeemana,Ihalagoda South
Southern,Galle,Akmeemana,Ihalagoda West
Southern,Galle,Akmeemana,Akmeemana
Southern,Galle,Akmeemana,Ganegoda
Southern,Galle,Akmeemana,Ganegoda West
Southern,Galle,Akmeemana,Kirindagoda
Southern,Galle,Akmeemana,Badungoda Colony
Southern,Galle,Akmeemana,Badungoda
Southern,Galle,Akmeemana,Pinnadoowa Colony
Southern,Galle,Akmeemana,Weliketiya
Southern,Galle,Akmeemana,Halgasmulla
Southern,Galle,Akmeemana,Amukotuwa
Southern,Galle,Akmeemana,Nivithipitigoda
Southern,Galle,Akmeemana,Thalahitiyawa
Southern,Galle,Akmeemana,Ankokkawala
Southern,Galle,Akmeemana,Pinnadoowa
Southern,Galle,Akmeemana,Manavila
Southern,Galle,Akmeemana,Walahanduwa
Southern,Galle,Akmeemana,Yakgaha
Southern,Galle,Akmeemana,Meegoda
Southern,Galle,Akmeemana,Pilana
Southern,Galle,Akmeemana,Pedinnoruwa
Southern,Galle,Akmeemana,Melegoda
Southern,Galle,Akmeemana,Bambaragoda
Southern,Galle,Akmeemana,Anangoda
Southern,Galle,Akmeemana,Hinidumgoda
Southern,Galle,Akmeemana,Kerenvila Colony
Southern,Galle,Akmeemana,Haliwala
Southern,Galle,Akmeemana,Ettiligoda North
Southern,Galle,Akmeemana,Ambalanwatta
Southern,Galle,Akmeemana,Jambuketiya
Southern,Galle,Akmeemana,Batadoowa
Southern,Galle,Akmeemana,Kaduruduwa
Southern,Galle,Akmeemana,Panagamuwa
Southern,Galle,Akmeemana,Galgamuwa
Southern,Galle,Akmeemana,Divulana Colony
Southern,Galle,Akmeemana,Handugoda
Southern,Galle,Akmeemana,Kalahe
Southern,Galle,Akmeemana,Wanchawala
Southern,Galle,Akmeemana,Attaragoda
Southern,Galle,Akmeemana,Nugadoowa
Southern,Galle,Akmeemana,Batadoowa West
Southern,Galle,Akmeemana,Thalpegoda
Southern,Galle,Akmeemana,Yatagama
Southern,Galle,Akmeemana,Rathkindagoda
Southern,Galle,Akmeemana,Metaramba
Southern,Galle,Akmeemana,Thalpe North
Southern,Galle,Akmeemana,Nagahawatta
Southern,Galle,Yakkalamulla,Nawala
Southern,Galle,Yakkalamulla,Thellambura North
Southern,Galle,Yakkalamulla,Nakiyadeniya
Southern,Galle,Yakkalamulla,Nakiyadeniya North
Southern,Galle,Yakkalamulla,Wattehena
Southern,Galle,Yakkalamulla,Wathogala
Southern,Galle,Yakkalamulla,Moraketiya
Southern,Galle,Yakkalamulla,Gahalakoladeniya
Southern,Galle,Yakkalamulla,Udumalagala
Southern,Galle,Yakkalamulla,Ihala Nakiyadeniya
Southern,Galle,Yakkalamulla,Pahala Thellambura
Southern,Galle,Yakkalamulla,Ihala Thellambura
Southern,Galle,Yakkalamulla,Nevungala
Southern,Galle,Yakkalamulla,Nevungala South
Southern,Galle,Yakkalamulla,Kottawa
Southern,Galle,Yakkalamulla,Thellambura South
Southern,Galle,Yakkalamulla,Yakkalamulla East
Southern,Galle,Yakkalamulla,Nabadawa
Southern,Galle,Yakkalamulla,Yatamalagala
Southern,Galle,Yakkalamulla,Ihala Karagoda
Southern,Galle,Yakkalamulla,Magedara North
Southern,Galle,Yakkalamulla,Magedara East
Southern,Galle,Yakkalamulla,Ella Ihala
Southern,Galle,Yakkalamulla,Magedara
Southern,Galle,Yakkalamulla,Uduwella
Southern,Galle,Yakkalamulla,Karagoda
Southern,Galle,Yakkalamulla,Pahala Karagoda
Southern,Galle,Yakkalamulla,Polpagoda
Southern,Galle,Yakkalamulla,Beranagoda
Southern,Galle,Yakkalamulla,Yakkalamulla
Southern,Galle,Yakkalamulla,Kottawa East
Southern,Galle,Yakkalamulla,Kottawa West
Southern,Galle,Yakkalamulla,Thalgampala North
Southern,Galle,Yakkalamulla,Udubettawa
Southern,Galle,Yakkalamulla,Udubettawa West
Southern,Galle,Yakkalamulla,Thalgampala
Southern,Galle,Yakkalamulla,Hiriyamalkumbura
Southern,Galle,Yakkalamulla,Polpagoda West
Southern,Galle,Yakkalamulla,Kaludiyawala
Southern,Galle,Yakkalamulla,Badungala
Southern,Galle,Yakkalamulla,Rathamalaketiya
Southern,Galle,Yakkalamulla,Welendawa
Southern,Galle,Yakkalamulla,Pahala Walpola
Southern,Galle,Yakkalamulla,Ihala Walpala
Southern,Galle,Imaduwa,Pituwalahena
Southern,Galle,Imaduwa,Mayakaduwa
Southern,Galle,Imaduwa,Kabaragala
Southern,Galle,Imaduwa,Danduwana
Southern,Galle,Imaduwa,Hatangala
Southern,Galle,Imaduwa,Bedipita
Southern,Galle,Imaduwa,Puswelkada
Southern,Galle,Imaduwa,Ihala Kombala
Southern,Galle,Imaduwa,Kombala
Southern,Galle,Imaduwa,Imaduwa Athireka
Southern,Galle,Imaduwa,Paragoda
Southern,Galle,Imaduwa,Wathawana
Southern,Galle,Imaduwa,Hawpe North
Southern,Galle,Imaduwa,Hawpe
Southern,Galle,Imaduwa,Angulugaha
Southern,Galle,Imaduwa,Rangoda
Southern,Galle,Imaduwa,Dorape
Southern,Galle,Imaduwa,Welikonda
Southern,Galle,Imaduwa,Pelawatta
Southern,Galle,Imaduwa,Polhena
Southern,Galle,Imaduwa,Kahanda
Southern,Galle,Imaduwa,Kahanda Athireka 1
Southern,Galle,Imaduwa,Godaudamandiya
Southern,Galle,Imaduwa,Mawella
Southern,Galle,Imaduwa,Deegoda Athireka 01
Southern,Galle,Imaduwa,Imaduwa
Southern,Galle,Imaduwa,Hettigoda
Southern,Galle,Imaduwa,Deegoda
Southern,Galle,Imaduwa,Kalugalagoda
Southern,Galle,Imaduwa,Ihala Mawella
Southern,Galle,Imaduwa,Thittagalla East
Southern,Galle,Imaduwa,Ampavila
Southern,Galle,Imaduwa,Malalgodapitiya
Southern,Galle,Imaduwa,Dikkumbura
Southern,Galle,Imaduwa,Kodagoda South
Southern,Galle,Imaduwa,Kodagoda East
Southern,Galle,Imaduwa,Horadugoda
Southern,Galle,Imaduwa,Ellalagoda
Southern,Galle,Imaduwa,Andugoda
Southern,Galle,Imaduwa,Panugalgoda
Southern,Galle,Imaduwa,Indurannavila
Southern,Galle,Imaduwa,Atanikitha
Southern,Galle,Imaduwa,Thittagalla West
Southern,Galle,Habaraduwa,Yaddehimulla
Southern,Galle,Habaraduwa,Bonavistawa
Southern,Galle,Habaraduwa,Unawatuna West
Southern,Galle,Habaraduwa,Unawatuna East
Southern,Galle,Habaraduwa,Maharamba
Southern,Galle,Habaraduwa,Dalawella
Southern,Galle,Habaraduwa,Unawatuna Central
Southern,Galle,Habaraduwa,Thalpe South
Southern,Galle,Habaraduwa,Heenatigala South
Southern,Galle,Habaraduwa,Wellethota
Southern,Galle,Habaraduwa,Halloluwagoda
Southern,Galle,Habaraduwa,Handugoda
Southern,Galle,Habaraduwa,Dodampe
Southern,Galle,Habaraduwa,Attaragoda
Southern,Galle,Habaraduwa,Thalpe East
Southern,Galle,Habaraduwa,Kahawennagama
Southern,Galle,Habaraduwa,Morampitigoda
Southern,Galle,Habaraduwa,Uragasgoda
Southern,Galle,Habaraduwa,Pitidoowa
Southern,Galle,Habaraduwa,Meepe
Southern,Galle,Habaraduwa,Bogahamulugoda
Southern,Galle,Habaraduwa,Happawana
Southern,Galle,Habaraduwa,Annasiwathugoda
Southern,Galle,Habaraduwa,Harumalgoda West
Southern,Galle,Habaraduwa,Lanumodara
Southern,Galle,Habaraduwa,Liyanagoda
Southern,Galle,Habaraduwa,Katukurunda
Southern,Galle,Habaraduwa,Harumalgoda Central
Southern,Galle,Habaraduwa,Godawatta
Southern,Galle,Habaraduwa,Harumalgoda East
Southern,Galle,Habaraduwa,Koggala Athireka I
Southern,Galle,Habaraduwa,Koggala Athireka II
Southern,Galle,Habaraduwa,Koggala
Southern,Galle,Habaraduwa,Kathaluwa West
Southern,Galle,Habaraduwa,Atadahewathugoda
Southern,Galle,Habaraduwa,Kathaluwa East
Southern,Galle,Habaraduwa,Welhengoda
Southern,Galle,Habaraduwa,Kathaluwa Central
Southern,Galle,Habaraduwa,Alawathuthisgoda
Southern,Galle,Habaraduwa,Pelessa
Southern,Galle,Habaraduwa,Korahedigoda
Southern,Galle,Habaraduwa,Ahangama Nakanda
Southern,Galle,Habaraduwa,Kalapuwa
Southern,Galle,Habaraduwa,Ahangamgoda
Southern,Galle,Habaraduwa,Danduhela
Southern,Galle,Habaraduwa,Meegahagoda
Southern,Galle,Habaraduwa,Kahawathugoda
Southern,Galle,Habaraduwa,Meliyagoda
Southern,Galle,Habaraduwa,Piyadigama West
Southern,Galle,Habaraduwa,Wadugegoda
Southern,Galle,Habaraduwa,Karandugoda
Southern,Galle,Habaraduwa,Kalahegoda
Southern,Galle,Habaraduwa,Dommannegoda
Southern,Galle,Habaraduwa,Piyadigama East
Southern,Galle,Habaraduwa,Ahangama Central
Southern,Galle,Habaraduwa,Digaredda
Southern,Galle,Habaraduwa,Thaldoowa
Southern,Galle,Habaraduwa,Ahangama East
Southern,Galle,Habaraduwa,Goviyapana
Southern,Matara,Pitabeddara,Kalubovitiyana
Southern,Matara,Pitabeddara,Galabada
Southern,Matara,Pitabeddara,Ambewela
Southern,Matara,Pitabeddara,Dangala West
Southern,Matara,Pitabeddara,Banagala East
Southern,Matara,Pitabeddara,Dangala East
Southern,Matara,Pitabeddara,Banagala West
Southern,Matara,Pitabeddara,Edandukitha West
Southern,Matara,Pitabeddara,Edandukitha East
Southern,Matara,Pitabeddara,Alapaladeniya South
Southern,Matara,Pitabeddara,Alapaladeniya North
Southern,Matara,Pitabeddara,Kiriwelkele North
Southern,Matara,Pitabeddara,Rambukana West
Southern,Matara,Pitabeddara,Kodikaragoda West
Southern,Matara,Pitabeddara,Kodikaragoda East
Southern,Matara,Pitabeddara,Weliwa
Southern,Matara,Pitabeddara,Rambukana East
Southern,Matara,Pitabeddara,Thalapekumbura
Southern,Matara,Pitabeddara,Kudagalahena
Southern,Matara,Pitabeddara,Kiriwelkele South
Southern,Matara,Pitabeddara,Derangala
Southern,Matara,Pitabeddara,Thennahena
Southern,Matara,Pitabeddara,Gorakawela
Southern,Matara,Pitabeddara,Siyambalagoda West
Southern,Matara,Pitabeddara,Kosnilgoda
Southern,Matara,Pitabeddara,Aluwana
Southern,Matara,Pitabeddara,Paradupalla
Southern,Matara,Pitabeddara,Mahapothuvila
Southern,Matara,Pitabeddara,Dankoluwa
Southern,Matara,Pitabeddara,Pitabeddara
Southern,Matara,Pitabeddara,Kaduruwana
Southern,Matara,Pitabeddara,Dehigaspa
Southern,Matara,Pitabeddara,Kotagala
Southern,Matara,Pitabeddara,Siyambalagoda East
Southern,Matara,Pitabeddara,Wanasinkanda
Southern,Matara,Pitabeddara,Diyadawa
Southern,Matara,Pitabeddara,Ihala Ainagama
Southern,Matara,Pitabeddara,Elamaldeniya
Southern,Matara,Pitabeddara,Wathurakumbura
Southern,Matara,Pitabeddara,Puwakbadovita
Southern,Matara,Kotapola,Mederipitiya
Southern,Matara,Kotapola,Keeriwalagama
Southern,Matara,Kotapola,Kiriweldola
Southern,Matara,Kotapola,Kandilpana
Southern,Matara,Kotapola,Viharahena
Southern,Matara,Kotapola,Adaradeniya
Southern,Matara,Kotapola,Ihalagama
Southern,Matara,Kotapola,Bateyaya
Southern,Matara,Kotapola,Pussawela
Southern,Matara,Kotapola,Pallegama North
Southern,Matara,Kotapola,Pathawala Nadakanda
Southern,Matara,Kotapola,Poddana
Southern,Matara,Kotapola,Kolawenigama
Southern,Matara,Kotapola,Pallegama South
Southern,Matara,Kotapola,Deniyaya West
Southern,Matara,Kotapola,Deniyaya
Southern,Matara,Kotapola,Kalugalahena
Southern,Matara,Kotapola,Thenipita
Southern,Matara,Kotapola,Mugunumulla
Southern,Matara,Kotapola,Nawalahena
Southern,Matara,Kotapola,Kotapola North
Southern,Matara,Kotapola,Nishshankapura
Southern,Matara,Kotapola,Beliattakumbura
Southern,Matara,Kotapola,Morawaka
Southern,Matara,Kotapola,Porupitiya
Southern,Matara,Kotapola,Waralla
Southern,Matara,Kotapola,Koodaludeniya
Southern,Matara,Kotapola,Kotapola South
Southern,Matara,Kotapola,Usamalagoda
Southern,Matara,Kotapola,Lindagawahena
Southern,Matara,Kotapola,Kosmodara
Southern,Matara,Kotapola,Ilukpitiya
Southern,Matara,Kotapola,Horagala East
Southern,Matara,Kotapola,Horagala West
Southern,Matara,Kotapola,Uvaragala
Southern,Matara,Kotapola,Pelawatta
Southern,Matara,Kotapola,Paragala
Southern,Matara,Pasgoda,Batandura South
Southern,Matara,Pasgoda,Batandura North
Southern,Matara,Pasgoda,Thalapalakanda
Southern,Matara,Pasgoda,Kekundeniya
Southern,Matara,Pasgoda,Ketawala
Southern,Matara,Pasgoda,Ginnaliya North
Southern,Matara,Pasgoda,Pattigala
Southern,Matara,Pasgoda,Beralapanathara South
Southern,Matara,Pasgoda,Beralapanathara North
Southern,Matara,Pasgoda,Wijayagama
Southern,Matara,Pasgoda,Pathavita
Southern,Matara,Pasgoda,Kirilipana
Southern,Matara,Pasgoda,Moragala
Southern,Matara,Pasgoda,Keeripitiya East
Southern,Matara,Pasgoda,Urubokka
Southern,Matara,Pasgoda,Ginnaliya West
Southern,Matara,Pasgoda,Ginnaliya South
Southern,Matara,Pasgoda,Ginnaliya East
Southern,Matara,Pasgoda,Mekiliyathenna
Southern,Matara,Pasgoda,Heegoda
Southern,Matara,Pasgoda,Keeripitiya West
Southern,Matara,Pasgoda,Pothdeniya
Southern,Matara,Pasgoda,Mologgamuwa North
Southern,Matara,Pasgoda,Mologgamuwa South
Southern,Matara,Pasgoda,Bengamuwa West
Southern,Matara,Pasgoda,Bengamuwa East
Southern,Matara,Pasgoda,Dampahala West
Southern,Matara,Pasgoda,Hulankanda
Southern,Matara,Pasgoda,Dampahala East
Southern,Matara,Pasgoda,Pasgoda
Southern,Matara,Pasgoda,Bengamuwa South
Southern,Matara,Pasgoda,Denkandaliya
Southern,Matara,Pasgoda,Panakaduwa West
Southern,Matara,Pasgoda,Rotumba East
Southern,Matara,Pasgoda,Napathella
Southern,Matara,Pasgoda,Andaluwa
Southern,Matara,Pasgoda,Ehelakanda
Southern,Matara,Pasgoda,Galketikanda
Southern,Matara,Pasgoda,Rotumba West
Southern,Matara,Pasgoda,Panakaduwa East
Southern,Matara,Pasgoda,Gomila
Southern,Matara,Pasgoda,Puwakgahahena
Southern,Matara,Pasgoda,Mawarala
Southern,Matara,Mulatiyana,Gombaddala North
Southern,Matara,Mulatiyana,Kudapana
Southern,Matara,Mulatiyana,Ketapalakanda
Southern,Matara,Mulatiyana,Gammedagama
Southern,Matara,Mulatiyana,Ketiyape North
Southern,Matara,Mulatiyana,Athapattukanda
Southern,Matara,Mulatiyana,Parapamulla East
Southern,Matara,Mulatiyana,Ketiyape South
Southern,Matara,Mulatiyana,Galetumba
Southern,Matara,Mulatiyana,Neralampitiya
Southern,Matara,Mulatiyana,Mulatiyana
Southern,Matara,Mulatiyana,Diddenipotha North
Southern,Matara,Mulatiyana,Beragama North
Southern,Matara,Mulatiyana,Gombaddala South
Southern,Matara,Mulatiyana,Beragama West
Southern,Matara,Mulatiyana,Beragama South
Southern,Matara,Mulatiyana,Makandura West
Southern,Matara,Mulatiyana,Beragama East
Southern,Matara,Mulatiyana,Diddenipotha East
Southern,Matara,Mulatiyana,Diddenipotha South
Southern,Matara,Mulatiyana,Seenipella West
Southern,Matara,Mulatiyana,Maduwala
Southern,Matara,Mulatiyana,Seenipella East
Southern,Matara,Mulatiyana,Deiyandara
Southern,Matara,Mulatiyana,Parapamulla West
Southern,Matara,Mulatiyana,Parapamulla South
Southern,Matara,Mulatiyana,Dewalegama West
Southern,Matara,Mulatiyana,Dewalegama East
Southern,Matara,Mulatiyana,Batadola
Southern,Matara,Mulatiyana,Kithsiripura
Southern,Matara,Mulatiyana,Radawela West
Southern,Matara,Mulatiyana,Belpamulla
Southern,Matara,Mulatiyana,Bamunugama West
Southern,Matara,Mulatiyana,Makandura East
Southern,Matara,Mulatiyana,Ransegoda East
Southern,Matara,Mulatiyana,Meepavita
Southern,Matara,Mulatiyana,Mudaligedara
Southern,Matara,Mulatiyana,Rathkekulawa
Southern,Matara,Mulatiyana,Ransegoda North
Southern,Matara,Mulatiyana,Ransegoda South
Southern,Matara,Mulatiyana,Ransegoda West
Southern,Matara,Mulatiyana,Koramburuwana
Southern,Matara,Mulatiyana,Horapavita South
Southern,Matara,Mulatiyana,Horapavita North
Southern,Matara,Mulatiyana,Bamunugama East
Southern,Matara,Mulatiyana,Radawela East
Southern,Matara,Mulatiyana,Pallawela
Southern,Matara,Mulatiyana,Pitawalgamuwa
Southern,Matara,Athuraliya,Kehelwala
Southern,Matara,Athuraliya,Urumutta
Southern,Matara,Athuraliya,Urumutta South
Southern,Matara,Athuraliya,Dematapassa
Southern,Matara,Athuraliya,Divithura
Southern,Matara,Athuraliya,Welihena
Southern,Matara,Athuraliya,Hawpe
Southern,Matara,Athuraliya,Thalahagama West
Southern,Matara,Athuraliya,Wenagama
Southern,Matara,Athuraliya,Thalahagama East
Southern,Matara,Athuraliya,Uggashena
Southern,Matara,Athuraliya,Vilpita West
Southern,Matara,Athuraliya,Kanahalagama
Southern,Matara,Athuraliya,Godapitiya
Southern,Matara,Athuraliya,Maragoda
Southern,Matara,Athuraliya,Panadugama
Southern,Matara,Athuraliya,Thibbotuwawa North
Southern,Matara,Athuraliya,Walagepiyadda
Southern,Matara,Athuraliya,Vilpita East 1
Southern,Matara,Athuraliya,Vilpita East 11
Southern,Matara,Athuraliya,Yahamulla
Southern,Matara,Athuraliya,Namburukanda
Southern,Matara,Athuraliya,Ihala Athuraliya
Southern,Matara,Athuraliya,Balakawala
Southern,Matara,Athuraliya,Thibbotuwawa
Southern,Matara,Athuraliya,Athuraliya West
Southern,Matara,Athuraliya,Athuraliya East
Southern,Matara,Athuraliya,Pahala Athuraliya
Southern,Matara,Akuressa,Diganahena
Southern,Matara,Akuressa,Lenama North
Southern,Matara,Akuressa,Hulandawa
Southern,Matara,Akuressa,Maramba North
Southern,Matara,Akuressa,Peddapitiya North
Southern,Matara,Akuressa,Idikatudeniya
Southern,Matara,Akuressa,Lenama South
Southern,Matara,Akuressa,Udupitiya
Southern,Matara,Akuressa,Weliketiya
Southern,Matara,Akuressa,Dediyagala
Southern,Matara,Akuressa,Vilagama
Southern,Matara,Akuressa,Ehelape
Southern,Matara,Akuressa,Dolamawatha
Southern,Matara,Akuressa,Kohugoda
Southern,Matara,Akuressa,Ihala Maliduwa
Southern,Matara,Akuressa,Ketanvila
Southern,Matara,Akuressa,Nawalagoda
Southern,Matara,Akuressa,Ellewela
Southern,Matara,Akuressa,Minipogoda
Southern,Matara,Akuressa,Peddapitiya South
Southern,Matara,Akuressa,Maramba South
Southern,Matara,Akuressa,Ganhela
Southern,Matara,Akuressa,Asmagoda
Southern,Matara,Akuressa,Higgoda
Southern,Matara,Akuressa,Diyalape
Southern,Matara,Akuressa,Eramudugoda
Southern,Matara,Akuressa,Manikgoda
Southern,Matara,Akuressa,Pahala Maliduwa
Southern,Matara,Akuressa,Bopitiya
Southern,Matara,Akuressa,Iluppella
Southern,Matara,Akuressa,Imbulgoda
Southern,Matara,Akuressa,Poramba
Southern,Matara,Akuressa,Akuressa
Southern,Matara,Akuressa,Yakabedda
Southern,Matara,Akuressa,Galabadahena
Southern,Matara,Akuressa,Ihala Kiyanduwa
Southern,Matara,Akuressa,Melewwa
Southern,Matara,Akuressa,Paraduwa North
Southern,Matara,Akuressa,Paraduwa East
Southern,Matara,Akuressa,Paraduwa South
Southern,Matara,Akuressa,Henegama
Southern,Matara,Akuressa,Henegama West
Southern,Matara,Akuressa,Gallala
Southern,Matara,Akuressa,Nimalawa East
Southern,Matara,Akuressa,Nimalawa
Southern,Matara,Akuressa,Paragahawatta
Southern,Matara,Welipitiya,Wahala Kananke North
Southern,Matara,Welipitiya,Nivithiwelbokka
Southern,Matara,Welipitiya,Poramba Kananke North
Southern,Matara,Welipitiya,Puhulahena
Southern,Matara,Welipitiya,Poramba Kananke South
Southern,Matara,Welipitiya,Wahala Kananke South
Southern,Matara,Welipitiya,Nalawana
Southern,Matara,Welipitiya,Penetiyana West
Southern,Matara,Welipitiya,Penetiyana East
Southern,Matara,Welipitiya,Wellana
Southern,Matara,Welipitiya,Udukawa North
Southern,Matara,Welipitiya,Udukawa South
Southern,Matara,Welipitiya,Hallala
Southern,Matara,Welipitiya,Bathalahena
Southern,Matara,Welipitiya,Kokmaduwa North
Southern,Matara,Welipitiya,Sahabandu Kokmaduwa
Southern,Matara,Welipitiya,Jamburegoda East
Southern,Matara,Welipitiya,Padili Kokmaduwa
Southern,Matara,Welipitiya,Beraleliya
Southern,Matara,Welipitiya,Jayawickramapura
Southern,Matara,Welipitiya,Warakapitiya North
Southern,Matara,Welipitiya,Warakapitiya East
Southern,Matara,Welipitiya,Warakapitiya South
Southern,Matara,Welipitiya,Meeruppa
Southern,Matara,Welipitiya,Uruvitiya
Southern,Matara,Welipitiya,Watagedaramulla
Southern,Matara,Welipitiya,Moonamalpe
Southern,Matara,Welipitiya,Welipitiya
Southern,Matara,Welipitiya,Palalla
Southern,Matara,Welipitiya,Jamburegoda West
Southern,Matara,Welipitiya,Ibbawala
Southern,Matara,Welipitiya,Vilegoda
Southern,Matara,Welipitiya,Borala
Southern,Matara,Welipitiya,Maduragoda
Southern,Matara,Welipitiya,Kapuwatta
Southern,Matara,Welipitiya,Denipitiya Central
Southern,Matara,Welipitiya,Denipitiya West
Southern,Matara,Welipitiya,Denipitiya East
Southern,Matara,Malimbada,Elgiriya
Southern,Matara,Malimbada,Pahala Kiyaduwa
Southern,Matara,Malimbada,Maragoda
Southern,Matara,Malimbada,Kekunawela
Southern,Matara,Malimbada,Kadduwa
Southern,Matara,Malimbada,Dampella
Southern,Matara,Malimbada,Horagoda East
Southern,Matara,Malimbada,Horagoda West
Southern,Matara,Malimbada,Horagoda South
Southern,Matara,Malimbada,Kadukanna
Southern,Matara,Malimbada,Welandagoda
Southern,Matara,Malimbada,Uninduwela
Southern,Matara,Malimbada,Thelijjavila
Southern,Matara,Malimbada,Nape
Southern,Matara,Malimbada,Akurugoda North
Southern,Matara,Malimbada,Akurugoda East
Southern,Matara,Malimbada,Kirimetimulla South
Southern,Matara,Malimbada,Kirimetimulla North
Southern,Matara,Malimbada,Malimbada West
Southern,Matara,Malimbada,Katuwangoda
Southern,Matara,Malimbada,Malimbada East
Southern,Matara,Malimbada,Malimbada North
Southern,Matara,Malimbada,Malimbada South
Southern,Matara,Malimbada,Galpamuna
Southern,Matara,Malimbada,Akurugoda South
Southern,Matara,Malimbada,Akurugoda West
Southern,Matara,Malimbada,Sulthanagoda West
Southern,Matara,Malimbada,Sulthanagoda East
Southern,Matara,Malimbada,Sulthanagoda South
Southern,Matara,Kamburupitiya,Gathara West
Southern,Matara,Kamburupitiya,Gathara North
Southern,Matara,Kamburupitiya,Gathara East
Southern,Matara,Kamburupitiya,Beragammulla
Southern,Matara,Kamburupitiya,Eriyathota
Southern,Matara,Kamburupitiya,Ganegama
Southern,Matara,Kamburupitiya,Narandeniya East
Southern,Matara,Kamburupitiya,Narandeniya West
Southern,Matara,Kamburupitiya,Malana
Southern,Matara,Kamburupitiya,Magamure
Southern,Matara,Kamburupitiya,Sapugoda
Southern,Matara,Kamburupitiya,Lenabatuwa
Southern,Matara,Kamburupitiya,Bibulewela
Southern,Matara,Kamburupitiya,Godawa
Southern,Matara,Kamburupitiya,Pitakatuwana
Southern,Matara,Kamburupitiya,Kamburupitiya
Southern,Matara,Kamburupitiya,Ullala East
Southern,Matara,Kamburupitiya,Thumbe
Southern,Matara,Kamburupitiya,Karaputugala North
Southern,Matara,Kamburupitiya,Karaputugala South
Southern,Matara,Kamburupitiya,Ullala Masmulla
Southern,Matara,Kamburupitiya,Ullala West
Southern,Matara,Kamburupitiya,Mapalana Mangin Ihala
Southern,Matara,Kamburupitiya,Mapalana Mangin Pahala
Southern,Matara,Kamburupitiya,Seewelgama
Southern,Matara,Kamburupitiya,Ihala Vitiyala North
Southern,Matara,Kamburupitiya,Karagoda Uyangoda 1 Atha East
Southern,Matara,Kamburupitiya,Karagoda Uyangoda 1 Atha West
Southern,Matara,Kamburupitiya,Karagoda Uyangoda 2 West
Southern,Matara,Kamburupitiya,Karagoda Uyangoda 2 East
Southern,Matara,Kamburupitiya,Ihala Vitiyala West
Southern,Matara,Kamburupitiya,Ihala Vitiyala South
Southern,Matara,Kamburupitiya,Ihala Vitiyala East
Southern,Matara,Kamburupitiya,Akurugoda
Southern,Matara,Kamburupitiya,Kahagala
Southern,Matara,Kamburupitiya,Kahagala South
Southern,Matara,Kamburupitiya,Urapola East
Southern,Matara,Kamburupitiya,Palolpitiya
Southern,Matara,Kamburupitiya,Urapola West
Southern,Matara,Hakmana,Denagama East
Southern,Matara,Hakmana,Denagama North
Southern,Matara,Hakmana,Denagama West
Southern,Matara,Hakmana,Badabadda
Southern,Matara,Hakmana,Meeella
Southern,Matara,Hakmana,Pananwela East
Southern,Matara,Hakmana,Pananwela West
Southern,Matara,Hakmana,Kohuliyadda
Southern,Matara,Hakmana,Kebiliyapola North
Southern,Matara,Hakmana,Wepathaira North
Southern,Matara,Hakmana,Wepathaira West
Southern,Matara,Hakmana,Kandegoda
Southern,Matara,Hakmana,Narawelpita East
Southern,Matara,Hakmana,Narawelpita North
Southern,Matara,Hakmana,Ellewela East
Southern,Matara,Hakmana,Ellewela West
Southern,Matara,Hakmana,Narawelpita South
Southern,Matara,Hakmana,Beruwela
Southern,Matara,Hakmana,Muruthamuraya
Southern,Matara,Hakmana,Muruthamuraya West
Southern,Matara,Hakmana,Muruthamuraya East
Southern,Matara,Hakmana,Wepathaira South
Southern,Matara,Hakmana,Kebiliyapola South
Southern,Matara,Hakmana,Gangodagama
Southern,Matara,Hakmana,Pottewela
Southern,Matara,Hakmana,Lalpe
Southern,Matara,Hakmana,Gammedapitiya
Southern,Matara,Hakmana,Udupeellegoda East
Southern,Matara,Hakmana,Udupeellegoda West
Southern,Matara,Hakmana,Kongala East
Southern,Matara,Hakmana,Kongala South
Southern,Matara,Hakmana,Kongala Central
Southern,Matara,Hakmana,Kongala West
Southern,Matara,Hakmana,Narawelpita West
Southern,Matara,Kirinda Puhulwella,Ovitigamuwa South
Southern,Matara,Kirinda Puhulwella,Ovitigamuwa North
Southern,Matara,Kirinda Puhulwella,Malwathugoda
Southern,Matara,Kirinda Puhulwella,Galkanda
Southern,Matara,Kirinda Puhulwella,Kirinda Mangin Pahala
Southern,Matara,Kirinda Puhulwella,Kirinda Mangin Ihala North
Southern,Matara,Kirinda Puhulwella,Hettiyawala West
Southern,Matara,Kirinda Puhulwella,Hettiyawala North
Southern,Matara,Kirinda Puhulwella,Boraluketiya
Southern,Matara,Kirinda Puhulwella,Karathota
Southern,Matara,Kirinda Puhulwella,Naradda
Southern,Matara,Kirinda Puhulwella,Kumbalgoda
Southern,Matara,Kirinda Puhulwella,Hettiyawala East
Southern,Matara,Kirinda Puhulwella,Hettiyawala South
Southern,Matara,Kirinda Puhulwella,Wavulanbokka
Southern,Matara,Kirinda Puhulwella,Puhulwella East
Southern,Matara,Kirinda Puhulwella,Puhulwella West
Southern,Matara,Kirinda Puhulwella,Kirinda Mangin Ihala South
Southern,Matara,Kirinda Puhulwella,Kirinda Mangin Ihala Central
Southern,Matara,Kirinda Puhulwella,Kirinda Mangin Ihala East
Southern,Matara,Kirinda Puhulwella,Wathukolakanda East
Southern,Matara,Kirinda Puhulwella,Walakanda South
Southern,Matara,Kirinda Puhulwella,Walakanda West
Southern,Matara,Kirinda Puhulwella,Walakanda East
Southern,Matara,Kirinda Puhulwella,Wathukolakanda North
Southern,Matara,Thihagoda,Pahala Vitiyala West
Southern,Matara,Thihagoda,Pahala Vitiyala Central
Southern,Matara,Thihagoda,Pahala Vitiyala East
Southern,Matara,Thihagoda,Polathugoda
Southern,Matara,Thihagoda,Batuvita 1
Southern,Matara,Thihagoda,Batuvita 2
Southern,Matara,Thihagoda,Medauyangoda
Southern,Matara,Thihagoda,Akkara Panaha
Southern,Matara,Thihagoda,Yatiyana
Southern,Matara,Thihagoda,Kottawatta
Southern,Matara,Thihagoda,Komangoda 2
Southern,Matara,Thihagoda,Komangoda 1
Southern,Matara,Thihagoda,Thihagoda East
Southern,Matara,Thihagoda,Thihagoda
Southern,Matara,Thihagoda,Kithalagama East 2
Southern,Matara,Thihagoda,Kithalagama East 3
Southern,Matara,Thihagoda,Kithalagama Central
Southern,Matara,Thihagoda,Narangala
Southern,Matara,Thihagoda,Wellethota
Southern,Matara,Thihagoda,Kithalagama West
Southern,Matara,Thihagoda,Kithalagama East 1
Southern,Matara,Thihagoda,Naimbala 1
Southern,Matara,Thihagoda,Kapudoowa
Southern,Matara,Thihagoda,Kapudoowa East
Southern,Matara,Thihagoda,Uduwa West
Southern,Matara,Thihagoda,Uduwa East
Southern,Matara,Thihagoda,Galbada
Southern,Matara,Thihagoda,Naimbala 2
Southern,Matara,Thihagoda,Bandattara 2
Southern,Matara,Thihagoda,Watagedara East
Southern,Matara,Thihagoda,Attudawa
Southern,Matara,Thihagoda,Attudawa West
Southern,Matara,Thihagoda,Watagedara
Southern,Matara,Thihagoda,Nadugala 2
Southern,Matara,Thihagoda,Nadugala 1
Southern,Matara,Thihagoda,Bandattara 1
Southern,Matara,Thihagoda,Elambathalagoda
Southern,Matara,Thihagoda,Palatuwa
Southern,Matara,Thihagoda,Unella
Southern,Matara,Thihagoda,Dematahettigoda
Southern,Matara,Weligama,Midigama North
Southern,Matara,Weligama,Pathegama
Southern,Matara,Weligama,Moodugamuwa West
Southern,Matara,Weligama,Moodugamuwa East
Southern,Matara,Weligama,Kohunugamuwa
Southern,Matara,Weligama,Walana
Southern,Matara,Weligama,Wekada
Southern,Matara,Weligama,Denuwala
Southern,Matara,Weligama,Midigama West
Southern,Matara,Weligama,Midigama East
Southern,Matara,Weligama,Hetti Weediya
Southern,Matara,Weligama,Aluth Weediya
Southern,Matara,Weligama,Polwatta
Southern,Matara,Weligama,Nidangala
Southern,Matara,Weligama,Kotavila West
Southern,Matara,Weligama,Kotavila North
Southern,Matara,Weligama,Kamburugamuwa North
Southern,Matara,Weligama,Kotavila South
Southern,Matara,Weligama,Henwala East
Southern,Matara,Weligama,Polwathumodara
Southern,Matara,Weligama,Pelena North
Southern,Matara,Weligama,Pelena West
Southern,Matara,Weligama,Galbokka East
Southern,Matara,Weligama,Galbokka West
Southern,Matara,Weligama,Paranakade
Southern,Matara,Weligama,Walliwala East
Southern,Matara,Weligama,Pitidoowa
Southern,Matara,Weligama,Gurubebila
Southern,Matara,Weligama,Walliwala West
Southern,Matara,Weligama,Walliwala South
Southern,Matara,Weligama,Maha Weediya
Southern,Matara,Weligama,Pelena South
Southern,Matara,Weligama,Henwala West
Southern,Matara,Weligama,Garanduwa
Southern,Matara,Weligama,Mirissa Udumulla
Southern,Matara,Weligama,Mirissa Udupila
Southern,Matara,Weligama,Mirissa North
Southern,Matara,Weligama,Mirissa South 2
Southern,Matara,Weligama,Kapparathota South
Southern,Matara,Weligama,Kapparathota North
Southern,Matara,Weligama,Mirissa South 1
Southern,Matara,Weligama,Bandaramulla
Southern,Matara,Weligama,Thal Aramba North
Southern,Matara,Weligama,Thudella
Southern,Matara,Weligama,Kamburugamuwa South
Southern,Matara,Weligama,Kamburugamuwa West
Southern,Matara,Weligama,Thal Aramba East
Southern,Matara,Weligama,Thal Aramba South
Southern,Matara,Matara Four Gravets,Deeyagaha East
Southern,Matara,Matara Four Gravets,Kekanadura East
Southern,Matara,Matara Four Gravets,Kokawala
Southern,Matara,Matara Four Gravets,Parawahera East
Southern,Matara,Matara Four Gravets,Parawahera North
Southern,Matara,Matara Four Gravets,Kekanadura North
Southern,Matara,Matara Four Gravets,Kekanadura Central
Southern,Matara,Matara Four Gravets,Deeyagaha West
Southern,Matara,Matara Four Gravets,Navimana North
Southern,Matara,Matara Four Gravets,Pahalagoda
Southern,Matara,Matara Four Gravets,Navimana South
Southern,Matara,Matara Four Gravets,Thudawa East
Southern,Matara,Matara Four Gravets,Thudawa North
Southern,Matara,Matara Four Gravets,Thudawa South
Southern,Matara,Matara Four Gravets,Sudarshi Place
Southern,Matara,Matara Four Gravets,Hittetiya East
Southern,Matara,Matara Four Gravets,Hittetiya Meda
Southern,Matara,Matara Four Gravets,Godagama
Southern,Matara,Matara Four Gravets,Eduwa - Madurudoowa
Southern,Matara,Matara Four Gravets,Kanattagoda North
Southern,Matara,Matara Four Gravets,Wewahamandoowa
Southern,Matara,Matara Four Gravets,Hittetiya West
Southern,Matara,Matara Four Gravets,Isadeen Town
Southern,Matara,Matara Four Gravets,Weliweriya West
Southern,Matara,Matara Four Gravets,Weliweriya East
Southern,Matara,Matara Four Gravets,Walpala
Southern,Matara,Matara Four Gravets,Weragampita
Southern,Matara,Matara Four Gravets,Ruwan Ella
Southern,Matara,Matara Four Gravets,Kekanadura West
Southern,Matara,Matara Four Gravets,Kekanadura South
Southern,Matara,Matara Four Gravets,Parawahera South
Southern,Matara,Matara Four Gravets,Thalpavila North
Southern,Matara,Matara Four Gravets,Nakuttiya
Southern,Matara,Matara Four Gravets,Veherahena
Southern,Matara,Matara Four Gravets,Makavita
Southern,Matara,Matara Four Gravets,Weradoowa
Southern,Matara,Matara Four Gravets,Uyanwatta
Southern,Matara,Matara Four Gravets,Uyanwatta North
Southern,Matara,Matara Four Gravets,Kadeweediya East
Southern,Matara,Matara Four Gravets,Kadeweediya West
Southern,Matara,Matara Four Gravets,Welegoda East
Southern,Matara,Matara Four Gravets,Welegoda West
Southern,Matara,Matara Four Gravets,Mathotagama
Southern,Matara,Matara Four Gravets,Walgama North
Southern,Matara,Matara Four Gravets,Kanattegoda South
Southern,Matara,Matara Four Gravets,Madiha West
Southern,Matara,Matara Four Gravets,Walgama
Southern,Matara,Matara Four Gravets,Walgama Meda
Southern,Matara,Matara Four Gravets,Walgama South
Southern,Matara,Matara Four Gravets,Madiha East
Southern,Matara,Matara Four Gravets,Polhena
Southern,Matara,Matara Four Gravets,Pamburana
Southern,Matara,Matara Four Gravets,Noope
Southern,Matara,Matara Four Gravets,Kadeweediya South
Southern,Matara,Matara Four Gravets,Thotamuna
Southern,Matara,Matara Four Gravets,Fort
Southern,Matara,Matara Four Gravets,Kotuwegoda North
Southern,Matara,Matara Four Gravets,Eliyakanda North
Southern,Matara,Matara Four Gravets,Meddawatta
Southern,Matara,Matara Four Gravets,Rassandeniya
Southern,Matara,Matara Four Gravets,Wewa Ihalagoda
Southern,Matara,Matara Four Gravets,Thalpavila South
Southern,Matara,Matara Four Gravets,Gandarawatta
Southern,Matara,Matara Four Gravets,Meddawatta South
Southern,Matara,Matara Four Gravets,Eliyakanda South
Southern,Matara,Matara Four Gravets,Kotuwegoda South
Southern,Matara,Devinuwara,Kadawedduwa West
Southern,Matara,Devinuwara,Kadawedduwa East
Southern,Matara,Devinuwara,Walbulugahahena
Southern,Matara,Devinuwara,Aparekka North
Southern,Matara,Devinuwara,Uda Aparekka East
Southern,Matara,Devinuwara,Uda Aparekka
Southern,Matara,Devinuwara,Palle Aparekka
Southern,Matara,Devinuwara,Agarawala
Southern,Matara,Devinuwara,Beddegammedda
Southern,Matara,Devinuwara,Pathegama East
Southern,Matara,Devinuwara,Pathegama North
Southern,Matara,Devinuwara,Naotunna
Southern,Matara,Devinuwara,Naotunna North
Southern,Matara,Devinuwara,Thalalla North
Southern,Matara,Devinuwara,Thalalla East
Southern,Matara,Devinuwara,Thalalla South
Southern,Matara,Devinuwara,Naotunna Central
Southern,Matara,Devinuwara,Naotunna South
Southern,Matara,Devinuwara,Thalalla Central
Southern,Matara,Devinuwara,Delgalla
Southern,Matara,Devinuwara,Kapugama North
Southern,Matara,Devinuwara,Kapugama West
Southern,Matara,Devinuwara,Gandarawatta South
Southern,Matara,Devinuwara,Kapugama Central
Southern,Matara,Devinuwara,Kapugama East
Southern,Matara,Devinuwara,Gandara East
Southern,Matara,Devinuwara,Thalalla
Southern,Matara,Devinuwara,Gandara South
Southern,Matara,Devinuwara,Gandara Central
Southern,Matara,Devinuwara,Gandara West
Southern,Matara,Devinuwara,Devinuwara North
Southern,Matara,Devinuwara,Devinuwara Central
Southern,Matara,Devinuwara,Devinuwara Nugegoda
Southern,Matara,Devinuwara,Devinuwara West
Southern,Matara,Devinuwara,Devinuwara East
Southern,Matara,Devinuwara,Devinuwara Wawwa
Southern,Matara,Devinuwara,Devinuwara Pradeepagara Pedesa
Southern,Matara,Devinuwara,Devinuwara
Southern,Matara,Devinuwara,Devinuwara Welegoda
Southern,Matara,Devinuwara,Devinuwara Sinhasana Pedesa
Southern,Matara,Devinuwara,Devinuwara South
Southern,Matara,Dickwella,Urugamuwa North
Southern,Matara,Dickwella,Bodarakanda
Southern,Matara,Dickwella,Urugamuwa East
Southern,Matara,Dickwella,Urugamuwa Central
Southern,Matara,Dickwella,Urugamuwa West
Southern,Matara,Dickwella,Dandeniya North
Southern,Matara,Dickwella,Urugamuwa South
Southern,Matara,Dickwella,Rannawala
Southern,Matara,Dickwella,Urugamuwa
Southern,Matara,Dickwella,Wehella
Southern,Matara,Dickwella,Wehella North
Southern,Matara,Dickwella,Dandeniya South
Southern,Matara,Dickwella,Bambarenda North
Southern,Matara,Dickwella,Pohosathugoda
Southern,Matara,Dickwella,Rathmale
Southern,Matara,Dickwella,Bambarenda Central
Southern,Matara,Dickwella,Wehella South
Southern,Matara,Dickwella,Wattegama
Southern,Matara,Dickwella,Wattegama North
Southern,Matara,Dickwella,Walasgala West
Southern,Matara,Dickwella,Walasgala East
Southern,Matara,Dickwella,Wevurukannala
Southern,Matara,Dickwella,Dickwella North
Southern,Matara,Dickwella,Dodampahala North
Southern,Matara,Dickwella,Dodampahala East
Southern,Matara,Dickwella,Dodampahala Central
Southern,Matara,Dickwella,Dodampahala West
Southern,Matara,Dickwella,Dodampahala South
Southern,Matara,Dickwella,Dickwella East
Southern,Matara,Dickwella,Dickwella Central
Southern,Matara,Dickwella,Dickwella Muslim Yonakapura East
Southern,Matara,Dickwella,Dickwella Muslim Yonakapura West
Southern,Matara,Dickwella,Dickwella South
Southern,Matara,Dickwella,Wattegama South
Southern,Matara,Dickwella,Batheegama East
Southern,Matara,Dickwella,Batheegama Central
Southern,Matara,Dickwella,Batheegama West
Southern,Matara,Dickwella,Bambarenda East
Southern,Matara,Dickwella,Bambarenda South
Southern,Matara,Dickwella,Bambarenda West
Southern,Matara,Dickwella,Belideniya
Southern,Matara,Dickwella,Pathegama Central
Southern,Matara,Dickwella,Pathegama South
Southern,Matara,Dickwella,Beliwatta
Southern,Matara,Dickwella,Suduwella
Southern,Matara,Dickwella,Kottagoda
Southern,Matara,Dickwella,Godauda
Southern,Matara,Dickwella,Lunukalapuwa
Southern,Hambantota,Sooriyawewa,Ihala Kumbukwewa
Southern,Hambantota,Sooriyawewa,Mahagalwewa
Southern,Hambantota,Sooriyawewa,Meegaha Jadura
Southern,Hambantota,Sooriyawewa,Ranmuduwewa
Southern,Hambantota,Sooriyawewa,Weliwewa
Southern,Hambantota,Sooriyawewa,Suravirugama
Southern,Hambantota,Sooriyawewa,Samajasewapura
Southern,Hambantota,Sooriyawewa,Weeriyagama
Southern,Hambantota,Sooriyawewa,Hathporuwa
Southern,Hambantota,Sooriyawewa,Weniwel Ara
Southern,Hambantota,Sooriyawewa,Aliolu Ara
Southern,Hambantota,Sooriyawewa,Sooriyawewa Town
Southern,Hambantota,Sooriyawewa,Viharagala
Southern,Hambantota,Sooriyawewa,Beddewewa
Southern,Hambantota,Sooriyawewa,Mahawelikada Ara
Southern,Hambantota,Sooriyawewa,Andarawewa
Southern,Hambantota,Sooriyawewa,Namadagaswewa
Southern,Hambantota,Sooriyawewa,Mahapelessa
Southern,Hambantota,Sooriyawewa,Bediganthota
Southern,Hambantota,Sooriyawewa,Habarattawala
Southern,Hambantota,Sooriyawewa,Wediwewa
Southern,Hambantota,Lunugamvehera,Maha Aluth Gam Ara
Southern,Hambantota,Lunugamvehera,Angunakolawewa
Southern,Hambantota,Lunugamvehera,Veheragala
Southern,Hambantota,Lunugamvehera,Ranawarnawa
Southern,Hambantota,Lunugamvehera,Dewramvehera
Southern,Hambantota,Lunugamvehera,Bogahawewa
Southern,Hambantota,Lunugamvehera,Padavigama
Southern,Hambantota,Lunugamvehera,Punchiappujandura
Southern,Hambantota,Lunugamvehera,Lunugamvehera New Town
Southern,Hambantota,Lunugamvehera,Seenimunna
Southern,Hambantota,Lunugamvehera,Kendagasmankada
Southern,Hambantota,Lunugamvehera,Mahanagapura
Southern,Hambantota,Lunugamvehera,Muwanwewa
Southern,Hambantota,Lunugamvehera,Weeravil Ara
Southern,Hambantota,Lunugamvehera,Ittanwekada
Southern,Hambantota,Lunugamvehera,Mattala
Southern,Hambantota,Lunugamvehera,Pahala Mattala
Southern,Hambantota,Lunugamvehera,Mihindupura
Southern,Hambantota,Lunugamvehera,Abhayapura
Southern,Hambantota,Lunugamvehera,Singhapura
Southern,Hambantota,Lunugamvehera,Senapura
Southern,Hambantota,Lunugamvehera,Agbopura
Southern,Hambantota,Lunugamvehera,Karambawewa
Southern,Hambantota,Lunugamvehera,Rambukwewa
Southern,Hambantota,Lunugamvehera,Keerthipura
Southern,Hambantota,Lunugamvehera,Samanpura
Southern,Hambantota,Lunugamvehera,Ranasiripura
Southern,Hambantota,Lunugamvehera,Weeravila
Southern,Hambantota,Lunugamvehera,Weligatta
Southern,Hambantota,Lunugamvehera,Beralihela
Southern,Hambantota,Lunugamvehera,Dutugemunupura
Southern,Hambantota,Lunugamvehera,Jayagama
Southern,Hambantota,Lunugamvehera,Parakramapura
Southern,Hambantota,Lunugamvehera,Saddhathissapura
Southern,Hambantota,Lunugamvehera,Saddhathissapura New Town
Southern,Hambantota,Lunugamvehera,Saliyapura
Southern,Hambantota,Thissamaharama,Kawanthissapura
Southern,Hambantota,Thissamaharama,Kirinda
Southern,Hambantota,Thissamaharama,Uddhakandara
Southern,Hambantota,Thissamaharama,Joolpallama
Southern,Hambantota,Thissamaharama,Weerahela
Southern,Hambantota,Thissamaharama,Vijithapura
Southern,Hambantota,Thissamaharama,Ellagala
Southern,Hambantota,Thissamaharama,Anjaligala
Southern,Hambantota,Thissamaharama,Pannagamuwa
Southern,Hambantota,Thissamaharama,Dambewelena
Southern,Hambantota,Thissamaharama,Mahindapura
Southern,Hambantota,Thissamaharama,Gemunupura
Southern,Hambantota,Thissamaharama,Ekamuthugama
Southern,Hambantota,Thissamaharama,Sandungama
Southern,Hambantota,Thissamaharama,Debarawewa
Southern,Hambantota,Thissamaharama,Kachcheriyagama
Southern,Hambantota,Thissamaharama,Sandagiripura
Southern,Hambantota,Thissamaharama,Mahasenpura
Southern,Hambantota,Thissamaharama,Shuddha Nagaraya
Southern,Hambantota,Thissamaharama,Medawelena
Southern,Hambantota,Thissamaharama,Rohanapura
Southern,Hambantota,Thissamaharama,Senapura
Southern,Hambantota,Thissamaharama,Gangasiripura
Southern,Hambantota,Thissamaharama,Polgahawelena
Southern,Hambantota,Thissamaharama,Randunu Watta
Southern,Hambantota,Thissamaharama,Molakepoopathana
Southern,Hambantota,Thissamaharama,Thissapura
Southern,Hambantota,Thissamaharama,Uduvila
Southern,Hambantota,Thissamaharama,Rubberwatta
Southern,Hambantota,Thissamaharama,Thissamaharama
Southern,Hambantota,Thissamaharama,Gotabhayapura
Southern,Hambantota,Thissamaharama,Rana Keliya
Southern,Hambantota,Thissamaharama,Viharamahadevipura
Southern,Hambantota,Thissamaharama,Yodhakandiya
Southern,Hambantota,Thissamaharama,Welipothewala
Southern,Hambantota,Thissamaharama,Halmillawa
Southern,Hambantota,Thissamaharama,Rathnelumwalayaya
Southern,Hambantota,Thissamaharama,Gonagamuwa
Southern,Hambantota,Thissamaharama,Saliyapura
Southern,Hambantota,Thissamaharama,Nedigamvila
Southern,Hambantota,Thissamaharama,Wijayapura
Southern,Hambantota,Thissamaharama,Konwelena
Southern,Hambantota,Thissamaharama,Magama
Southern,Hambantota,Thissamaharama,Andaragasyaya
Southern,Hambantota,Hambantota,Elalla
Southern,Hambantota,Hambantota,Ketenwewa
Southern,Hambantota,Hambantota,Thammennawa
Southern,Hambantota,Hambantota,Badagiriya
Southern,Hambantota,Hambantota,Yahangala East
Southern,Hambantota,Hambantota,Joolgamuwa
Southern,Hambantota,Hambantota,Yahangala West
Southern,Hambantota,Hambantota,Keliyapura
Southern,Hambantota,Hambantota,Gonnoruwa
Southern,Hambantota,Hambantota,Bellagaswewa
Southern,Hambantota,Hambantota,Galwewa
Southern,Hambantota,Hambantota,Siyambalagasvila South
Southern,Hambantota,Hambantota,Siyambalagasvila North
Southern,Hambantota,Hambantota,Udaberagama
Southern,Hambantota,Hambantota,Arawanamulla
Southern,Hambantota,Hambantota,Pahala Beragama
Southern,Hambantota,Hambantota,Dehigahalanda
Southern,Hambantota,Hambantota,Walawa
Southern,Hambantota,Hambantota,Godawaya
Southern,Hambantota,Hambantota,Sisilasagama
Southern,Hambantota,Hambantota,Manajjawa
Southern,Hambantota,Hambantota,Samodagama
Southern,Hambantota,Hambantota,Mirijjavila
Southern,Hambantota,Hambantota,Hambantota West
Southern,Hambantota,Hambantota,Hambantota East
Southern,Hambantota,Hambantota,Siribopura
Southern,Hambantota,Hambantota,Koholankala
Southern,Hambantota,Hambantota,Pallemalala
Southern,Hambantota,Hambantota,Bundala
Southern,Hambantota,Hambantota,Siriyagama
Southern,Hambantota,Ambalantota,Siyambalakote
Southern,Hambantota,Ambalantota,Barawakumbuka
Southern,Hambantota,Ambalantota,Thaligala
Southern,Hambantota,Ambalantota,Liyangasthota
Southern,Hambantota,Ambalantota,Wetiya
Southern,Hambantota,Ambalantota,Murawesihena
Southern,Hambantota,Ambalantota,Mahajandura
Southern,Hambantota,Ambalantota,Handunkatuwa
Southern,Hambantota,Ambalantota,Rote
Southern,Hambantota,Ambalantota,Hedavinna
Southern,Hambantota,Ambalantota,Ridiyagama
Southern,Hambantota,Ambalantota,Punchihenayagama
Southern,Hambantota,Ambalantota,Poliyarwatta
Southern,Hambantota,Ambalantota,Godakoggalla
Southern,Hambantota,Ambalantota,Koggalla
Southern,Hambantota,Ambalantota,Modara Piliwala
Southern,Hambantota,Ambalantota,Bolana North
Southern,Hambantota,Ambalantota,Jansagama
Southern,Hambantota,Ambalantota,Mamadala South
Southern,Hambantota,Ambalantota,Mamadala North
Southern,Hambantota,Ambalantota,Ethbatuwa
Southern,Hambantota,Ambalantota,Mulana
Southern,Hambantota,Ambalantota,Eraminiyaya
Southern,Hambantota,Ambalantota,Ihalagama
Southern,Hambantota,Ambalantota,Deniya
Southern,Hambantota,Ambalantota,Elegoda West
Southern,Hambantota,Ambalantota,Elegoda East
Southern,Hambantota,Ambalantota,Beminiyanvila
Southern,Hambantota,Ambalantota,Walawewatta West
Southern,Hambantota,Ambalantota,Walawewatta East
Southern,Hambantota,Ambalantota,Bolana South
Southern,Hambantota,Ambalantota,Kudabolana
Southern,Hambantota,Ambalantota,Palugaha Godella
Southern,Hambantota,Ambalantota,Rotawala
Southern,Hambantota,Ambalantota,Uhapitagoda
Southern,Hambantota,Ambalantota,Miniethiliya
Southern,Hambantota,Ambalantota,Pingama
Southern,Hambantota,Ambalantota,Pallegama
Southern,Hambantota,Ambalantota,Hungama
Southern,Hambantota,Ambalantota,Bataatha North
Southern,Hambantota,Ambalantota,Bataatha South
Southern,Hambantota,Ambalantota,Hathagala
Southern,Hambantota,Ambalantota,Kivula South
Southern,Hambantota,Ambalantota,Kivula North
Southern,Hambantota,Ambalantota,Lunama North
Southern,Hambantota,Ambalantota,Lunama South
Southern,Hambantota,Ambalantota,Nonagama
Southern,Hambantota,Ambalantota,Ekkassa
Southern,Hambantota,Ambalantota,Welipatanvila
Southern,Hambantota,Ambalantota,Malpettawa
Southern,Hambantota,Ambalantota,Puhulyaya
Southern,Hambantota,Ambalantota,Ambalanthota North
Southern,Hambantota,Ambalantota,Ambalanthota South
Southern,Hambantota,Ambalantota,Wanduruppa
Southern,Hambantota,Ambalantota,Thawaluvila
Southern,Hambantota,Angunakolapelessa,Kariyamaditta
Southern,Hambantota,Angunakolapelessa,Dabarella North
Southern,Hambantota,Angunakolapelessa,Rathmalwala
Southern,Hambantota,Angunakolapelessa,Kailawelpotawa
Southern,Hambantota,Angunakolapelessa,Kendaketiya
Southern,Hambantota,Angunakolapelessa,Dabarella South
Southern,Hambantota,Angunakolapelessa,Thalawa North
Southern,Hambantota,Angunakolapelessa,Thalawa South
Southern,Hambantota,Angunakolapelessa,Debokkawa South
Southern,Hambantota,Angunakolapelessa,Debokkawa North
Southern,Hambantota,Angunakolapelessa,Uswewa
Southern,Hambantota,Angunakolapelessa,Metigathwala
Southern,Hambantota,Angunakolapelessa,Amarathungama
Southern,Hambantota,Angunakolapelessa,Sooriyapokuna
Southern,Hambantota,Angunakolapelessa,Pahalagama
Southern,Hambantota,Angunakolapelessa,Kohombagaswewa
Southern,Hambantota,Angunakolapelessa,Dikwewa
Southern,Hambantota,Angunakolapelessa,Abesekaragama
Southern,Hambantota,Angunakolapelessa,Kalawelwala
Southern,Hambantota,Angunakolapelessa,Meda Ara
Southern,Hambantota,Angunakolapelessa,Binkama
Southern,Hambantota,Angunakolapelessa,Karagahawala
Southern,Hambantota,Angunakolapelessa,Dandenigama
Southern,Hambantota,Angunakolapelessa,Guruwala
Southern,Hambantota,Angunakolapelessa,Weeragaswewa
Southern,Hambantota,Angunakolapelessa,Gajanayakagama
Southern,Hambantota,Angunakolapelessa,Medagoda
Southern,Hambantota,Angunakolapelessa,Dimbulgoda
Southern,Hambantota,Angunakolapelessa,Attanayala East
Southern,Hambantota,Angunakolapelessa,Attanayala West
Southern,Hambantota,Angunakolapelessa,Wakamulla
Southern,Hambantota,Angunakolapelessa,Heenbunna
Southern,Hambantota,Angunakolapelessa,Makuladeniya
Southern,Hambantota,Angunakolapelessa,Udayala
Southern,Hambantota,Angunakolapelessa,Medayala
Southern,Hambantota,Angunakolapelessa,Bogamuwa
Southern,Hambantota,Angunakolapelessa,Daha Amuna
Southern,Hambantota,Angunakolapelessa,Julamulla
Southern,Hambantota,Angunakolapelessa,Jandura
Southern,Hambantota,Angunakolapelessa,Helekada
Southern,Hambantota,Angunakolapelessa,Aluthwewa
Southern,Hambantota,Angunakolapelessa,Kankanamgama
Southern,Hambantota,Angunakolapelessa,Achariyagama
Southern,Hambantota,Angunakolapelessa,Angunakolapelessa
Southern,Hambantota,Angunakolapelessa,Yakagala
Southern,Hambantota,Angunakolapelessa,Gurunnehege Ara
Southern,Hambantota,Angunakolapelessa,Kotawaya
Southern,Hambantota,Angunakolapelessa,Netalaporuwa
Southern,Hambantota,Angunakolapelessa,Hakuruwela
Southern,Hambantota,Angunakolapelessa,Indigetawela
Southern,Hambantota,Angunakolapelessa,Thalamporuwa
Southern,Hambantota,Weeraketiya,Mulanyaya
Southern,Hambantota,Weeraketiya,Handapangala Ayna
Southern,Hambantota,Weeraketiya,Heellage Ayna
Southern,Hambantota,Weeraketiya,Kudagal Ara
Southern,Hambantota,Weeraketiya,Okandayaya North
Southern,Hambantota,Weeraketiya,Okandayaya West
Southern,Hambantota,Weeraketiya,Kaluwagahayaya
Southern,Hambantota,Weeraketiya,Ihala Gonadeniya
Southern,Hambantota,Weeraketiya,Debokkawa West
Southern,Hambantota,Weeraketiya,Debokkawa East
Southern,Hambantota,Weeraketiya,Wekandawala North
Southern,Hambantota,Weeraketiya,Pahala Gonadeniya
Southern,Hambantota,Weeraketiya,Kuda Bibula North
Southern,Hambantota,Weeraketiya,Galpottayaya North
Southern,Hambantota,Weeraketiya,Galpottayaya South
Southern,Hambantota,Weeraketiya,Malhewage Ayna
Southern,Hambantota,Weeraketiya,Kandamaditta
Southern,Hambantota,Weeraketiya,Meegas Ara
Southern,Hambantota,Weeraketiya,Kuda Bibula South
Southern,Hambantota,Weeraketiya,Abakolawewa South
Southern,Hambantota,Weeraketiya,Abakolawewa North
Southern,Hambantota,Weeraketiya,Morayaya North
Southern,Hambantota,Weeraketiya,Morayaya South
Southern,Hambantota,Weeraketiya,Kemegala
Southern,Hambantota,Weeraketiya,Wekandawala South
Southern,Hambantota,Weeraketiya,Thelambuyaya
Southern,Hambantota,Weeraketiya,Siyambalaheddewa
Southern,Hambantota,Weeraketiya,Degampotha
Southern,Hambantota,Weeraketiya,Kinchigune West
Southern,Hambantota,Weeraketiya,Medagama
Southern,Hambantota,Weeraketiya,Raluwa
Southern,Hambantota,Weeraketiya,Kinchigune South
Southern,Hambantota,Weeraketiya,Kinchigune East
Southern,Hambantota,Weeraketiya,Medamulana
Southern,Hambantota,Weeraketiya,Yakgasmulla
Southern,Hambantota,Weeraketiya,Udukirivila
Southern,Hambantota,Weeraketiya,Buddhiyagama North
Southern,Hambantota,Weeraketiya,Keppitiyawa North
Southern,Hambantota,Weeraketiya,Ittademaliya East
Southern,Hambantota,Weeraketiya,Ittademaliya West
Southern,Hambantota,Weeraketiya,Ittademaliya South
Southern,Hambantota,Weeraketiya,Athubode West
Southern,Hambantota,Weeraketiya,Athubode East
Southern,Hambantota,Weeraketiya,Keppitiyawa South
Southern,Hambantota,Weeraketiya,Buddhiyagama West
Southern,Hambantota,Weeraketiya,Buddhiyagama East
Southern,Hambantota,Weeraketiya,Weeraketiya West
Southern,Hambantota,Weeraketiya,Mandaduwa
Southern,Hambantota,Weeraketiya,Agrahera
Southern,Hambantota,Weeraketiya,Weeraketiya East
Southern,Hambantota,Weeraketiya,Mulgirigala East
Southern,Hambantota,Weeraketiya,Mulgirigala North
Southern,Hambantota,Weeraketiya,Mulgirigala West
Southern,Hambantota,Weeraketiya,Mulgirigala South
Southern,Hambantota,Weeraketiya,Bedigama West
Southern,Hambantota,Weeraketiya,Bedigama North
Southern,Hambantota,Weeraketiya,Bedigama East
Southern,Hambantota,Weeraketiya,Bedigama South
Southern,Hambantota,Weeraketiya,Kuda Bedigama
Southern,Hambantota,Weeraketiya,Medagoda
Southern,Hambantota,Katuwana,Karivilakanda
Southern,Hambantota,Katuwana,Medakanda
Southern,Hambantota,Katuwana,Hingurakanda
Southern,Hambantota,Katuwana,Uda Alupothdeniya
Southern,Hambantota,Katuwana,Alupothdeniya Pahala
Southern,Hambantota,Katuwana,Kohomporuwa
Southern,Hambantota,Katuwana,Gangulandeniya
Southern,Hambantota,Katuwana,Ambagas Ara
Southern,Hambantota,Katuwana,Labuhengoda
Southern,Hambantota,Katuwana,Sapugahayaya
Southern,Hambantota,Katuwana,Hellala
Southern,Hambantota,Katuwana,Middeniya North
Southern,Hambantota,Katuwana,Middeniya East
Southern,Hambantota,Katuwana,Kudagoda West
Southern,Hambantota,Katuwana,Kudagoda East
Southern,Hambantota,Katuwana,Dambethalawa
Southern,Hambantota,Katuwana,Murungasyaya East
Southern,Hambantota,Katuwana,Murungasyaya West
Southern,Hambantota,Katuwana,Middeniya West
Southern,Hambantota,Katuwana,Welipitiya East
Southern,Hambantota,Katuwana,Welipitiya
Southern,Hambantota,Katuwana,Welipitiya West
Southern,Hambantota,Katuwana,Ritigaha Yaya
Southern,Hambantota,Katuwana,Thalwatta
Southern,Hambantota,Katuwana,Meemanakoladeniya
Southern,Hambantota,Katuwana,Siyambalamuraya
Southern,Hambantota,Katuwana,Udawelmulla
Southern,Hambantota,Katuwana,Siyarapitiya
Southern,Hambantota,Katuwana,Kehelwatta
Southern,Hambantota,Katuwana,Udagomadiya
Southern,Hambantota,Katuwana,Bengamukanda
Southern,Hambantota,Katuwana,Dangalakanda
Southern,Hambantota,Katuwana,Rukmalpitiya
Southern,Hambantota,Katuwana,Gallindamulla
Southern,Hambantota,Katuwana,Katuwana
Southern,Hambantota,Katuwana,Pangamvilayaya
Southern,Hambantota,Katuwana,Ulahitiyawa West
Southern,Hambantota,Katuwana,Ulahitiyawa
Southern,Hambantota,Katuwana,Ulahitiyawa East
Southern,Hambantota,Katuwana,Adalugoda
Southern,Hambantota,Katuwana,Mellaketigoda
Southern,Hambantota,Katuwana,Araboda
Southern,Hambantota,Katuwana,Horavinna
Southern,Hambantota,Katuwana,Hediwatta
Southern,Hambantota,Katuwana,Weerakkuttigoda
Southern,Hambantota,Katuwana,Ranasingoda
Southern,Hambantota,Katuwana,Obadagahadeniya
Southern,Hambantota,Katuwana,Wathukanda
Southern,Hambantota,Katuwana,Kongasthenna
Southern,Hambantota,Katuwana,Galpothukanda
Southern,Hambantota,Katuwana,Ambagahahena
Southern,Hambantota,Katuwana,Karametiya
Southern,Hambantota,Katuwana,Puwakgas Ara
Southern,Hambantota,Katuwana,Binthenna
Southern,Hambantota,Katuwana,Bookendayaya
Southern,Hambantota,Katuwana,Walgammulla
Southern,Hambantota,Walasmulla,Rammala
Southern,Hambantota,Walasmulla,Saputhanthirikanda
Southern,Hambantota,Walasmulla,Warapitiya
Southern,Hambantota,Walasmulla,Keredeniya
Southern,Hambantota,Walasmulla,Haggitha Kanda North
Southern,Hambantota,Walasmulla,Konkarahena
Southern,Hambantota,Walasmulla,Mapitakanda
Southern,Hambantota,Walasmulla,Radani Ara
Southern,Hambantota,Walasmulla,Namaneliya
Southern,Hambantota,Walasmulla,Udahagoda
Southern,Hambantota,Walasmulla,Weedikanda
Southern,Hambantota,Walasmulla,Galwadiya
Southern,Hambantota,Walasmulla,Uda Julampitiya
Southern,Hambantota,Walasmulla,Julampitiya
Southern,Hambantota,Walasmulla,Palle Julampitiya
Southern,Hambantota,Walasmulla,Pahala Obada
Southern,Hambantota,Walasmulla,Bowala North
Southern,Hambantota,Walasmulla,Bowala West
Southern,Hambantota,Walasmulla,Welandagoda
Southern,Hambantota,Walasmulla,Batagassa
Southern,Hambantota,Walasmulla,Pahalawatta
Southern,Hambantota,Walasmulla,Pathegama
Southern,Hambantota,Walasmulla,Thalapathkanda
Southern,Hambantota,Walasmulla,Dehigahahena
Southern,Hambantota,Walasmulla,Veedapola
Southern,Hambantota,Walasmulla,Mathuwakanda
Southern,Hambantota,Walasmulla,Handugala
Southern,Hambantota,Walasmulla,Kebellaketiya
Southern,Hambantota,Walasmulla,Egodabedda
Southern,Hambantota,Walasmulla,Kekiriobada
Southern,Hambantota,Walasmulla,Agalabada
Southern,Hambantota,Walasmulla,Bowala South
Southern,Hambantota,Walasmulla,Ihala Muruthawela
Southern,Hambantota,Walasmulla,Muruthawela Pahala
Southern,Hambantota,Walasmulla,Galahitiya North
Southern,Hambantota,Walasmulla,Omara East
Southern,Hambantota,Walasmulla,Omara West
Southern,Hambantota,Walasmulla,Ethpitiya
Southern,Hambantota,Walasmulla,Wattehengoda
Southern,Hambantota,Walasmulla,Horewela
Southern,Hambantota,Walasmulla,Pissubedda
Southern,Hambantota,Walasmulla,Medagamgoda
Southern,Hambantota,Walasmulla,Yahalmulla
Southern,Hambantota,Walasmulla,Ihala Walasmulla
Southern,Hambantota,Walasmulla,Pahala Walasmulla
Southern,Hambantota,Walasmulla,Galahitiya South
Southern,Hambantota,Walasmulla,Galahitiya East
Southern,Hambantota,Walasmulla,Koholana
Southern,Hambantota,Walasmulla,Walasmulla East
Southern,Hambantota,Walasmulla,Walasmulla North
Southern,Hambantota,Walasmulla,Walasmulla West
Southern,Hambantota,Walasmulla,Walasmulla South
Southern,Hambantota,Walasmulla,Daluwakgoda
Southern,Hambantota,Okewela,Kanumuldeniya North
Southern,Hambantota,Okewela,Olu Ara
Southern,Hambantota,Okewela,Kanumuldeniya West
Southern,Hambantota,Okewela,Kanumuldeniya East
Southern,Hambantota,Okewela,Udadeniya
Southern,Hambantota,Okewela,Kurunduwatta
Southern,Hambantota,Okewela,Sumihirigama
Southern,Hambantota,Okewela,Rajapuragoda
Southern,Hambantota,Okewela,Wijayasiripura
Southern,Hambantota,Okewela,Morakandegoda
Southern,Hambantota,Okewela,Kadigamuwa East
Southern,Hambantota,Okewela,Thalahagamwaduwa Pahala
Southern,Hambantota,Okewela,Thalahagamwaduwa Ihala
Southern,Hambantota,Okewela,Nathuwala
Southern,Hambantota,Okewela,Kandebedda
Southern,Hambantota,Okewela,Godawenna
Southern,Hambantota,Okewela,Kahatellagoda
Southern,Hambantota,Okewela,Kanumuldeniya South
Southern,Hambantota,Okewela,Kadigamuwa West
Southern,Hambantota,Okewela,Wawwa
Southern,Hambantota,Okewela,Modarawana North
Southern,Hambantota,Okewela,Modarawana South
Southern,Hambantota,Okewela,Okewela
Southern,Hambantota,Okewela,Heenatihathamuna
Southern,Hambantota,Okewela,Pallewawwa
Southern,Hambantota,Okewela,Pahala Yatigala
Southern,Hambantota,Okewela,Yatigala Ihala
Southern,Hambantota,Beliatta,Maligathenna
Southern,Hambantota,Beliatta,Udugalmotegama
Southern,Hambantota,Beliatta,Pallattara West
Southern,Hambantota,Beliatta,Pallattara South
Southern,Hambantota,Beliatta,Pallattara East
Southern,Hambantota,Beliatta,Nugewela
Southern,Hambantota,Beliatta,Ihala Beligalla East
Southern,Hambantota,Beliatta,Wadiya
Southern,Hambantota,Beliatta,Ihala Beligalla West
Southern,Hambantota,Beliatta,Beligalla North
Southern,Hambantota,Beliatta,Beligalla South
Southern,Hambantota,Beliatta,Dammulla East
Southern,Hambantota,Beliatta,Dammulla West
Southern,Hambantota,Beliatta,Pattiyawela
Southern,Hambantota,Beliatta,Tharaperiya
Southern,Hambantota,Beliatta,Nihiluwa West
Southern,Hambantota,Beliatta,Indiketiyagoda
Southern,Hambantota,Beliatta,Nihiluwa East
Southern,Hambantota,Beliatta,Waharakgoda North
Southern,Hambantota,Beliatta,Waharakgoda South
Southern,Hambantota,Beliatta,Kahawatta
Southern,Hambantota,Beliatta,Kosgahagoda
Southern,Hambantota,Beliatta,Agulmaduwa
Southern,Hambantota,Beliatta,Aranwela North
Southern,Hambantota,Beliatta,Karambaketiya
Southern,Hambantota,Beliatta,Galwewa
Southern,Hambantota,Beliatta,Godawela
Southern,Hambantota,Beliatta,Panamulla
Southern,Hambantota,Beliatta,Ambagasdeniya
Southern,Hambantota,Beliatta,Getamanna North
Southern,Hambantota,Beliatta,Eldeniya
Southern,Hambantota,Beliatta,Getamanna West
Southern,Hambantota,Beliatta,Getamanna East
Southern,Hambantota,Beliatta,Mahaheella East
Southern,Hambantota,Beliatta,Kambussawala West
Southern,Hambantota,Beliatta,Kambussawala East
Southern,Hambantota,Beliatta,Beliatta West
Southern,Hambantota,Beliatta,Beliatta Town
Southern,Hambantota,Beliatta,Puwakdandawa North
Southern,Hambantota,Beliatta,Puwakdandawa East
Southern,Hambantota,Beliatta,Aranwela West
Southern,Hambantota,Beliatta,Sitinamaluwa West
Southern,Hambantota,Beliatta,Sitinamaluwa North
Southern,Hambantota,Beliatta,Sitinamaluwa East
Southern,Hambantota,Beliatta,Sitinamaluwa South
Southern,Hambantota,Beliatta,Pahalagoda
Southern,Hambantota,Beliatta,Medagoda
Southern,Hambantota,Beliatta,Beliatta South
Southern,Hambantota,Beliatta,Kudaheella East
Southern,Hambantota,Beliatta,Kudaheella North
Southern,Hambantota,Beliatta,Mahaheella West
Southern,Hambantota,Beliatta,Mahaheella North
Southern,Hambantota,Beliatta,Getamanna South
Southern,Hambantota,Beliatta,Nayakawatta
Southern,Hambantota,Beliatta,Ambala North
Southern,Hambantota,Beliatta,Ambala West
Southern,Hambantota,Beliatta,Miriswatta
Southern,Hambantota,Beliatta,Kudaheella South
Southern,Hambantota,Beliatta,Ovilana
Southern,Hambantota,Beliatta,Mihindupura
Southern,Hambantota,Beliatta,Palapotha East
Southern,Hambantota,Beliatta,Palapotha West
Southern,Hambantota,Beliatta,Dedduwawala East
Southern,Hambantota,Beliatta,Dedduwawala
Southern,Hambantota,Beliatta,Galagama North
Southern,Hambantota,Beliatta,Galagama West
Southern,Hambantota,Beliatta,Galagama South
Southern,Hambantota,Beliatta,Galagama East
Southern,Hambantota,Beliatta,Nakulugamuwa West
Southern,Hambantota,Beliatta,Nakulugamuwa North
Southern,Hambantota,Beliatta,Wevudatta
Southern,Hambantota,Tangalle,Sudarshanagama
Southern,Hambantota,Tangalle,Pattiyapola West
Southern,Hambantota,Tangalle,Thalunna
Southern,Hambantota,Tangalle,Andupelena
Southern,Hambantota,Tangalle,Kadiragoda
Southern,Hambantota,Tangalle,Gotaimbaragama
Southern,Hambantota,Tangalle,Kattakaduwa North
Southern,Hambantota,Tangalle,Kattakaduwa South
Southern,Hambantota,Tangalle,Ranna East
Southern,Hambantota,Tangalle,Ranna West
Southern,Hambantota,Tangalle,Vigamuwa
Southern,Hambantota,Tangalle,Pattiyapola East
Southern,Hambantota,Tangalle,Pattiyapola South
Southern,Hambantota,Tangalle,Vitharandeniya North
Southern,Hambantota,Tangalle,Thenagama South
Southern,Hambantota,Tangalle,Thenagama North
Southern,Hambantota,Tangalle,Thalapitiyagama
Southern,Hambantota,Tangalle,Ethgalmulla
Southern,Hambantota,Tangalle,Uduvilagoda
Southern,Hambantota,Tangalle,Vitharandeniya South
Southern,Hambantota,Tangalle,Aluthgoda
Southern,Hambantota,Tangalle,Palathuduwa
Southern,Hambantota,Tangalle,Marakolliya
Southern,Hambantota,Tangalle,Medagama
Southern,Hambantota,Tangalle,Netolpitiya North
Southern,Hambantota,Tangalle,Netolpitiya South
Southern,Hambantota,Tangalle,Wadigala
Southern,Hambantota,Tangalle,Kahandawa
Southern,Hambantota,Tangalle,Nidahasgama West
Southern,Hambantota,Tangalle,Nidahasgama East
Southern,Hambantota,Tangalle,Kahandamodara
Southern,Hambantota,Tangalle,Gurupokuna
Southern,Hambantota,Tangalle,Wella Odaya
Southern,Hambantota,Tangalle,Rekawa East
Southern,Hambantota,Tangalle,Rekawa West
Southern,Hambantota,Tangalle,Medilla
Southern,Hambantota,Tangalle,Walgameliya
Southern,Hambantota,Tangalle,Godawanagoda
Southern,Hambantota,Tangalle,Wagegoda
Southern,Hambantota,Tangalle,Nalagama East
Southern,Hambantota,Tangalle,Siyambalagoda
Southern,Hambantota,Tangalle,Nalagama West
Southern,Hambantota,Tangalle,Polommaruwa North
Southern,Hambantota,Tangalle,Danketiya
Southern,Hambantota,Tangalle,Medaketiya
Southern,Hambantota,Tangalle,Kotuwegoda
Southern,Hambantota,Tangalle,Indipokunagoda North
Southern,Hambantota,Tangalle,Polommaruwa South
Southern,Hambantota,Tangalle,Kadurupokuna East
Southern,Hambantota,Tangalle,Indipokunagoda South
Southern,Hambantota,Tangalle,Pallikkudawa Urban
Southern,Hambantota,Tangalle,Pallikkudawa Rural
Southern,Hambantota,Tangalle,Kadurupokuna South
Southern,Hambantota,Tangalle,Kadurupokuna North
Southern,Hambantota,Tangalle,Kadurupokuna West
Southern,Hambantota,Tangalle,Seenimodara West
Southern,Hambantota,Tangalle,Seenimodara East
Southern,Hambantota,Tangalle,Unakooruwa West
Southern,Hambantota,Tangalle,Unakooruwa East
Southern,Hambantota,Tangalle,Moraketi Ara East
Southern,Hambantota,Tangalle,Moraketi Ara West
Southern,Hambantota,Tangalle,Pahajjawa
Southern,Hambantota,Tangalle,Mahawela
Southern,Hambantota,Tangalle,Ihalagoda
Southern,Hambantota,Tangalle,Nakulugamuwa South
Southern,Hambantota,Tangalle,Kudawella North
Southern,Hambantota,Tangalle,Kudawella Central
Southern,Hambantota,Tangalle,Kudawella East
Southern,Hambantota,Tangalle,Mawella South
Southern,Hambantota,Tangalle,Mawella North
Southern,Hambantota,Tangalle,Kudawella South
Southern,Hambantota,Tangalle,Kudawella West
