Sabaragamuwa,Ratnapura,Eheliyagoda,Divurumpitiya
Sabaragamuwa,Ratnapura,Eheliyagoda,Hewainna
Sabaragamuwa,Ratnapura,Eheliyagoda,Kalatuwawa East
Sabaragamuwa,Ratnapura,Eheliyagoda,Getahetta
Sabaragamuwa,Ratnapura,Eheliyagoda,Walavita
Sabaragamuwa,Ratnapura,Eheliyagoda,Meennana
Sabaragamuwa,Ratnapura,Eheliyagoda,Bopetta Didda
Sabaragamuwa,Ratnapura,Eheliyagoda,Thoranakada
Sabaragamuwa,Ratnapura,Eheliyagoda,Ganegoda
Sabaragamuwa,Ratnapura,Eheliyagoda,Iddamalgoda
Sabaragamuwa,Ratnapura,Eheliyagoda,Huladduwa
Sabaragamuwa,Ratnapura,Eheliyagoda,Kalatuwawa West
Sabaragamuwa,Ratnapura,Eheliyagoda,Uduwaka
Sabaragamuwa,Ratnapura,Eheliyagoda,Napawala
Sabaragamuwa,Ratnapura,Eheliyagoda,Pelpitiya
Sabaragamuwa,Ratnapura,Eheliyagoda,Udumatta
Sabaragamuwa,Ratnapura,Eheliyagoda,Vilegoda
Sabaragamuwa,Ratnapura,Eheliyagoda,Vilegoda East
Sabaragamuwa,Ratnapura,Eheliyagoda,Eheliyagoda Watta
Sabaragamuwa,Ratnapura,Eheliyagoda,Asgangula North
Sabaragamuwa,Ratnapura,Eheliyagoda,Kendangamuwa Ihalagama
Sabaragamuwa,Ratnapura,Eheliyagoda,Moragala
Sabaragamuwa,Ratnapura,Eheliyagoda,Bulugahapitiya
Sabaragamuwa,Ratnapura,Eheliyagoda,Yakudagoda
Sabaragamuwa,Ratnapura,Eheliyagoda,Kendangamuwa
Sabaragamuwa,Ratnapura,Eheliyagoda,Asgangula South
Sabaragamuwa,Ratnapura,Eheliyagoda,Mahara
Sabaragamuwa,Ratnapura,Eheliyagoda,Mahingoda
Sabaragamuwa,Ratnapura,Kuruvita,Amuhenkanda
Sabaragamuwa,Ratnapura,Kuruvita,Pathberiya West
Sabaragamuwa,Ratnapura,Kuruvita,Pathberiya
Sabaragamuwa,Ratnapura,Kuruvita,Parakaduwa
Sabaragamuwa,Ratnapura,Eheliyagoda,Nakandala
Sabaragamuwa,Ratnapura,Kuruvita,Bodhimaluwa
Sabaragamuwa,Ratnapura,Kuruvita,Thalavitiya
Sabaragamuwa,Ratnapura,Kuruvita,Pohorabawa
Sabaragamuwa,Ratnapura,Kuruvita,Miyanadeniya
Sabaragamuwa,Ratnapura,Eheliyagoda,Viyalagoda
Sabaragamuwa,Ratnapura,Eheliyagoda,Kendangamuwa Pahalagama
Sabaragamuwa,Ratnapura,Eheliyagoda,Paleegala
Sabaragamuwa,Ratnapura,Eheliyagoda,Miyanakolathenna
Sabaragamuwa,Ratnapura,Eheliyagoda,Mitipola
Sabaragamuwa,Ratnapura,Eheliyagoda,Mapota
Sabaragamuwa,Ratnapura,Eheliyagoda,Karandana North
Sabaragamuwa,Ratnapura,Eheliyagoda,Kiriporuwa
Sabaragamuwa,Ratnapura,Eheliyagoda,Nedurana
Sabaragamuwa,Ratnapura,Eheliyagoda,Erepola
Sabaragamuwa,Ratnapura,Eheliyagoda,Sirisamanpura
Sabaragamuwa,Ratnapura,Eheliyagoda,Nugadanda
Sabaragamuwa,Ratnapura,Eheliyagoda,Hindurangala
Sabaragamuwa,Ratnapura,Kuruvita,Meneripitiya
Sabaragamuwa,Ratnapura,Kuruvita,Pussella
Sabaragamuwa,Ratnapura,Kuruvita,Devipahala
Sabaragamuwa,Ratnapura,Kuruvita,Endiriyanwala
Sabaragamuwa,Ratnapura,Kuruvita,Erathna
Sabaragamuwa,Ratnapura,Kuruvita,Adavikanda
Sabaragamuwa,Ratnapura,Kuruvita,Lassakanda
Sabaragamuwa,Ratnapura,Kuruvita,Sudagala
Sabaragamuwa,Ratnapura,Kuruvita,Ekneligoda North
Sabaragamuwa,Ratnapura,Kuruvita,Kiragala
Sabaragamuwa,Ratnapura,Kuruvita,Kandangoda
Sabaragamuwa,Ratnapura,Kuruvita,Millavitiya
Sabaragamuwa,Ratnapura,Kuruvita,Ovitigama
Sabaragamuwa,Ratnapura,Kuruvita,Theppanawa
Sabaragamuwa,Ratnapura,Kuruvita,Theppanawa Ihalagama
Sabaragamuwa,Ratnapura,Kuruvita,Pahala Kuruvita
Sabaragamuwa,Ratnapura,Kuruvita,Kandangoda South
Sabaragamuwa,Ratnapura,Kuruvita,Wathuyaya
Sabaragamuwa,Ratnapura,Kuruvita,Udakada
Sabaragamuwa,Ratnapura,Kuruvita,Ekneligoda
Sabaragamuwa,Ratnapura,Kuruvita,Delgamuwa
Sabaragamuwa,Ratnapura,Kuruvita,Kuruvita
Sabaragamuwa,Ratnapura,Kuruvita,Walandura
Sabaragamuwa,Ratnapura,Kuruvita,Nadukaradeniya
Sabaragamuwa,Ratnapura,Kuruvita,Kahengama
Sabaragamuwa,Ratnapura,Kuruvita,Pathagama
Sabaragamuwa,Ratnapura,Kuruvita,Theppanawa Pahalagama
Sabaragamuwa,Ratnapura,Kuruvita,Kithulpe
Sabaragamuwa,Ratnapura,Kuruvita,Kahengama West
Sabaragamuwa,Ratnapura,Kuruvita,Kosgoda
Sabaragamuwa,Ratnapura,Kuruvita,Galukagama
Sabaragamuwa,Ratnapura,Kiriella,Ellawala
Sabaragamuwa,Ratnapura,Kiriella,Deheragoda
Sabaragamuwa,Ratnapura,Kiriella,Kanuggalla
Sabaragamuwa,Ratnapura,Kiriella,Ellawala Pahalagama
Sabaragamuwa,Ratnapura,Kiriella,Mudunkotuwa
Sabaragamuwa,Ratnapura,Kiriella,Akurana
Sabaragamuwa,Ratnapura,Kiriella,Kiriella
Sabaragamuwa,Ratnapura,Kiriella,Handukanda
Sabaragamuwa,Ratnapura,Kiriella,Epitawala
Sabaragamuwa,Ratnapura,Kiriella,Munasinhapura
Sabaragamuwa,Ratnapura,Eheliyagoda,Karandana South
Sabaragamuwa,Ratnapura,Eheliyagoda,Karandana West
Sabaragamuwa,Ratnapura,Kiriella,Yatipawwa
Sabaragamuwa,Ratnapura,Kiriella,Ellagawa
Sabaragamuwa,Ratnapura,Kiriella,Idangoda
Sabaragamuwa,Ratnapura,Kiriella,Matuwagala
Sabaragamuwa,Ratnapura,Kiriella,Dodampe West
Sabaragamuwa,Ratnapura,Kiriella,Dodampe
Sabaragamuwa,Ratnapura,Kiriella,Holeepitiya
Sabaragamuwa,Ratnapura,Ratnapura,Gileemale North
Sabaragamuwa,Ratnapura,Ratnapura,Ketawala
Sabaragamuwa,Ratnapura,Ratnapura,Guruluwana
Sabaragamuwa,Ratnapura,Ratnapura,Siripagama
Sabaragamuwa,Ratnapura,Ratnapura,Sri Palabaddala
Sabaragamuwa,Ratnapura,Ratnapura,Mapalana
Sabaragamuwa,Ratnapura,Ratnapura,Kudawa
Sabaragamuwa,Ratnapura,Ratnapura,Dehenakanda
Sabaragamuwa,Ratnapura,Ratnapura,Bambarabotuwa
Sabaragamuwa,Ratnapura,Ratnapura,Alupola
Sabaragamuwa,Ratnapura,Ratnapura,Balakotunna
Sabaragamuwa,Ratnapura,Ratnapura,Hapugasthenna
Sabaragamuwa,Ratnapura,Ratnapura,Rathgama
Sabaragamuwa,Ratnapura,Ratnapura,Gileemale South
Sabaragamuwa,Ratnapura,Ratnapura,Pagoda
Sabaragamuwa,Ratnapura,Ratnapura,Embuldeniya
Sabaragamuwa,Ratnapura,Ratnapura,Malangama
Sabaragamuwa,Ratnapura,Ratnapura,Amuthagoda
Sabaragamuwa,Ratnapura,Ratnapura,Kahangama
Sabaragamuwa,Ratnapura,Ratnapura,Ketaliyampalla
Sabaragamuwa,Ratnapura,Ratnapura,New Town
Sabaragamuwa,Ratnapura,Ratnapura,Ellegedara
Sabaragamuwa,Ratnapura,Ratnapura,Malwala
Sabaragamuwa,Ratnapura,Ratnapura,Durekkanda
Sabaragamuwa,Ratnapura,Ratnapura,Galabada
Sabaragamuwa,Ratnapura,Ratnapura,Gallella
Sabaragamuwa,Ratnapura,Ratnapura,Amunuthenna
Sabaragamuwa,Ratnapura,Ratnapura,Kempanawatta
Sabaragamuwa,Ratnapura,Ratnapura,Gurubevilagama
Sabaragamuwa,Ratnapura,Ratnapura,Batewela
Sabaragamuwa,Ratnapura,Ratnapura,Hettikanda
Sabaragamuwa,Ratnapura,Ratnapura,Banagoda
Sabaragamuwa,Ratnapura,Ratnapura,Heenberenduwa
Sabaragamuwa,Ratnapura,Ratnapura,Egoda Malwala
Sabaragamuwa,Ratnapura,Ratnapura,Meehitiya
Sabaragamuwa,Ratnapura,Ratnapura,Kospelavinna
Sabaragamuwa,Ratnapura,Ratnapura,Weralupe
Sabaragamuwa,Ratnapura,Ratnapura,Dewalegawa
Sabaragamuwa,Ratnapura,Ratnapura,Muwagama
Sabaragamuwa,Ratnapura,Ratnapura,Ratnapura Town West
Sabaragamuwa,Ratnapura,Ratnapura,Ratnapura Town North
Sabaragamuwa,Ratnapura,Ratnapura,Mihindugama
Sabaragamuwa,Ratnapura,Ratnapura,Mahawala
Sabaragamuwa,Ratnapura,Ratnapura,Godigamuwa
Sabaragamuwa,Ratnapura,Ratnapura,Ratnapura Town
Sabaragamuwa,Ratnapura,Ratnapura,Mudduwa East
Sabaragamuwa,Ratnapura,Ratnapura,Samagipura
Sabaragamuwa,Ratnapura,Ratnapura,Ethoya
Sabaragamuwa,Ratnapura,Ratnapura,Mudduwa
Sabaragamuwa,Ratnapura,Ratnapura,Batugedara
Sabaragamuwa,Ratnapura,Ratnapura,Angammana
Sabaragamuwa,Ratnapura,Ratnapura,Thiriwanketiya
Sabaragamuwa,Ratnapura,Ratnapura,Kolandagala
Sabaragamuwa,Ratnapura,Imbulpe,Rawanakanda
Sabaragamuwa,Ratnapura,Imbulpe,Gallenakanda
Sabaragamuwa,Ratnapura,Imbulpe,Kattadikanda
Sabaragamuwa,Ratnapura,Imbulpe,Waleboda North
Sabaragamuwa,Ratnapura,Imbulpe,Bellankanda
Sabaragamuwa,Ratnapura,Imbulpe,Bolthumbe
Sabaragamuwa,Ratnapura,Imbulpe,Pinnawala
Sabaragamuwa,Ratnapura,Imbulpe,Udagama
Sabaragamuwa,Ratnapura,Imbulpe,Maddegama
Sabaragamuwa,Ratnapura,Imbulpe,Pidaligannawela
Sabaragamuwa,Ratnapura,Imbulpe,Ihalagalagama
Sabaragamuwa,Ratnapura,Imbulpe,Viharawela
Sabaragamuwa,Ratnapura,Imbulpe,Kumburutheniwela
Sabaragamuwa,Ratnapura,Imbulpe,Belihuloya
Sabaragamuwa,Ratnapura,Imbulpe,Yakdehiwela
Sabaragamuwa,Ratnapura,Imbulpe,Muttettuwegama
Sabaragamuwa,Ratnapura,Imbulpe,Puwakgahawela
Sabaragamuwa,Ratnapura,Imbulpe,Budunwela
Sabaragamuwa,Ratnapura,Imbulpe,Halpe
Sabaragamuwa,Ratnapura,Imbulpe,Nittamaluwa
Sabaragamuwa,Ratnapura,Imbulpe,Kumbalgama
Sabaragamuwa,Ratnapura,Imbulpe,Kinchigune
Sabaragamuwa,Ratnapura,Imbulpe,Karagasthalawa
Sabaragamuwa,Ratnapura,Imbulpe,Seelogama
Sabaragamuwa,Ratnapura,Imbulpe,Imbulpe
Sabaragamuwa,Ratnapura,Imbulpe,Passaramulla
Sabaragamuwa,Ratnapura,Imbulpe,Alakolaella
Sabaragamuwa,Ratnapura,Imbulpe,Atawakwela
Sabaragamuwa,Ratnapura,Imbulpe,Kanathiriyanwala
Sabaragamuwa,Ratnapura,Imbulpe,Pallewela
Sabaragamuwa,Ratnapura,Imbulpe,Gurubevila
Sabaragamuwa,Ratnapura,Imbulpe,Pandeniya
Sabaragamuwa,Ratnapura,Imbulpe,Pagalovita
Sabaragamuwa,Ratnapura,Imbulpe,Maddethalawa
Sabaragamuwa,Ratnapura,Imbulpe,Amuwathugoda
Sabaragamuwa,Ratnapura,Imbulpe,Medagedaragoda
Sabaragamuwa,Ratnapura,Imbulpe,Aluthnuwara
Sabaragamuwa,Ratnapura,Imbulpe,Thotapalla
Sabaragamuwa,Ratnapura,Imbulpe,Ulupitiya
Sabaragamuwa,Ratnapura,Imbulpe,Mamalgaha
Sabaragamuwa,Ratnapura,Imbulpe,Welanhinna
Sabaragamuwa,Ratnapura,Imbulpe,Amupitiya
Sabaragamuwa,Ratnapura,Imbulpe,Naluwela
Sabaragamuwa,Ratnapura,Imbulpe,Wegapitiya
Sabaragamuwa,Ratnapura,Imbulpe,Morahela
Sabaragamuwa,Ratnapura,Imbulpe,Oluganthota
Sabaragamuwa,Ratnapura,Imbulpe,Rathmalavinna
Sabaragamuwa,Ratnapura,Imbulpe,Karadiyamulla
Sabaragamuwa,Ratnapura,Imbulpe,Hatharabage
Sabaragamuwa,Ratnapura,Imbulpe,Thunkinda
Sabaragamuwa,Ratnapura,Balangoda,Egoda Waleboda
Sabaragamuwa,Ratnapura,Balangoda,Welekumbura
Sabaragamuwa,Ratnapura,Balangoda,Wijanathkumbura
Sabaragamuwa,Ratnapura,Balangoda,Bulathgama
Sabaragamuwa,Ratnapura,Balangoda,Thumbagoda
Sabaragamuwa,Ratnapura,Balangoda,Kirindigala
Sabaragamuwa,Ratnapura,Balangoda,Yahalewela
Sabaragamuwa,Ratnapura,Balangoda,Batugammana
Sabaragamuwa,Ratnapura,Balangoda,Aldora
Sabaragamuwa,Ratnapura,Balangoda,Watawala
Sabaragamuwa,Ratnapura,Balangoda,Mulgama
Sabaragamuwa,Ratnapura,Balangoda,Thanjanthenna
Sabaragamuwa,Ratnapura,Balangoda,Kalthota
Sabaragamuwa,Ratnapura,Balangoda,Uggalkalthota Left Bank South
Sabaragamuwa,Ratnapura,Balangoda,Medabedda
Sabaragamuwa,Ratnapura,Balangoda,Neluyaya
Sabaragamuwa,Ratnapura,Balangoda,Uggalkalthota Left Bank Left
Sabaragamuwa,Ratnapura,Balangoda,Welipathayaya
Sabaragamuwa,Ratnapura,Balangoda,Kuragala
Sabaragamuwa,Ratnapura,Balangoda,Molamura
Sabaragamuwa,Ratnapura,Balangoda,Rajawaka
Sabaragamuwa,Ratnapura,Balangoda,Bowatta
Sabaragamuwa,Ratnapura,Balangoda,Vikiliya
Sabaragamuwa,Ratnapura,Balangoda,Thotupalathenna
Sabaragamuwa,Ratnapura,Balangoda,Kirimetithenna
Sabaragamuwa,Ratnapura,Balangoda,Dehigasthalawa
Sabaragamuwa,Ratnapura,Balangoda,Balangoda Town
Sabaragamuwa,Ratnapura,Balangoda,Balangoda
Sabaragamuwa,Ratnapura,Balangoda,Jahinkanda
Sabaragamuwa,Ratnapura,Balangoda,Meddekanda
Sabaragamuwa,Ratnapura,Balangoda,Ellewatta
Sabaragamuwa,Ratnapura,Balangoda,Polwathugoda
Sabaragamuwa,Ratnapura,Balangoda,Durakanda
Sabaragamuwa,Ratnapura,Balangoda,Rassagala
Sabaragamuwa,Ratnapura,Balangoda,Ampitiyawatta
Sabaragamuwa,Ratnapura,Balangoda,Massenna
Sabaragamuwa,Ratnapura,Balangoda,Pettigala
Sabaragamuwa,Ratnapura,Balangoda,Pallekanda
Sabaragamuwa,Ratnapura,Balangoda,Ellepola
Sabaragamuwa,Ratnapura,Balangoda,Thalangama
Sabaragamuwa,Ratnapura,Balangoda,Kumara Gama
Sabaragamuwa,Ratnapura,Balangoda,Damahana
Sabaragamuwa,Ratnapura,Balangoda,Kongahamankada
Sabaragamuwa,Ratnapura,Balangoda,Kalupedigama
Sabaragamuwa,Ratnapura,Balangoda,Diyavinna
Sabaragamuwa,Ratnapura,Balangoda,Godakumbura
Sabaragamuwa,Ratnapura,Balangoda,Imbulamura
Sabaragamuwa,Ratnapura,Balangoda,Mahawalathenna
Sabaragamuwa,Ratnapura,Balangoda,Theladiriya
Sabaragamuwa,Ratnapura,Balangoda,Mawela
Sabaragamuwa,Ratnapura,Balangoda,Welage
Sabaragamuwa,Ratnapura,Balangoda,Gawaranhena
Sabaragamuwa,Ratnapura,Balangoda,Horaketiya
Sabaragamuwa,Ratnapura,Opanayake,Polwattahena
Sabaragamuwa,Ratnapura,Opanayake,Metihakwala
Sabaragamuwa,Ratnapura,Opanayake,Malmeekanda
Sabaragamuwa,Ratnapura,Opanayake,Meegahawela
Sabaragamuwa,Ratnapura,Opanayake,Kendaketiya
Sabaragamuwa,Ratnapura,Opanayake,Pelendakanda
Sabaragamuwa,Ratnapura,Opanayake,Madola
Sabaragamuwa,Ratnapura,Opanayake,Udawela
Sabaragamuwa,Ratnapura,Opanayake,Opanayaka
Sabaragamuwa,Ratnapura,Opanayake,Hunuwala North
Sabaragamuwa,Ratnapura,Opanayake,Hallinna
Sabaragamuwa,Ratnapura,Opanayake,Hunuwala South
Sabaragamuwa,Ratnapura,Opanayake,Dandeniya
Sabaragamuwa,Ratnapura,Opanayake,Wallaketiya
Sabaragamuwa,Ratnapura,Opanayake,Akarella
Sabaragamuwa,Ratnapura,Opanayake,Hattella
Sabaragamuwa,Ratnapura,Opanayake,Hattella Egoda
Sabaragamuwa,Ratnapura,Opanayake,Batadura
Sabaragamuwa,Ratnapura,Opanayake,Liyanagoda
Sabaragamuwa,Ratnapura,Opanayake,Galkanda
Sabaragamuwa,Ratnapura,Pelmadulla,Gonakumbura
Sabaragamuwa,Ratnapura,Pelmadulla,Bopetta
Sabaragamuwa,Ratnapura,Pelmadulla,Berenduwa
Sabaragamuwa,Ratnapura,Pelmadulla,Narangoda
Sabaragamuwa,Ratnapura,Pelmadulla,Kuttapitiya
Sabaragamuwa,Ratnapura,Pelmadulla,Ganegama
Sabaragamuwa,Ratnapura,Pelmadulla,Godagama
Sabaragamuwa,Ratnapura,Pelmadulla,Dombagasvinna
Sabaragamuwa,Ratnapura,Pelmadulla,Sannasgama
Sabaragamuwa,Ratnapura,Pelmadulla,Dippitigala
Sabaragamuwa,Ratnapura,Pelmadulla,Lellopitiya
Sabaragamuwa,Ratnapura,Pelmadulla,Welimaluwa
Sabaragamuwa,Ratnapura,Pelmadulla,Gallinna
Sabaragamuwa,Ratnapura,Pelmadulla,Maudella
Sabaragamuwa,Ratnapura,Pelmadulla,Marapana
Sabaragamuwa,Ratnapura,Pelmadulla,Pahala Hakamuwa
Sabaragamuwa,Ratnapura,Pelmadulla,Ihala Hakamuwa
Sabaragamuwa,Ratnapura,Pelmadulla,Pottakanda
Sabaragamuwa,Ratnapura,Pelmadulla,Niralgama
Sabaragamuwa,Ratnapura,Pelmadulla,Alupotha
Sabaragamuwa,Ratnapura,Pelmadulla,Dewalegama
Sabaragamuwa,Ratnapura,Pelmadulla,Denawaka Pathakada
Sabaragamuwa,Ratnapura,Pelmadulla,Rilhena
Sabaragamuwa,Ratnapura,Pelmadulla,Pahala Bopitiya
Sabaragamuwa,Ratnapura,Pelmadulla,Pelmadulla Town
Sabaragamuwa,Ratnapura,Pelmadulla,Udathula
Sabaragamuwa,Ratnapura,Pelmadulla,Warigama
Sabaragamuwa,Ratnapura,Pelmadulla,Denawaka Udakada
Sabaragamuwa,Ratnapura,Pelmadulla,Pelmadullagama
Sabaragamuwa,Ratnapura,Pelmadulla,Ihala Bopitiya
Sabaragamuwa,Ratnapura,Pelmadulla,Halpawala
Sabaragamuwa,Ratnapura,Pelmadulla,Kapuhenthota
Sabaragamuwa,Ratnapura,Pelmadulla,Panawenna
Sabaragamuwa,Ratnapura,Pelmadulla,Borala
Sabaragamuwa,Ratnapura,Pelmadulla,Morathota
Sabaragamuwa,Ratnapura,Pelmadulla,Kattange
Sabaragamuwa,Ratnapura,Pelmadulla,Poronuwa
Sabaragamuwa,Ratnapura,Elapatha,Kahawatta
Sabaragamuwa,Ratnapura,Elapatha,Dambuluwana
Sabaragamuwa,Ratnapura,Elapatha,Raddella
Sabaragamuwa,Ratnapura,Elapatha,Haldola
Sabaragamuwa,Ratnapura,Elapatha,Karangoda
Sabaragamuwa,Ratnapura,Elapatha,Samangama
Sabaragamuwa,Ratnapura,Elapatha,Kehelovitigama
Sabaragamuwa,Ratnapura,Elapatha,Weragama
Sabaragamuwa,Ratnapura,Elapatha,Dellabada
Sabaragamuwa,Ratnapura,Elapatha,Elapatha
Sabaragamuwa,Ratnapura,Elapatha,Pallegedara
Sabaragamuwa,Ratnapura,Elapatha,Kotamulla
Sabaragamuwa,Ratnapura,Elapatha,Amuwala
Sabaragamuwa,Ratnapura,Elapatha,Gangulvitiya
Sabaragamuwa,Ratnapura,Elapatha,Niriella
Sabaragamuwa,Ratnapura,Elapatha,Palawela
Sabaragamuwa,Ratnapura,Elapatha,Batakada
Sabaragamuwa,Ratnapura,Elapatha,Digana
Sabaragamuwa,Ratnapura,Elapatha,Magurugoda
Sabaragamuwa,Ratnapura,Elapatha,Hangamuwa
Sabaragamuwa,Ratnapura,Ayagama,Dumbara
Sabaragamuwa,Ratnapura,Ayagama,Ketepola
Sabaragamuwa,Ratnapura,Ayagama,Dethabadakanda
Sabaragamuwa,Ratnapura,Ayagama,Madabaddara
Sabaragamuwa,Ratnapura,Ayagama,Pahala Galathura
Sabaragamuwa,Ratnapura,Ayagama,Galathura
Sabaragamuwa,Ratnapura,Ayagama,Sinhalagoda
Sabaragamuwa,Ratnapura,Ayagama,Gangodakanda
Sabaragamuwa,Ratnapura,Ayagama,Dumbara Manana
Sabaragamuwa,Ratnapura,Ayagama,Gawaragiriya
Sabaragamuwa,Ratnapura,Ayagama,Pitakanda
Sabaragamuwa,Ratnapura,Ayagama,Pallekada
Sabaragamuwa,Ratnapura,Ayagama,Ellahena
Sabaragamuwa,Ratnapura,Ayagama,Vithanagama
Sabaragamuwa,Ratnapura,Ayagama,Ayagama
Sabaragamuwa,Ratnapura,Ayagama,Udugala North
Sabaragamuwa,Ratnapura,Ayagama,Kolambewa
Sabaragamuwa,Ratnapura,Ayagama,Udugala
Sabaragamuwa,Ratnapura,Ayagama,Paragala
Sabaragamuwa,Ratnapura,Ayagama,Pimbura
Sabaragamuwa,Ratnapura,Ayagama,Nikagoda
Sabaragamuwa,Ratnapura,Kalawana,Kodippilikanda
Sabaragamuwa,Ratnapura,Kalawana,Jathuwangoda
Sabaragamuwa,Ratnapura,Kalawana,Meepagama
Sabaragamuwa,Ratnapura,Kalawana,Kukulegama North
Sabaragamuwa,Ratnapura,Kalawana,Samanpura
Sabaragamuwa,Ratnapura,Kalawana,Kalawana West
Sabaragamuwa,Ratnapura,Kalawana,Thapassarakanda
Sabaragamuwa,Ratnapura,Kalawana,Koswatta
Sabaragamuwa,Ratnapura,Kalawana,Kukulegama South
Sabaragamuwa,Ratnapura,Kalawana,Pitigalakanda
Sabaragamuwa,Ratnapura,Kalawana,Wewagama
Sabaragamuwa,Ratnapura,Kalawana,Davugalagama
Sabaragamuwa,Ratnapura,Kalawana,Wembiyagoda
Sabaragamuwa,Ratnapura,Kalawana,Kalawana East
Sabaragamuwa,Ratnapura,Kalawana,Wewelkandura
Sabaragamuwa,Ratnapura,Kalawana,Hangarangala
Sabaragamuwa,Ratnapura,Kalawana,Wathurawa
Sabaragamuwa,Ratnapura,Kalawana,Delgoda East
Sabaragamuwa,Ratnapura,Kalawana,Delgoda West
Sabaragamuwa,Ratnapura,Kalawana,Weddagala West
Sabaragamuwa,Ratnapura,Kalawana,Weddagala East
Sabaragamuwa,Ratnapura,Kalawana,Kudumeeriya
Sabaragamuwa,Ratnapura,Kalawana,Thanabela
Sabaragamuwa,Ratnapura,Kalawana,Rambuka
Sabaragamuwa,Ratnapura,Kalawana,Dolekanda
Sabaragamuwa,Ratnapura,Kalawana,Kathlana
Sabaragamuwa,Ratnapura,Kalawana,Gangalagamuwa
Sabaragamuwa,Ratnapura,Kalawana,Panapola
Sabaragamuwa,Ratnapura,Kalawana,Kudawa
Sabaragamuwa,Ratnapura,Kalawana,Hapugoda
Sabaragamuwa,Ratnapura,Kalawana,Pothupitiya North
Sabaragamuwa,Ratnapura,Kalawana,Pothupitiya South
Sabaragamuwa,Ratnapura,Kalawana,Ilumbakanda
Sabaragamuwa,Ratnapura,Nivithigala,Pathakada
Sabaragamuwa,Ratnapura,Nivithigala,Noragalla
Sabaragamuwa,Ratnapura,Nivithigala,Dombagammana
Sabaragamuwa,Ratnapura,Nivithigala,Erabadda
Sabaragamuwa,Ratnapura,Nivithigala,Kiribathgala
Sabaragamuwa,Ratnapura,Nivithigala,Wanniyawatta
Sabaragamuwa,Ratnapura,Nivithigala,Watapotha
Sabaragamuwa,Ratnapura,Nivithigala,Thuttiripitiya
Sabaragamuwa,Ratnapura,Nivithigala,Nivithigala
Sabaragamuwa,Ratnapura,Nivithigala,Yakdehiwatta
Sabaragamuwa,Ratnapura,Nivithigala,Wathupitiya
Sabaragamuwa,Ratnapura,Nivithigala,Horangala
Sabaragamuwa,Ratnapura,Nivithigala,Pahala Karavita
Sabaragamuwa,Ratnapura,Nivithigala,Uda Karavita
Sabaragamuwa,Ratnapura,Nivithigala,Pinkanda
Sabaragamuwa,Ratnapura,Nivithigala,Halkandaliya
Sabaragamuwa,Ratnapura,Nivithigala,Sidurupitiya
Sabaragamuwa,Ratnapura,Nivithigala,Doloswala
Sabaragamuwa,Ratnapura,Nivithigala,Kolombugama
Sabaragamuwa,Ratnapura,Nivithigala,Doloswalakanda
Sabaragamuwa,Ratnapura,Nivithigala,Pebotuwa
Sabaragamuwa,Ratnapura,Nivithigala,Horanekarakanda
Sabaragamuwa,Ratnapura,Nivithigala,Delwala
Sabaragamuwa,Ratnapura,Nivithigala,Panahetagala
Sabaragamuwa,Ratnapura,Kahawatta,Yainna
Sabaragamuwa,Ratnapura,Kahawatta,Nugawela West
Sabaragamuwa,Ratnapura,Kahawatta,Nugawela East
Sabaragamuwa,Ratnapura,Kahawatta,Weladura
Sabaragamuwa,Ratnapura,Kahawatta,Bungiriya
Sabaragamuwa,Ratnapura,Kahawatta,Uda Hawpe
Sabaragamuwa,Ratnapura,Kahawatta,Yatagare
Sabaragamuwa,Ratnapura,Kahawatta,Madalagama Colony
Sabaragamuwa,Ratnapura,Kahawatta,Panapitiya North
Sabaragamuwa,Ratnapura,Kahawatta,Nambuluwa
Sabaragamuwa,Ratnapura,Kahawatta,Atakalanpanna
Sabaragamuwa,Ratnapura,Kahawatta,Pahamunupanna
Sabaragamuwa,Ratnapura,Kahawatta,Kalalella
Sabaragamuwa,Ratnapura,Kahawatta,Panapitiya South
Sabaragamuwa,Ratnapura,Kahawatta,Gabbela
Sabaragamuwa,Ratnapura,Kahawatta,Endana
Sabaragamuwa,Ratnapura,Kahawatta,Madalagama
Sabaragamuwa,Ratnapura,Kahawatta,Miyanavita West
Sabaragamuwa,Ratnapura,Kahawatta,Miyanavita East
Sabaragamuwa,Ratnapura,Kahawatta,Kiranodagama
Sabaragamuwa,Ratnapura,Kahawatta,Pannila
Sabaragamuwa,Ratnapura,Godakawela,Kotakethana
Sabaragamuwa,Ratnapura,Godakawela,Dimbulwala
Sabaragamuwa,Ratnapura,Godakawela,Hapurudeniya
Sabaragamuwa,Ratnapura,Godakawela,Panawala
Sabaragamuwa,Ratnapura,Godakawela,Buluwana
Sabaragamuwa,Ratnapura,Godakawela,Makandura
Sabaragamuwa,Ratnapura,Godakawela,Ematiyagoda
Sabaragamuwa,Ratnapura,Godakawela,Ridivita
Sabaragamuwa,Ratnapura,Godakawela,Maragala
Sabaragamuwa,Ratnapura,Godakawela,Hiramadagama
Sabaragamuwa,Ratnapura,Godakawela,Madampe North
Sabaragamuwa,Ratnapura,Godakawela,Kavuduwawa
Sabaragamuwa,Ratnapura,Godakawela,Madampe South
Sabaragamuwa,Ratnapura,Godakawela,Horamula
Sabaragamuwa,Ratnapura,Godakawela,Weralugahamula
Sabaragamuwa,Ratnapura,Godakawela,Alpitiya
Sabaragamuwa,Ratnapura,Godakawela,Galahitiya
Sabaragamuwa,Ratnapura,Godakawela,Kompitiya
Sabaragamuwa,Ratnapura,Godakawela,Malwatta
Sabaragamuwa,Ratnapura,Godakawela,Werahera West
Sabaragamuwa,Ratnapura,Godakawela,Werahera East
Sabaragamuwa,Ratnapura,Godakawela,Godakawela
Sabaragamuwa,Ratnapura,Godakawela,Warayaya
Sabaragamuwa,Ratnapura,Godakawela,Niyangama
Sabaragamuwa,Ratnapura,Godakawela,Bambaragasthenna
Sabaragamuwa,Ratnapura,Godakawela,Balavinna North
Sabaragamuwa,Ratnapura,Godakawela,Balavinna West
Sabaragamuwa,Ratnapura,Godakawela,Kapuhenthenna
Sabaragamuwa,Ratnapura,Godakawela,Mawathalanda
Sabaragamuwa,Ratnapura,Godakawela,Meddegama
Sabaragamuwa,Ratnapura,Godakawela,Masimbula
Sabaragamuwa,Ratnapura,Godakawela,Rakwana Town
Sabaragamuwa,Ratnapura,Godakawela,Kottala
Sabaragamuwa,Ratnapura,Godakawela,Rakwana South
Sabaragamuwa,Ratnapura,Godakawela,Rakwana North
Sabaragamuwa,Ratnapura,Godakawela,Yahalawela
Sabaragamuwa,Ratnapura,Godakawela,Bibilegama West
Sabaragamuwa,Ratnapura,Godakawela,Bibilegama East
Sabaragamuwa,Ratnapura,Godakawela,Thambagamuwa West
Sabaragamuwa,Ratnapura,Godakawela,Dambavinna
Sabaragamuwa,Ratnapura,Godakawela,Balavinna East
Sabaragamuwa,Ratnapura,Godakawela,Thambagamuwa East
Sabaragamuwa,Ratnapura,Godakawela,Mahagama West
Sabaragamuwa,Ratnapura,Godakawela,Mahagama East
Sabaragamuwa,Ratnapura,Weligepola,Paragahamaditta
Sabaragamuwa,Ratnapura,Weligepola,Ilukkumbura
Sabaragamuwa,Ratnapura,Weligepola,Panana
Sabaragamuwa,Ratnapura,Weligepola,Galgodagama
Sabaragamuwa,Ratnapura,Weligepola,Kongasthenna
Sabaragamuwa,Ratnapura,Weligepola,Bopitigoda
Sabaragamuwa,Ratnapura,Weligepola,Gangodagama
Sabaragamuwa,Ratnapura,Weligepola,Medaganoya
Sabaragamuwa,Ratnapura,Weligepola,Udaranwala
Sabaragamuwa,Ratnapura,Weligepola,Weligepola
Sabaragamuwa,Ratnapura,Weligepola,Udagangoda
Sabaragamuwa,Ratnapura,Weligepola,Belimaliyadda
Sabaragamuwa,Ratnapura,Weligepola,Handagiriya
Sabaragamuwa,Ratnapura,Weligepola,Handagirigoda
Sabaragamuwa,Ratnapura,Weligepola,Palugahawela
Sabaragamuwa,Ratnapura,Weligepola,Urawala
Sabaragamuwa,Ratnapura,Weligepola,Kottimbulwala
Sabaragamuwa,Ratnapura,Weligepola,Thalagaskanda
Sabaragamuwa,Ratnapura,Weligepola,Ranwala
Sabaragamuwa,Ratnapura,Weligepola,Ammaduwa
Sabaragamuwa,Ratnapura,Weligepola,Elamalpe
Sabaragamuwa,Ratnapura,Weligepola,Thennahena
Sabaragamuwa,Ratnapura,Weligepola,Kalatuwakanda
Sabaragamuwa,Ratnapura,Weligepola,Badullegama
Sabaragamuwa,Ratnapura,Weligepola,Hatangala
Sabaragamuwa,Ratnapura,Weligepola,Bambaragala
Sabaragamuwa,Ratnapura,Weligepola,Pussathota
Sabaragamuwa,Ratnapura,Weligepola,Madawalalanda
Sabaragamuwa,Ratnapura,Weligepola,Galpaya
Sabaragamuwa,Ratnapura,Weligepola,Muttettupola
Sabaragamuwa,Ratnapura,Embilipitiya,Pallebedda
Sabaragamuwa,Ratnapura,Embilipitiya,Thittawelpotha
Sabaragamuwa,Ratnapura,Embilipitiya,Panahaduwa
Sabaragamuwa,Ratnapura,Embilipitiya,Udawalawa
Sabaragamuwa,Ratnapura,Embilipitiya,Thimbolketiya
Sabaragamuwa,Ratnapura,Embilipitiya,Kolambage Ara
Sabaragamuwa,Ratnapura,Embilipitiya,Sankhapala
Sabaragamuwa,Ratnapura,Embilipitiya,Miriswelpatha
Sabaragamuwa,Ratnapura,Embilipitiya,Adaluwa
Sabaragamuwa,Ratnapura,Embilipitiya,Maduwanwela
Sabaragamuwa,Ratnapura,Embilipitiya,Udawalawa Track 02
Sabaragamuwa,Ratnapura,Embilipitiya,Rathkarawwa
Sabaragamuwa,Ratnapura,Embilipitiya,Gangeyaya
Sabaragamuwa,Ratnapura,Embilipitiya,Ketagal Ara
Sabaragamuwa,Ratnapura,Embilipitiya,Nindagam Pelessa
Sabaragamuwa,Ratnapura,Embilipitiya,Ranchamadama
Sabaragamuwa,Ratnapura,Embilipitiya,Panamura
Sabaragamuwa,Ratnapura,Embilipitiya,Konkatuwa
Sabaragamuwa,Ratnapura,Embilipitiya,Embilipitiya Udagama
Sabaragamuwa,Ratnapura,Embilipitiya,Hingura Ara
Sabaragamuwa,Ratnapura,Embilipitiya,Kalagedi Ara
Sabaragamuwa,Ratnapura,Embilipitiya,Moraketiya
Sabaragamuwa,Ratnapura,Embilipitiya,Embilipitiya Pallegama
Sabaragamuwa,Ratnapura,Embilipitiya,Embilipitiya New Town
Sabaragamuwa,Ratnapura,Embilipitiya,Yodhagama
Sabaragamuwa,Ratnapura,Embilipitiya,Modarawana
Sabaragamuwa,Ratnapura,Embilipitiya,Sudugala
Sabaragamuwa,Ratnapura,Embilipitiya,Walalgoda
Sabaragamuwa,Ratnapura,Embilipitiya,Jadura
Sabaragamuwa,Ratnapura,Embilipitiya,Diyapota
Sabaragamuwa,Ratnapura,Embilipitiya,Mulendiyawala
Sabaragamuwa,Ratnapura,Embilipitiya,Thorakolayaya
Sabaragamuwa,Ratnapura,Embilipitiya,Kumbugoda Ara
Sabaragamuwa,Ratnapura,Embilipitiya,Hingura
Sabaragamuwa,Ratnapura,Embilipitiya,Halmillaketiya
Sabaragamuwa,Ratnapura,Embilipitiya,Thunkama
Sabaragamuwa,Ratnapura,Embilipitiya,Hagala
Sabaragamuwa,Ratnapura,Embilipitiya,Kuttigala
Sabaragamuwa,Ratnapura,Embilipitiya,Julangete
Sabaragamuwa,Ratnapura,Embilipitiya,Padalangala
Sabaragamuwa,Ratnapura,Kolonna,Buluthota
Sabaragamuwa,Ratnapura,Kolonna,Ranhotikanda
Sabaragamuwa,Ratnapura,Kolonna,Yakmaditta
Sabaragamuwa,Ratnapura,Kolonna,Helaudakanda
Sabaragamuwa,Ratnapura,Kolonna,Heneggegoda
Sabaragamuwa,Ratnapura,Kolonna,Kumburugamuwa
Sabaragamuwa,Ratnapura,Kolonna,Dambemada
Sabaragamuwa,Ratnapura,Kolonna,Welewathugoda
Sabaragamuwa,Ratnapura,Kolonna,Ereporuwa
Sabaragamuwa,Ratnapura,Kolonna,Wijeriya
Sabaragamuwa,Ratnapura,Kolonna,Poddana
Sabaragamuwa,Ratnapura,Kolonna,Ittakanda
Sabaragamuwa,Ratnapura,Kolonna,Buthkanda
Sabaragamuwa,Ratnapura,Kolonna,Kolonna
Sabaragamuwa,Ratnapura,Kolonna,Maduwanwela Peranigama
Sabaragamuwa,Ratnapura,Kolonna,Nandanagama
Sabaragamuwa,Ratnapura,Kolonna,Ambagahayaya
Sabaragamuwa,Ratnapura,Kolonna,Kella
Sabaragamuwa,Ratnapura,Kolonna,Boraluwageaina
Sabaragamuwa,Ratnapura,Kolonna,Ullinduwawa
Sabaragamuwa,Ratnapura,Kolonna,Pupulaketiya
Sabaragamuwa,Ratnapura,Kolonna,Habbeliara
Sabaragamuwa,Ratnapura,Kolonna,Walakada
Sabaragamuwa,Ratnapura,Kolonna,Koppakanda
Sabaragamuwa,Ratnapura,Kolonna,Dapane
Sabaragamuwa,Ratnapura,Kolonna,Dorapane
Sabaragamuwa,Ratnapura,Kolonna,Morawadiya
Sabaragamuwa,Ratnapura,Kolonna,Omalpe
Sabaragamuwa,Ratnapura,Kolonna,Kempane
Sabaragamuwa,Kegalle,Rambukkana,Dombemada East
Sabaragamuwa,Kegalle,Rambukkana,Dombemada West
Sabaragamuwa,Kegalle,Rambukkana,Udanvita
Sabaragamuwa,Kegalle,Rambukkana,Maligathenna
Sabaragamuwa,Kegalle,Rambukkana,Alugolla
Sabaragamuwa,Kegalle,Rambukkana,Gabbala North
Sabaragamuwa,Kegalle,Rambukkana,Gabbala South
Sabaragamuwa,Kegalle,Rambukkana,Mahagama
Sabaragamuwa,Kegalle,Rambukkana,Halwatta
Sabaragamuwa,Kegalle,Rambukkana,Hewadiwela
Sabaragamuwa,Kegalle,Rambukkana,Nattambura
Sabaragamuwa,Kegalle,Rambukkana,Kudagama North
Sabaragamuwa,Kegalle,Rambukkana,Kudagama South
Sabaragamuwa,Kegalle,Rambukkana,Medagaladeniya
Sabaragamuwa,Kegalle,Rambukkana,Walgama
Sabaragamuwa,Kegalle,Rambukkana,Udagaladeniya
Sabaragamuwa,Kegalle,Rambukkana,Dambulla
Sabaragamuwa,Kegalle,Rambukkana,Deliwala
Sabaragamuwa,Kegalle,Rambukkana,Hangawela
Sabaragamuwa,Kegalle,Rambukkana,Ihala Walpola
Sabaragamuwa,Kegalle,Rambukkana,Kotawella
Sabaragamuwa,Kegalle,Rambukkana,Kanugolla
Sabaragamuwa,Kegalle,Rambukkana,Parape North
Sabaragamuwa,Kegalle,Rambukkana,Parape South
Sabaragamuwa,Kegalle,Rambukkana,Kossinna
Sabaragamuwa,Kegalle,Rambukkana,Kansalagamuwa
Sabaragamuwa,Kegalle,Rambukkana,Heenabowa
Sabaragamuwa,Kegalle,Rambukkana,Walalgoda
Sabaragamuwa,Kegalle,Rambukkana,Kiriwallapitiya
Sabaragamuwa,Kegalle,Rambukkana,Eriyagolla
Sabaragamuwa,Kegalle,Rambukkana,Werellapatha
Sabaragamuwa,Kegalle,Rambukkana,Weligamuwa
Sabaragamuwa,Kegalle,Rambukkana,Thaldewa
Sabaragamuwa,Kegalle,Rambukkana,Wahawa
Sabaragamuwa,Kegalle,Rambukkana,Padavigampala
Sabaragamuwa,Kegalle,Rambukkana,Puwakmote
Sabaragamuwa,Kegalle,Rambukkana,Udugama
Sabaragamuwa,Kegalle,Rambukkana,Thismalpola
Sabaragamuwa,Kegalle,Rambukkana,Yatagama
Sabaragamuwa,Kegalle,Rambukkana,Meeduma
Sabaragamuwa,Kegalle,Rambukkana,Hurimaluwa
Sabaragamuwa,Kegalle,Rambukkana,Eriyawa
Sabaragamuwa,Kegalle,Rambukkana,Rambukkana Town
Sabaragamuwa,Kegalle,Rambukkana,Diyasunnatha
Sabaragamuwa,Kegalle,Rambukkana,Madawala
Sabaragamuwa,Kegalle,Rambukkana,Godagandeniya
Sabaragamuwa,Kegalle,Rambukkana,Kempitiya
Sabaragamuwa,Kegalle,Rambukkana,Kadigamuwa
Sabaragamuwa,Kegalle,Rambukkana,Halagiriya
Sabaragamuwa,Kegalle,Rambukkana,Muwapitiya
Sabaragamuwa,Kegalle,Rambukkana,Beligodapitiya
Sabaragamuwa,Kegalle,Rambukkana,Pinnawala
Sabaragamuwa,Kegalle,Rambukkana,Daluggala
Sabaragamuwa,Kegalle,Rambukkana,Mottappuliya
Sabaragamuwa,Kegalle,Rambukkana,Koorempola
Sabaragamuwa,Kegalle,Rambukkana,Halpitiya
Sabaragamuwa,Kegalle,Rambukkana,Naranbedda East
Sabaragamuwa,Kegalle,Rambukkana,Naranbedda West
Sabaragamuwa,Kegalle,Rambukkana,Marukwathura
Sabaragamuwa,Kegalle,Rambukkana,Imbulgasdeniya
Sabaragamuwa,Kegalle,Rambukkana,Ambuwangala
Sabaragamuwa,Kegalle,Rambukkana,Kehelwathugoda
Sabaragamuwa,Kegalle,Rambukkana,Dunukewala
Sabaragamuwa,Kegalle,Rambukkana,Waduwadeniya
Sabaragamuwa,Kegalle,Rambukkana,Hiriwadunna
Sabaragamuwa,Kegalle,Rambukkana,Bathambure
Sabaragamuwa,Kegalle,Rambukkana,Kottana Watta
Sabaragamuwa,Kegalle,Rambukkana,Kotagama
Sabaragamuwa,Kegalle,Rambukkana,Kiriwandeniya
Sabaragamuwa,Kegalle,Rambukkana,Netiyapana
Sabaragamuwa,Kegalle,Rambukkana,Udugama Gondewala
Sabaragamuwa,Kegalle,Rambukkana,Pattampitiya
Sabaragamuwa,Kegalle,Rambukkana,Yatiwaldeniya
Sabaragamuwa,Kegalle,Rambukkana,Henepola
Sabaragamuwa,Kegalle,Rambukkana,Deegana Kanda
Sabaragamuwa,Kegalle,Rambukkana,Gangoda
Sabaragamuwa,Kegalle,Rambukkana,Beddawala
Sabaragamuwa,Kegalle,Rambukkana,Yodhagama
Sabaragamuwa,Kegalle,Rambukkana,Pitiyegama
Sabaragamuwa,Kegalle,Rambukkana,Deldeniya
Sabaragamuwa,Kegalle,Rambukkana,Kivulpana
Sabaragamuwa,Kegalle,Rambukkana,Minwana
Sabaragamuwa,Kegalle,Rambukkana,Kumbaldiwela
Sabaragamuwa,Kegalle,Rambukkana,Galpala
Sabaragamuwa,Kegalle,Rambukkana,Kumbaloluwa
Sabaragamuwa,Kegalle,Rambukkana,Kavudaulla
Sabaragamuwa,Kegalle,Rambukkana,Molagoda
Sabaragamuwa,Kegalle,Rambukkana,Waragoda
Sabaragamuwa,Kegalle,Rambukkana,Mangalagama
Sabaragamuwa,Kegalle,Mawanella,Weganthale
Sabaragamuwa,Kegalle,Mawanella,Yatimahana
Sabaragamuwa,Kegalle,Mawanella,Keppetipola
Sabaragamuwa,Kegalle,Mawanella,Ihala Kotte
Sabaragamuwa,Kegalle,Mawanella,Makehelwala
Sabaragamuwa,Kegalle,Mawanella,Dunugama Maliyadda
Sabaragamuwa,Kegalle,Mawanella,Karapane
Sabaragamuwa,Kegalle,Mawanella,Kondeniya
Sabaragamuwa,Kegalle,Mawanella,Gondiwala
Sabaragamuwa,Kegalle,Mawanella,Uthuwankanda
Sabaragamuwa,Kegalle,Mawanella,Ambulugala
Sabaragamuwa,Kegalle,Mawanella,Attanagoda
Sabaragamuwa,Kegalle,Mawanella,Panagamuwa
Sabaragamuwa,Kegalle,Mawanella,Dehimaduwa
Sabaragamuwa,Kegalle,Mawanella,Habbunkaduwa
Sabaragamuwa,Kegalle,Mawanella,Mahawatta
Sabaragamuwa,Kegalle,Mawanella,Muruthawala
Sabaragamuwa,Kegalle,Mawanella,Randiwala
Sabaragamuwa,Kegalle,Mawanella,Uda Makadawara
Sabaragamuwa,Kegalle,Mawanella,Ganethenna
Sabaragamuwa,Kegalle,Mawanella,Makadawara
Sabaragamuwa,Kegalle,Mawanella,Batawala
Sabaragamuwa,Kegalle,Mawanella,Hingula
Sabaragamuwa,Kegalle,Mawanella,Owatta
Sabaragamuwa,Kegalle,Mawanella,Hinguloya
Sabaragamuwa,Kegalle,Mawanella,Rankothdiwala
Sabaragamuwa,Kegalle,Mawanella,Mawanella
Sabaragamuwa,Kegalle,Mawanella,Mawana
Sabaragamuwa,Kegalle,Mawanella,Kiringadeniya
Sabaragamuwa,Kegalle,Mawanella,Weligalla
Sabaragamuwa,Kegalle,Mawanella,Dodanthale
Sabaragamuwa,Kegalle,Mawanella,Kappagoda
Sabaragamuwa,Kegalle,Mawanella,Nankurugama
Sabaragamuwa,Kegalle,Mawanella,Kongamuwa
Sabaragamuwa,Kegalle,Mawanella,Beligammana
Sabaragamuwa,Kegalle,Mawanella,Edanduwawa
Sabaragamuwa,Kegalle,Mawanella,Idampitiya
Sabaragamuwa,Kegalle,Mawanella,Kekirigoda
Sabaragamuwa,Kegalle,Mawanella,Uyanwatta
Sabaragamuwa,Kegalle,Mawanella,Aluthnuwara
Sabaragamuwa,Kegalle,Mawanella,Molligoda
Sabaragamuwa,Kegalle,Mawanella,Mawela
Sabaragamuwa,Kegalle,Mawanella,Warakapana
Sabaragamuwa,Kegalle,Mawanella,Kahawandala
Sabaragamuwa,Kegalle,Mawanella,Mahanthegama
Sabaragamuwa,Kegalle,Mawanella,Heenatipana
Sabaragamuwa,Kegalle,Mawanella,Rukulagama
Sabaragamuwa,Kegalle,Mawanella,Daswatta
Sabaragamuwa,Kegalle,Mawanella,Lewke
Sabaragamuwa,Kegalle,Mawanella,Kumbalgama
Sabaragamuwa,Kegalle,Mawanella,Balawathgama
Sabaragamuwa,Kegalle,Mawanella,Werake
Sabaragamuwa,Kegalle,Mawanella,Embilmeewala
Sabaragamuwa,Kegalle,Mawanella,Thambavita
Sabaragamuwa,Kegalle,Mawanella,Eraminigammana
Sabaragamuwa,Kegalle,Mawanella,Ambadeniya
Sabaragamuwa,Kegalle,Mawanella,Weragoda
Sabaragamuwa,Kegalle,Mawanella,Kooragala
Sabaragamuwa,Kegalle,Mawanella,Waduwawala
Sabaragamuwa,Kegalle,Mawanella,Ginihappitiya West
Sabaragamuwa,Kegalle,Mawanella,Ginihappitiya East
Sabaragamuwa,Kegalle,Mawanella,Ambaruppa
Sabaragamuwa,Kegalle,Mawanella,Madulbowa
Sabaragamuwa,Kegalle,Mawanella,Ambalawa
Sabaragamuwa,Kegalle,Mawanella,Balathgamuwa
Sabaragamuwa,Kegalle,Mawanella,Kehelpannala East
Sabaragamuwa,Kegalle,Mawanella,Wadiyathenna
Sabaragamuwa,Kegalle,Mawanella,Hemmathagama
Sabaragamuwa,Kegalle,Mawanella,Palliporuwa
Sabaragamuwa,Kegalle,Mawanella,Dumbuluwawa
Sabaragamuwa,Kegalle,Mawanella,Kehelpannala West
Sabaragamuwa,Kegalle,Aranayaka,Deewela Udagama
Sabaragamuwa,Kegalle,Aranayaka,Wakirigala
Sabaragamuwa,Kegalle,Aranayaka,Epalawa Watta
Sabaragamuwa,Kegalle,Aranayaka,Uduwewela
Sabaragamuwa,Kegalle,Aranayaka,Kande Watta
Sabaragamuwa,Kegalle,Aranayaka,Gal Athara
Sabaragamuwa,Kegalle,Aranayaka,Gammannagoda
Sabaragamuwa,Kegalle,Aranayaka,Katugaha
Sabaragamuwa,Kegalle,Aranayaka,Ussapitiya
Sabaragamuwa,Kegalle,Aranayaka,Waharakgoda
Sabaragamuwa,Kegalle,Aranayaka,Ruwandeniya
Sabaragamuwa,Kegalle,Aranayaka,Attapitiya
Sabaragamuwa,Kegalle,Aranayaka,Devanagala
Sabaragamuwa,Kegalle,Aranayaka,Kariyagama
Sabaragamuwa,Kegalle,Aranayaka,Godigamuwa
Sabaragamuwa,Kegalle,Aranayaka,Narangammana
Sabaragamuwa,Kegalle,Aranayaka,Lambutuwa
Sabaragamuwa,Kegalle,Aranayaka,Wattegedara
Sabaragamuwa,Kegalle,Aranayaka,Asmadala
Sabaragamuwa,Kegalle,Aranayaka,Kandamulla
Sabaragamuwa,Kegalle,Aranayaka,Kumarapura
Sabaragamuwa,Kegalle,Aranayaka,Debathgama Udabage
Sabaragamuwa,Kegalle,Aranayaka,Debathgama Pallebage
Sabaragamuwa,Kegalle,Aranayaka,Hathgampala
Sabaragamuwa,Kegalle,Aranayaka,Moragammana
Sabaragamuwa,Kegalle,Aranayaka,Gevilipitiya Town
Sabaragamuwa,Kegalle,Aranayaka,Gevilipitiya Gama
Sabaragamuwa,Kegalle,Aranayaka,Pehinipeddara
Sabaragamuwa,Kegalle,Aranayaka,Nikapitiya
Sabaragamuwa,Kegalle,Aranayaka,Thalgamuwa
Sabaragamuwa,Kegalle,Aranayaka,Dippitiya
Sabaragamuwa,Kegalle,Aranayaka,Habalakkawa
Sabaragamuwa,Kegalle,Aranayaka,Keerapana
Sabaragamuwa,Kegalle,Aranayaka,Vilpola
Sabaragamuwa,Kegalle,Aranayaka,Galbokka
Sabaragamuwa,Kegalle,Aranayaka,Elangipitiya
Sabaragamuwa,Kegalle,Aranayaka,Kalugala
Sabaragamuwa,Kegalle,Aranayaka,Kehelwatta
Sabaragamuwa,Kegalle,Aranayaka,Dampelgoda
Sabaragamuwa,Kegalle,Aranayaka,Narangala
Sabaragamuwa,Kegalle,Aranayaka,Getaberi Kanda
Sabaragamuwa,Kegalle,Aranayaka,Pannala
Sabaragamuwa,Kegalle,Aranayaka,Duldeniya
Sabaragamuwa,Kegalle,Aranayaka,Thalgaspitiya Muslimgama
Sabaragamuwa,Kegalle,Aranayaka,Thalgaspitiya
Sabaragamuwa,Kegalle,Aranayaka,Thelleka
Sabaragamuwa,Kegalle,Aranayaka,Hakurugammana
Sabaragamuwa,Kegalle,Aranayaka,Aranayaka
Sabaragamuwa,Kegalle,Aranayaka,Udagama
Sabaragamuwa,Kegalle,Aranayaka,Ambalakanda
Sabaragamuwa,Kegalle,Aranayaka,Ganthuna Udagama
Sabaragamuwa,Kegalle,Aranayaka,Ganthuna Medagama
Sabaragamuwa,Kegalle,Aranayaka,Jambugasmada
Sabaragamuwa,Kegalle,Aranayaka,Podape
Sabaragamuwa,Kegalle,Aranayaka,Deiyanwala
Sabaragamuwa,Kegalle,Aranayaka,Arama
Sabaragamuwa,Kegalle,Aranayaka,Rahala
Sabaragamuwa,Kegalle,Aranayaka,Randiligama
Sabaragamuwa,Kegalle,Aranayaka,Yodhagama
Sabaragamuwa,Kegalle,Aranayaka,Selawa East
Sabaragamuwa,Kegalle,Aranayaka,Selawa West
Sabaragamuwa,Kegalle,Kegalle,Siyambalapitiya
Sabaragamuwa,Kegalle,Kegalle,Pussella
Sabaragamuwa,Kegalle,Kegalle,Dimbulgamuwa
Sabaragamuwa,Kegalle,Kegalle,Kolongalla
Sabaragamuwa,Kegalle,Kegalle,Diyagama
Sabaragamuwa,Kegalle,Kegalle,Kalugalla
Sabaragamuwa,Kegalle,Kegalle,Puwakdeniya
Sabaragamuwa,Kegalle,Kegalle,Meepitiya
Sabaragamuwa,Kegalle,Kegalle,Olagankanda
Sabaragamuwa,Kegalle,Kegalle,Wewaladeniya
Sabaragamuwa,Kegalle,Kegalle,Ranwala
Sabaragamuwa,Kegalle,Kegalle,Paranagampola
Sabaragamuwa,Kegalle,Kegalle,Uraulla
Sabaragamuwa,Kegalle,Kegalle,Ambanpitiya
Sabaragamuwa,Kegalle,Kegalle,Beragala
Sabaragamuwa,Kegalle,Kegalle,Kegalle Town
Sabaragamuwa,Kegalle,Kegalle,Golahela
Sabaragamuwa,Kegalle,Kegalle,Pallewela
Sabaragamuwa,Kegalle,Kegalle,Karandupotha
Sabaragamuwa,Kegalle,Kegalle,Uda Karadupana
Sabaragamuwa,Kegalle,Kegalle,Nilmalgoda
Sabaragamuwa,Kegalle,Kegalle,Paragammana
Sabaragamuwa,Kegalle,Kegalle,Waldeniya
Sabaragamuwa,Kegalle,Kegalle,Dikella
Sabaragamuwa,Kegalle,Kegalle,Buluruppa
Sabaragamuwa,Kegalle,Kegalle,Ekiriyagala
Sabaragamuwa,Kegalle,Kegalle,Deewela Medagama
Sabaragamuwa,Kegalle,Kegalle,Deewela Pallegama
Sabaragamuwa,Kegalle,Kegalle,Ewunugalla
Sabaragamuwa,Kegalle,Kegalle,Dikkohupitiya
Sabaragamuwa,Kegalle,Kegalle,Kavudugama
Sabaragamuwa,Kegalle,Kegalle,Makoora
Sabaragamuwa,Kegalle,Kegalle,Bulugahadeniya
Sabaragamuwa,Kegalle,Kegalle,Thalewala
Sabaragamuwa,Kegalle,Kegalle,Hettimulla
Sabaragamuwa,Kegalle,Kegalle,Minuwangamuwa
Sabaragamuwa,Kegalle,Kegalle,Udumagama
Sabaragamuwa,Kegalle,Kegalle,Wadupola
Sabaragamuwa,Kegalle,Kegalle,Wathura
Sabaragamuwa,Kegalle,Kegalle,Meedeniya South
Sabaragamuwa,Kegalle,Kegalle,Meedeniya North
Sabaragamuwa,Kegalle,Kegalle,Malavita
Sabaragamuwa,Kegalle,Kegalle,Godigamuwa
Sabaragamuwa,Kegalle,Kegalle,Hapuvita Pallegama
Sabaragamuwa,Kegalle,Kegalle,Alapalawala
Sabaragamuwa,Kegalle,Kegalle,Nilapalagammana
Sabaragamuwa,Kegalle,Kegalle,Eregama
Sabaragamuwa,Kegalle,Kegalle,Athurupana
Sabaragamuwa,Kegalle,Kegalle,Rotuwa
Sabaragamuwa,Kegalle,Kegalle,Hungampola
Sabaragamuwa,Kegalle,Kegalle,Gurullawala
Sabaragamuwa,Kegalle,Kegalle,Moradana
Sabaragamuwa,Kegalle,Kegalle,Mabopitiya
Sabaragamuwa,Kegalle,Kegalle,Higgoda
Sabaragamuwa,Kegalle,Kegalle,Bossella
Sabaragamuwa,Kegalle,Kegalle,Ganthuna Pallegama North
Sabaragamuwa,Kegalle,Kegalle,Bogala
Sabaragamuwa,Kegalle,Kegalle,Thiyambarahena
Sabaragamuwa,Kegalle,Kegalle,Undugoda
Sabaragamuwa,Kegalle,Kegalle,Belihulwana
Sabaragamuwa,Kegalle,Kegalle,Ganthuna Pallegama South
Sabaragamuwa,Kegalle,Galigamuwa,Helamada
Sabaragamuwa,Kegalle,Galigamuwa,Godapola
Sabaragamuwa,Kegalle,Galigamuwa,Batuwatta
Sabaragamuwa,Kegalle,Galigamuwa,Makuddala
Sabaragamuwa,Kegalle,Galigamuwa,Weragoda
Sabaragamuwa,Kegalle,Galigamuwa,Jeewana
Sabaragamuwa,Kegalle,Galigamuwa,Dewalegama
Sabaragamuwa,Kegalle,Galigamuwa,Walagama
Sabaragamuwa,Kegalle,Galigamuwa,Kandegedara
Sabaragamuwa,Kegalle,Galigamuwa,Edurapotha West
Sabaragamuwa,Kegalle,Galigamuwa,Panakawa
Sabaragamuwa,Kegalle,Galigamuwa,Edurapotha East
Sabaragamuwa,Kegalle,Galigamuwa,Nawagamuwa
Sabaragamuwa,Kegalle,Galigamuwa,Hathnagoda
Sabaragamuwa,Kegalle,Galigamuwa,Peherambe
Sabaragamuwa,Kegalle,Galigamuwa,Palapoluwa
Sabaragamuwa,Kegalle,Galigamuwa,Yattogoda
Sabaragamuwa,Kegalle,Galigamuwa,Ballapana Pathabage
Sabaragamuwa,Kegalle,Galigamuwa,Kobbewala
Sabaragamuwa,Kegalle,Galigamuwa,Galigamuwa
Sabaragamuwa,Kegalle,Galigamuwa,Ballapana Udabage
Sabaragamuwa,Kegalle,Galigamuwa,Mayfield
Sabaragamuwa,Kegalle,Galigamuwa,Asideniya
Sabaragamuwa,Kegalle,Galigamuwa,Dematanpitiya
Sabaragamuwa,Kegalle,Galigamuwa,Bisowela
Sabaragamuwa,Kegalle,Galigamuwa,Imbulgala
Sabaragamuwa,Kegalle,Galigamuwa,Atugoda
Sabaragamuwa,Kegalle,Galigamuwa,Renapana
Sabaragamuwa,Kegalle,Galigamuwa,Bambaragama
Sabaragamuwa,Kegalle,Galigamuwa,Naberiyawa
Sabaragamuwa,Kegalle,Galigamuwa,Narangoda
Sabaragamuwa,Kegalle,Galigamuwa,Alawala
Sabaragamuwa,Kegalle,Galigamuwa,Holombuwa
Sabaragamuwa,Kegalle,Galigamuwa,Boyagoda
Sabaragamuwa,Kegalle,Galigamuwa,Arandara
Sabaragamuwa,Kegalle,Galigamuwa,Kiridana
Sabaragamuwa,Kegalle,Galigamuwa,Kinigama
Sabaragamuwa,Kegalle,Galigamuwa,Damunupola
Sabaragamuwa,Kegalle,Galigamuwa,Lahupana
Sabaragamuwa,Kegalle,Galigamuwa,Pothukoladeniya
Sabaragamuwa,Kegalle,Galigamuwa,Pindeniya
Sabaragamuwa,Kegalle,Galigamuwa,Udugama
Sabaragamuwa,Kegalle,Galigamuwa,Nadeniya
Sabaragamuwa,Kegalle,Galigamuwa,Atala
Sabaragamuwa,Kegalle,Galigamuwa,Hapudeniya
Sabaragamuwa,Kegalle,Galigamuwa,Kurunegoda
Sabaragamuwa,Kegalle,Galigamuwa,Ruggahathenna
Sabaragamuwa,Kegalle,Galigamuwa,Ampe
Sabaragamuwa,Kegalle,Galigamuwa,Hathnapitiya
Sabaragamuwa,Kegalle,Galigamuwa,Karagala
Sabaragamuwa,Kegalle,Galigamuwa,Aruggammana
Sabaragamuwa,Kegalle,Warakapola,Waddeniya
Sabaragamuwa,Kegalle,Warakapola,Kalugala
Sabaragamuwa,Kegalle,Warakapola,Weniwellakaduwa
Sabaragamuwa,Kegalle,Warakapola,Kodapaluwa
Sabaragamuwa,Kegalle,Warakapola,Opatha
Sabaragamuwa,Kegalle,Warakapola,Paspolakanda
Sabaragamuwa,Kegalle,Warakapola,Thulhiriya
Sabaragamuwa,Kegalle,Warakapola,Parakramagama
Sabaragamuwa,Kegalle,Warakapola,Nangalla
Sabaragamuwa,Kegalle,Warakapola,Ragalkanda
Sabaragamuwa,Kegalle,Warakapola,Heliyagoda
Sabaragamuwa,Kegalle,Warakapola,Metiyagane
Sabaragamuwa,Kegalle,Warakapola,Thalgama
Sabaragamuwa,Kegalle,Warakapola,Egalla
Sabaragamuwa,Kegalle,Warakapola,Kumbalgama
Sabaragamuwa,Kegalle,Warakapola,Akwatta
Sabaragamuwa,Kegalle,Warakapola,Pinnagoda Kanda
Sabaragamuwa,Kegalle,Warakapola,Gasnawa
Sabaragamuwa,Kegalle,Warakapola,Mangedara
Sabaragamuwa,Kegalle,Warakapola,Ambepussa
Sabaragamuwa,Kegalle,Warakapola,Warakapola
Sabaragamuwa,Kegalle,Warakapola,Mahena Colony
Sabaragamuwa,Kegalle,Warakapola,Mahena
Sabaragamuwa,Kegalle,Warakapola,Tholangamuwa
Sabaragamuwa,Kegalle,Warakapola,Nape
Sabaragamuwa,Kegalle,Warakapola,Morawaka
Sabaragamuwa,Kegalle,Warakapola,Mampita
Sabaragamuwa,Kegalle,Warakapola,Nelumdeniya
Sabaragamuwa,Kegalle,Warakapola,Othnapitiya
Sabaragamuwa,Kegalle,Warakapola,Boorunnawa
Sabaragamuwa,Kegalle,Warakapola,IIipangamuwa
Sabaragamuwa,Kegalle,Warakapola,Delgamuwa
Sabaragamuwa,Kegalle,Warakapola,Thumbaliyadda
Sabaragamuwa,Kegalle,Warakapola,Ganithapura
Sabaragamuwa,Kegalle,Warakapola,Ethnawala
Sabaragamuwa,Kegalle,Warakapola,Dummaladeniya
Sabaragamuwa,Kegalle,Warakapola,Puhulegama
Sabaragamuwa,Kegalle,Warakapola,Godawela
Sabaragamuwa,Kegalle,Warakapola,Penihela
Sabaragamuwa,Kegalle,Warakapola,Thambugala
Sabaragamuwa,Kegalle,Warakapola,Thalgahadeniya
Sabaragamuwa,Kegalle,Warakapola,Niwatuwa
Sabaragamuwa,Kegalle,Warakapola,Kukulpane
Sabaragamuwa,Kegalle,Warakapola,Thalliyadda
Sabaragamuwa,Kegalle,Warakapola,Dorawaka Pallebage
Sabaragamuwa,Kegalle,Warakapola,Yaddehimulla
Sabaragamuwa,Kegalle,Warakapola,Kohombadeniya
Sabaragamuwa,Kegalle,Warakapola,Ihala Lenagala
Sabaragamuwa,Kegalle,Warakapola,Dedigama
Sabaragamuwa,Kegalle,Warakapola,Pitadeniya
Sabaragamuwa,Kegalle,Warakapola,Thunthota
Sabaragamuwa,Kegalle,Warakapola,Imbulovita
Sabaragamuwa,Kegalle,Warakapola,Menikkadawara
Sabaragamuwa,Kegalle,Warakapola,Maha Pallegama
Sabaragamuwa,Kegalle,Warakapola,Kinivita
Sabaragamuwa,Kegalle,Warakapola,Hapugoda
Sabaragamuwa,Kegalle,Warakapola,Dorawaka Udabage
Sabaragamuwa,Kegalle,Warakapola,Weragoda
Sabaragamuwa,Kegalle,Warakapola,Palamure
Sabaragamuwa,Kegalle,Warakapola,Bopitiya
Sabaragamuwa,Kegalle,Warakapola,Algama Ihalagama
Sabaragamuwa,Kegalle,Warakapola,Algama
Sabaragamuwa,Kegalle,Warakapola,Madurupitiya
Sabaragamuwa,Kegalle,Warakapola,Kandegama
Sabaragamuwa,Kegalle,Warakapola,Uduwaka
Sabaragamuwa,Kegalle,Warakapola,Hallawa
Sabaragamuwa,Kegalle,Warakapola,Ebidigala
Sabaragamuwa,Kegalle,Warakapola,Alpitiya
Sabaragamuwa,Kegalle,Warakapola,Kivuldeniya
Sabaragamuwa,Kegalle,Warakapola,Kudapallegama
Sabaragamuwa,Kegalle,Warakapola,Thambadiya
Sabaragamuwa,Kegalle,Warakapola,Elamaldeniya
Sabaragamuwa,Kegalle,Warakapola,Malmaduwa
Sabaragamuwa,Kegalle,Warakapola,Polgampala
Sabaragamuwa,Kegalle,Warakapola,Weragala
Sabaragamuwa,Kegalle,Warakapola,Pallepelpita
Sabaragamuwa,Kegalle,Warakapola,Pahala Lenagala
Sabaragamuwa,Kegalle,Warakapola,Welhella
Sabaragamuwa,Kegalle,Ruwanwella,Dunumala
Sabaragamuwa,Kegalle,Ruwanwella,Galapitamada
Sabaragamuwa,Kegalle,Ruwanwella,Walgampatha
Sabaragamuwa,Kegalle,Ruwanwella,Kadigamuwa
Sabaragamuwa,Kegalle,Ruwanwella,Mahakanda
Sabaragamuwa,Kegalle,Ruwanwella,Lenagala
Sabaragamuwa,Kegalle,Ruwanwella,Lewangama North
Sabaragamuwa,Kegalle,Ruwanwella,Lewangama South
Sabaragamuwa,Kegalle,Ruwanwella,Morathota
Sabaragamuwa,Kegalle,Ruwanwella,Waharaka
Sabaragamuwa,Kegalle,Ruwanwella,Daluwalana
Sabaragamuwa,Kegalle,Ruwanwella,Wahakula
Sabaragamuwa,Kegalle,Ruwanwella,Dannoruwa
Sabaragamuwa,Kegalle,Ruwanwella,Nivunhella
Sabaragamuwa,Kegalle,Ruwanwella,Imbulana
Sabaragamuwa,Kegalle,Ruwanwella,Siyambalawala
Sabaragamuwa,Kegalle,Ruwanwella,Pethangoda
Sabaragamuwa,Kegalle,Ruwanwella,Kannattota
Sabaragamuwa,Kegalle,Ruwanwella,Gonaramba
Sabaragamuwa,Kegalle,Ruwanwella,Doranuwa
Sabaragamuwa,Kegalle,Ruwanwella,Bopetta
Sabaragamuwa,Kegalle,Ruwanwella,Morawatta
Sabaragamuwa,Kegalle,Ruwanwella,Mahalla
Sabaragamuwa,Kegalle,Ruwanwella,Gonagala North
Sabaragamuwa,Kegalle,Ruwanwella,Indurana
Sabaragamuwa,Kegalle,Ruwanwella,Puranpotta
Sabaragamuwa,Kegalle,Ruwanwella,Batuvita
Sabaragamuwa,Kegalle,Ruwanwella,Amithirigala North
Sabaragamuwa,Kegalle,Ruwanwella,Amithirigala South
Sabaragamuwa,Kegalle,Ruwanwella,Gonagala West
Sabaragamuwa,Kegalle,Ruwanwella,Mapitigama
Sabaragamuwa,Kegalle,Ruwanwella,Moraliya
Sabaragamuwa,Kegalle,Ruwanwella,Ruwanwella
Sabaragamuwa,Kegalle,Ruwanwella,Wendala
Sabaragamuwa,Kegalle,Ruwanwella,Mahadeniya
Sabaragamuwa,Kegalle,Ruwanwella,Udakanugala
Sabaragamuwa,Kegalle,Ruwanwella,Palle Kanugala
Sabaragamuwa,Kegalle,Ruwanwella,Medagoda
Sabaragamuwa,Kegalle,Bulathkohupitiya,Kanangamuwa
Sabaragamuwa,Kegalle,Bulathkohupitiya,Getiyamulla
Sabaragamuwa,Kegalle,Bulathkohupitiya,Higgoda
Sabaragamuwa,Kegalle,Bulathkohupitiya,Puspane
Sabaragamuwa,Kegalle,Bulathkohupitiya,Kabagamuwa
Sabaragamuwa,Kegalle,Bulathkohupitiya,Alawathura
Sabaragamuwa,Kegalle,Bulathkohupitiya,Ambuwakka
Sabaragamuwa,Kegalle,Bulathkohupitiya,Haloluwa
Sabaragamuwa,Kegalle,Bulathkohupitiya,Wegalla
Sabaragamuwa,Kegalle,Bulathkohupitiya,Lewala
Sabaragamuwa,Kegalle,Bulathkohupitiya,Bulathkohupitiya
Sabaragamuwa,Kegalle,Bulathkohupitiya,Rangalla
Sabaragamuwa,Kegalle,Bulathkohupitiya,Nevismiyar Ihala
Sabaragamuwa,Kegalle,Bulathkohupitiya,Uduwa
Sabaragamuwa,Kegalle,Bulathkohupitiya,Dedugala
Sabaragamuwa,Kegalle,Bulathkohupitiya,Pelempitiya
Sabaragamuwa,Kegalle,Bulathkohupitiya,Neluwakkana
Sabaragamuwa,Kegalle,Bulathkohupitiya,Udapotha
Sabaragamuwa,Kegalle,Bulathkohupitiya,Kendawa
Sabaragamuwa,Kegalle,Bulathkohupitiya,Narangala
Sabaragamuwa,Kegalle,Bulathkohupitiya,Urumeewala
Sabaragamuwa,Kegalle,Bulathkohupitiya,Punehela
Sabaragamuwa,Kegalle,Bulathkohupitiya,Panapitiya
Sabaragamuwa,Kegalle,Bulathkohupitiya,Ampagala
Sabaragamuwa,Kegalle,Bulathkohupitiya,Thelkumuduwala
Sabaragamuwa,Kegalle,Bulathkohupitiya,Kiriporuwa
Sabaragamuwa,Kegalle,Bulathkohupitiya,Ambamalla
Sabaragamuwa,Kegalle,Yatiyanthota,Mattamagoda
Sabaragamuwa,Kegalle,Yatiyanthota,Galpatha
Sabaragamuwa,Kegalle,Yatiyanthota,Kabulumulla
Sabaragamuwa,Kegalle,Yatiyanthota,Garagoda Pahala
Sabaragamuwa,Kegalle,Yatiyanthota,Garagoda Ihala
Sabaragamuwa,Kegalle,Yatiyanthota,Yatiyanthota
Sabaragamuwa,Kegalle,Yatiyanthota,Mahavila
Sabaragamuwa,Kegalle,Yatiyanthota,Parussella
Sabaragamuwa,Kegalle,Yatiyanthota,Jayavinda Gama
Sabaragamuwa,Kegalle,Yatiyanthota,Welihelathenna
Sabaragamuwa,Kegalle,Yatiyanthota,Malalpola
Sabaragamuwa,Kegalle,Yatiyanthota,Dombepola
Sabaragamuwa,Kegalle,Yatiyanthota,Amanawala
Sabaragamuwa,Kegalle,Yatiyanthota,Berannawa
Sabaragamuwa,Kegalle,Yatiyanthota,Seepoth
Sabaragamuwa,Kegalle,Yatiyanthota,Mahabage
Sabaragamuwa,Kegalle,Yatiyanthota,Dunukedeniya
Sabaragamuwa,Kegalle,Yatiyanthota,Malwatta
Sabaragamuwa,Kegalle,Yatiyanthota,Kirikohuthenna
Sabaragamuwa,Kegalle,Yatiyanthota,Neluwathukanda
Sabaragamuwa,Kegalle,Yatiyanthota,Polpitiya
Sabaragamuwa,Kegalle,Yatiyanthota,Weeragalla
Sabaragamuwa,Kegalle,Yatiyanthota,Nawata
Sabaragamuwa,Kegalle,Yatiyanthota,Meegasthenna
Sabaragamuwa,Kegalle,Yatiyanthota,Pelellegama
Sabaragamuwa,Kegalle,Yatiyanthota,Hakbellawaka
Sabaragamuwa,Kegalle,Yatiyanthota,Ganepalla
Sabaragamuwa,Kegalle,Yatiyanthota,Theligama
Sabaragamuwa,Kegalle,Yatiyanthota,Gonagamuwa
Sabaragamuwa,Kegalle,Yatiyanthota,Kithulgala North
Sabaragamuwa,Kegalle,Yatiyanthota,Kalukohuthenna
Sabaragamuwa,Kegalle,Yatiyanthota,Kithulgala South
Sabaragamuwa,Kegalle,Dehiovita,Kurupetta
Sabaragamuwa,Kegalle,Dehiovita,Daigala
Sabaragamuwa,Kegalle,Dehiovita,Eluwana
Sabaragamuwa,Kegalle,Dehiovita,Magammana
Sabaragamuwa,Kegalle,Dehiovita,Kanangama
Sabaragamuwa,Kegalle,Dehiovita,Walpola
Sabaragamuwa,Kegalle,Dehiovita,Boralankada
Sabaragamuwa,Kegalle,Dehiovita,Dikella
Sabaragamuwa,Kegalle,Dehiovita,Kahanavita
Sabaragamuwa,Kegalle,Dehiovita,Dehiovita
Sabaragamuwa,Kegalle,Dehiovita,Atulugamwela
Sabaragamuwa,Kegalle,Dehiovita,Atulugama
Sabaragamuwa,Kegalle,Dehiovita,Kelegama
Sabaragamuwa,Kegalle,Dehiovita,Napawala
Sabaragamuwa,Kegalle,Dehiovita,Uduvila
Sabaragamuwa,Kegalle,Dehiovita,Epalapitiya
Sabaragamuwa,Kegalle,Dehiovita,Pahala Thaldoowa
Sabaragamuwa,Kegalle,Dehiovita,Ihala Thaldoowa
Sabaragamuwa,Kegalle,Dehiovita,Debegama
Sabaragamuwa,Kegalle,Dehiovita,Thimbiripola
Sabaragamuwa,Kegalle,Dehiovita,Algoda
Sabaragamuwa,Kegalle,Dehiovita,Hinguralakanda East
Sabaragamuwa,Kegalle,Dehiovita,Batangala
Sabaragamuwa,Kegalle,Dehiovita,Viharakanda
Sabaragamuwa,Kegalle,Dehiovita,Galabalana Kanda
Sabaragamuwa,Kegalle,Dehiovita,Maniyangama
Sabaragamuwa,Kegalle,Dehiovita,Madola
Sabaragamuwa,Kegalle,Dehiovita,Welangalla
Sabaragamuwa,Kegalle,Dehiovita,Bomaluwa
Sabaragamuwa,Kegalle,Dehiovita,Rangegama
Sabaragamuwa,Kegalle,Dehiovita,Panawala
Sabaragamuwa,Kegalle,Dehiovita,Hinguralakanda West
Sabaragamuwa,Kegalle,Dehiovita,Pukunuwala
Sabaragamuwa,Kegalle,Dehiovita,Godagampala
Sabaragamuwa,Kegalle,Dehiovita,Ambalampitiya
Sabaragamuwa,Kegalle,Dehiovita,Madagammana
Sabaragamuwa,Kegalle,Dehiovita,Pannila
Sabaragamuwa,Kegalle,Dehiovita,Imbulpitiya
Sabaragamuwa,Kegalle,Dehiovita,Elavulla
Sabaragamuwa,Kegalle,Deraniyagala,Ballahela
Sabaragamuwa,Kegalle,Deraniyagala,Behenella
Sabaragamuwa,Kegalle,Deraniyagala,Nilwala
Sabaragamuwa,Kegalle,Deraniyagala,Dodawatta
Sabaragamuwa,Kegalle,Deraniyagala,Basnagala
Sabaragamuwa,Kegalle,Deraniyagala,Keerihena
Sabaragamuwa,Kegalle,Deraniyagala,Udabage
Sabaragamuwa,Kegalle,Deraniyagala,Wattegedara
Sabaragamuwa,Kegalle,Deraniyagala,Deraniyagala
Sabaragamuwa,Kegalle,Deraniyagala,Lassegama
Sabaragamuwa,Kegalle,Deraniyagala,Anhettigama
Sabaragamuwa,Kegalle,Deraniyagala,Panakoora
Sabaragamuwa,Kegalle,Deraniyagala,Pandaha
Sabaragamuwa,Kegalle,Deraniyagala,Polgaswatta
Sabaragamuwa,Kegalle,Deraniyagala,Maliboda
Sabaragamuwa,Kegalle,Deraniyagala,Poddenikanda
Sabaragamuwa,Kegalle,Deraniyagala,Nakkavita
Sabaragamuwa,Kegalle,Deraniyagala,Miyanavita
Sabaragamuwa,Kegalle,Deraniyagala,Deraniyagala South
Sabaragamuwa,Kegalle,Deraniyagala,Rasnakkanda
Sabaragamuwa,Kegalle,Deraniyagala,Udapola
Sabaragamuwa,Kegalle,Deraniyagala,Demeda
Sabaragamuwa,Kegalle,Deraniyagala,Kosgahakanda
Sabaragamuwa,Kegalle,Deraniyagala,Yatiwala
Sabaragamuwa,Kegalle,Deraniyagala,Magala
Sabaragamuwa,Kegalle,Deraniyagala,Dikellakanda
