Eastern,Batticaloa,Koralai Pattu North (Vaharai),Kathiraveli
Eastern,Batticaloa,Koralai Pattu North (Vaharai),Ammanthanaaveli
Eastern,Batticaloa,Koralai Pattu North (Vaharai),Puchchakkerni
Eastern,Batticaloa,Koralai Pattu North (Vaharai),Palchenai
Eastern,Batticaloa,Koralai Pattu North (Vaharai),Vakarai North
Eastern,Batticaloa,Koralai Pattu North (Vaharai),Ooriyankattu
Eastern,Batticaloa,Koralai Pattu North (Vaharai),Kaddumurivu
Eastern,Batticaloa,Koralai Pattu North (Vaharai),Vakarai Centrel
Eastern,Batticaloa,Koralai Pattu North (Vaharai),Panichchankerni
Eastern,Batticaloa,Koralai Pattu North (Vaharai),Mathurankernikulam
Eastern,Batticaloa,Koralai Pattu North (Vaharai),Punanai East
Eastern,Batticaloa,Koralai Pattu North (Vaharai),Kirmichai
Eastern,Batticaloa,Koralai Pattu North (Vaharai),Mankerny Central
Eastern,Batticaloa,Koralai Pattu North (Vaharai),Mankerny South
Eastern,Batticaloa,Koralai Pattu North (Vaharai),Kayankerny
Eastern,Batticaloa,Koralai Pattu North (Vaharai),Vattavan
Eastern,Batticaloa,Koralai Pattu Central,Punanai East
Eastern,Batticaloa,Koralai Pattu Central,Thiyavattavan
Eastern,Batticaloa,Koralai Pattu Central,Valaichchenai 5 Muslim
Eastern,Batticaloa,Koralai Pattu Central,Valaichchenai 4 Muslim
Eastern,Batticaloa,Koralai Pattu Central,Valaichchenai 5Muslim South
Eastern,Batticaloa,Koralai Pattu Central,Brynthuraichenai North
Eastern,Batticaloa,Koralai Pattu Central,Brynthuraichenai South
Eastern,Batticaloa,Koralai Pattu Central,Mavadichenai
Eastern,Batticaloa,Koralai Pattu Central,Chemmann Odai
Eastern,Batticaloa,Koralai Pattu West (Oddamavadi),Paper Town
Eastern,Batticaloa,Koralai Pattu West (Oddamavadi),Oddamavadi 01 North
Eastern,Batticaloa,Koralai Pattu West (Oddamavadi),Oddamavadi 01 South
Eastern,Batticaloa,Koralai Pattu West (Oddamavadi),Oddamavadi 02
Eastern,Batticaloa,Koralai Pattu West (Oddamavadi),Oddamavadi 03
Eastern,Batticaloa,Koralai Pattu West (Oddamavadi),Meeravodai Muslim West
Eastern,Batticaloa,Koralai Pattu West (Oddamavadi),Meeravodai Muslim East
Eastern,Batticaloa,Koralai Pattu West (Oddamavadi),Mancholai
Eastern,Batticaloa,Koralai Pattu (Valachchenai),Nasivanthivu
Eastern,Batticaloa,Koralai Pattu (Valachchenai),Valachchenai Tamil
Eastern,Batticaloa,Koralai Pattu (Valachchenai),Puthukudiyiruppu
Eastern,Batticaloa,Koralai Pattu (Valachchenai),Peththalai
Eastern,Batticaloa,Koralai Pattu (Valachchenai),Kalkuda
Eastern,Batticaloa,Koralai Pattu (Valachchenai),Kalmadu
Eastern,Batticaloa,Koralai Pattu (Valachchenai),Kannagipuram
Eastern,Batticaloa,Koralai Pattu (Valachchenai),Kumburumulai
Eastern,Batticaloa,Koralai Pattu (Valachchenai),Sungankerny
Eastern,Batticaloa,Koralai Pattu (Valachchenai),Kinnayadi
Eastern,Batticaloa,Koralai Pattu (Valachchenai),Karuwakerni
Eastern,Batticaloa,Koralai Pattu (Valachchenai),Meeravodai Tamil
Eastern,Batticaloa,Koralai Pattu South (Kiran),Punanai West
Eastern,Batticaloa,Koralai Pattu South (Kiran),Vahaneri
Eastern,Batticaloa,Koralai Pattu South (Kiran),Muruthanai
Eastern,Batticaloa,Koralai Pattu South (Kiran),Uthuchchenai
Eastern,Batticaloa,Koralai Pattu South (Kiran),Kallichchai
Eastern,Batticaloa,Koralai Pattu South (Kiran),Vadamunai
Eastern,Batticaloa,Koralai Pattu South (Kiran),Kudumpimalai
Eastern,Batticaloa,Koralai Pattu South (Kiran),Perillaveli
Eastern,Batticaloa,Koralai Pattu South (Kiran),Poolakadu
Eastern,Batticaloa,Koralai Pattu South (Kiran),Kiran East
Eastern,Batticaloa,Koralai Pattu South (Kiran),Kiran West
Eastern,Batticaloa,Koralai Pattu South (Kiran),Korakallimadu
Eastern,Batticaloa,Koralai Pattu South (Kiran),Santhiveli
Eastern,Batticaloa,Koralai Pattu South (Kiran),Palaiyadithona
Eastern,Batticaloa,Koralai Pattu South (Kiran),Thevapuram
Eastern,Batticaloa,Koralai Pattu South (Kiran),Murakkottanchenai
Eastern,Batticaloa,Koralai Pattu South (Kiran),Thihilivaddai
Eastern,Batticaloa,Koralai Pattu South (Kiran),Koraveli
Eastern,Batticaloa,Eravur Pattu,Sittandy 3
Eastern,Batticaloa,Eravur Pattu,Sittandy 2
Eastern,Batticaloa,Eravur Pattu,Sittandy 4
Eastern,Batticaloa,Eravur Pattu,Sittandy 1
Eastern,Batticaloa,Eravur Pattu,Mavadivembu 2
Eastern,Batticaloa,Eravur Pattu,Mavadivembu 1
Eastern,Batticaloa,Eravur Pattu,Kaluwankerny 1
Eastern,Batticaloa,Eravur Pattu,Kaluwankerny 2
Eastern,Batticaloa,Eravur Pattu,Thalavai
Eastern,Batticaloa,Eravur Pattu,Iyankerny Tamil
Eastern,Batticaloa,Eravur Pattu,Kommathurai North
Eastern,Batticaloa,Eravur Pattu,Palachcholai
Eastern,Batticaloa,Eravur Pattu,Vantharumoolai East
Eastern,Batticaloa,Eravur Pattu,Vantharumoolai West
Eastern,Batticaloa,Eravur Pattu,Iralkulam
Eastern,Batticaloa,Eravur Pattu,Mayilavaddavan
Eastern,Batticaloa,Eravur Pattu,Koduwamadu
Eastern,Batticaloa,Eravur Pattu,Kommathurai West
Eastern,Batticaloa,Eravur Pattu,Kommathurai East
Eastern,Batticaloa,Eravur Pattu,Chenkalady - 2
Eastern,Batticaloa,Eravur Pattu,Chenkalady 1
Eastern,Batticaloa,Eravur Pattu,Iyankerny Muslim
Eastern,Batticaloa,Eravur Pattu,Meerakerny
Eastern,Batticaloa,Eravur Pattu,Mich Nagar
Eastern,Batticaloa,Eravur Pattu,Savukkady
Eastern,Batticaloa,Eravur Pattu,Thannamunai
Eastern,Batticaloa,Eravur Pattu,Mylampavely
Eastern,Batticaloa,Eravur Pattu,Arumugathan Kudiyiruppu 2
Eastern,Batticaloa,Eravur Pattu,Arumugathan Kudiyiruppu 1
Eastern,Batticaloa,Eravur Pattu,Kumaraveliar Kiramam
Eastern,Batticaloa,Eravur Pattu,Pankudahvely
Eastern,Batticaloa,Eravur Pattu,Vepavedduwan
Eastern,Batticaloa,Eravur Pattu,Karadiyannaru
Eastern,Batticaloa,Eravur Pattu,Marappalam
Eastern,Batticaloa,Eravur Pattu,Kithulwewa
Eastern,Batticaloa,Eravur Pattu,Rugam
Eastern,Batticaloa,Eravur Pattu,Koppavely
Eastern,Batticaloa,Eravur Pattu,Periyapullumalai
Eastern,Batticaloa,Eravur Pattu,Gemunupura
Eastern,Batticaloa,Eravur Town,Ellainagar
Eastern,Batticaloa,Eravur Town,Eravur 04
Eastern,Batticaloa,Eravur Town,Eravur 03
Eastern,Batticaloa,Eravur Town,Eravur 03A
Eastern,Batticaloa,Eravur Town,Eravur 02
Eastern,Batticaloa,Eravur Town,Eravur 02B
Eastern,Batticaloa,Eravur Town,Eravur 02C
Eastern,Batticaloa,Eravur Town,Eravur 02A
Eastern,Batticaloa,Eravur Town,Eravur 01B
Eastern,Batticaloa,Eravur Town,Eravur 01
Eastern,Batticaloa,Eravur Town,Eravur 01A
Eastern,Batticaloa,Eravur Town,Eravur 06A
Eastern,Batticaloa,Eravur Town,Eravur 06D
Eastern,Batticaloa,Eravur Town,Eravur 06
Eastern,Batticaloa,Eravur Town,Eravur 05
Eastern,Batticaloa,Manmunai North,Palameen Madu
Eastern,Batticaloa,Manmunai North,Navalady
Eastern,Batticaloa,Manmunai North,Amirthakali
Eastern,Batticaloa,Manmunai North,Punnachcholai
Eastern,Batticaloa,Manmunai North,Thiraimadu
Eastern,Batticaloa,Manmunai North,Saththurukondan
Eastern,Batticaloa,Manmunai North,Panichalady
Eastern,Batticaloa,Manmunai North,Kokkuvil
Eastern,Batticaloa,Manmunai North,Sinna Oorani
Eastern,Batticaloa,Manmunai North,Jayanthipuram
Eastern,Batticaloa,Manmunai North,Karuvappankerny
Eastern,Batticaloa,Manmunai North,Mamangam
Eastern,Batticaloa,Manmunai North,Koolavadi
Eastern,Batticaloa,Manmunai North,Koolavadi East
Eastern,Batticaloa,Manmunai North,Thamaraikerny
Eastern,Batticaloa,Manmunai North,Periya Uppodai
Eastern,Batticaloa,Manmunai North,Dutch Bar
Eastern,Batticaloa,Manmunai North,Thissaveerasingam Sathukam
Eastern,Batticaloa,Manmunai North,Iruthayapuram East
Eastern,Batticaloa,Manmunai North,Iruthayapuram Central
Eastern,Batticaloa,Manmunai North,Iruthayapuram West
Eastern,Batticaloa,Manmunai North,Periya Oorani
Eastern,Batticaloa,Manmunai North,Gnasooriyam Sathukam
Eastern,Batticaloa,Manmunai North,Vettukkadu
Eastern,Batticaloa,Manmunai North,Barathipuram
Eastern,Batticaloa,Manmunai North,Thandavanveli
Eastern,Batticaloa,Manmunai North,Arasadi
Eastern,Batticaloa,Manmunai North,Koddamunai
Eastern,Batticaloa,Manmunai North,Kallady Mugathuvaram
Eastern,Batticaloa,Manmunai North,Thiruchendhoor
Eastern,Batticaloa,Manmunai North,Kallady
Eastern,Batticaloa,Manmunai North,Kallady Veloor
Eastern,Batticaloa,Manmunai North,Kallady Uppodai
Eastern,Batticaloa,Manmunai North,Puliyanthivu East
Eastern,Batticaloa,Manmunai North,Puliyanthivu Central
Eastern,Batticaloa,Manmunai North,Puliyanthivu West
Eastern,Batticaloa,Manmunai North,Puliyanthivu South
Eastern,Batticaloa,Manmunai North,Thiruperunthurai
Eastern,Batticaloa,Manmunai North,Puthunagar
Eastern,Batticaloa,Manmunai North,Seththukudah
Eastern,Batticaloa,Manmunai North,Veechikalmunai
Eastern,Batticaloa,Manmunai North,Thimilathivu
Eastern,Batticaloa,Manmunai North,Nochchimunai
Eastern,Batticaloa,Manmunai North,Navatkudah
Eastern,Batticaloa,Manmunai North,Navatkudah East
Eastern,Batticaloa,Manmunai North,Navatkudah South
Eastern,Batticaloa,Manmunai North,Manjanthoduvai North
Eastern,Batticaloa,Manmunai North,Manjanthoduvai South
Eastern,Batticaloa,Manmunai West,Narippulthoddam
Eastern,Batticaloa,Manmunai West,Mahilavedduvaan
Eastern,Batticaloa,Manmunai West,Karaveddi
Eastern,Batticaloa,Manmunai West,Vilavedduwan
Eastern,Batticaloa,Manmunai West,Naavatkaadu
Eastern,Batticaloa,Manmunai West,Eachchantivu
Eastern,Batticaloa,Manmunai West,Mankikaddu
Eastern,Batticaloa,Manmunai West,Vavunativu
Eastern,Batticaloa,Manmunai West,Ayithiyamalai South
Eastern,Batticaloa,Manmunai West,Ayithiyamalai North
Eastern,Batticaloa,Manmunai West,Nediyamadu
Eastern,Batticaloa,Manmunai West,Pavatkodichenai
Eastern,Batticaloa,Manmunai West,Kurinchaamunai
Eastern,Batticaloa,Manmunai West,Paruththichenai
Eastern,Batticaloa,Manmunai West,Kannankudah
Eastern,Batticaloa,Manmunai West,Mandapathadi
Eastern,Batticaloa,Manmunai West,Karaiyakkantivu
Eastern,Batticaloa,Manmunai West,Puthumandapaththadi
Eastern,Batticaloa,Manmunai West,Kaanthinagar
Eastern,Batticaloa,Manmunai West,Unnichchi
Eastern,Batticaloa,Manmunai West,Panchenai
Eastern,Batticaloa,Manmunai West,Iluppadichenai
Eastern,Batticaloa,Manmunai West,Koththiyapulai
Eastern,Batticaloa,Manmunai West,Kaanchirankudah
Eastern,Batticaloa,Kattankudy,Kattankudy Division 1
Eastern,Batticaloa,Kattankudy,Kattankudy Division 1 South
Eastern,Batticaloa,Kattankudy,Kattankudy Division 2
Eastern,Batticaloa,Kattankudy,Kattankudy Division 2 North
Eastern,Batticaloa,Kattankudy,New Kattankudy Division North
Eastern,Batticaloa,Kattankudy,New Kattankudy Division South
Eastern,Batticaloa,Kattankudy,Kattankudy Division 3 East
Eastern,Batticaloa,Kattankudy,Kattankudy Division 3
Eastern,Batticaloa,Kattankudy,Kattankudy Division 3 West
Eastern,Batticaloa,Kattankudy,Kattankudy Division 4 West
Eastern,Batticaloa,Kattankudy,Kattankudy Division 4
Eastern,Batticaloa,Kattankudy,Kattankudy Division 6
Eastern,Batticaloa,Kattankudy,New Kattankudy Division West
Eastern,Batticaloa,Kattankudy,New Kattankudy Division East
Eastern,Batticaloa,Kattankudy,Kattankudy Division 6 South
Eastern,Batticaloa,Kattankudy,Kattankudy Division 6 West
Eastern,Batticaloa,Kattankudy,Kattankudy Division 5
Eastern,Batticaloa,Kattankudy,Kattankudy Division 5 South
Eastern,Batticaloa,Manmunai Pattu (Araipattai),Kirankulam North
Eastern,Batticaloa,Manmunai Pattu (Araipattai),Kirankulam South
Eastern,Batticaloa,Manmunai Pattu (Araipattai),Kirankulam
Eastern,Batticaloa,Manmunai Pattu (Araipattai),Kirankulam Central
Eastern,Batticaloa,Manmunai Pattu (Araipattai),Puthukudiyiruppu
Eastern,Batticaloa,Manmunai Pattu (Araipattai),Puthukudiyiruppu South
Eastern,Batticaloa,Manmunai Pattu (Araipattai),Puthukudiyiruppu North
Eastern,Batticaloa,Manmunai Pattu (Araipattai),Palamunai
Eastern,Batticaloa,Manmunai Pattu (Araipattai),Thalankudah
Eastern,Batticaloa,Manmunai Pattu (Araipattai),Manmunai
Eastern,Batticaloa,Manmunai Pattu (Araipattai),Vedarkudiyiruppu
Eastern,Batticaloa,Manmunai Pattu (Araipattai),Mavilankanthurai
Eastern,Batticaloa,Manmunai Pattu (Araipattai),Kankeyanodai
Eastern,Batticaloa,Manmunai Pattu (Araipattai),Ollikulam
Eastern,Batticaloa,Manmunai Pattu (Araipattai),Kankeyanodai South
Eastern,Batticaloa,Manmunai Pattu (Araipattai),Araipattai 03
Eastern,Batticaloa,Manmunai Pattu (Araipattai),Rajadurai Kiramam
Eastern,Batticaloa,Manmunai Pattu (Araipattai),Araipattai South
Eastern,Batticaloa,Manmunai Pattu (Araipattai),Kovilkulam
Eastern,Batticaloa,Manmunai Pattu (Araipattai),Araipattai Central
Eastern,Batticaloa,Manmunai Pattu (Araipattai),Araipattai 02
Eastern,Batticaloa,Manmunai Pattu (Araipattai),Selvanagar
Eastern,Batticaloa,Manmunai Pattu (Araipattai),Selvanagar East
Eastern,Batticaloa,Manmunai Pattu (Araipattai),Araipattai East
Eastern,Batticaloa,Manmunai Pattu (Araipattai),Araipattai North
Eastern,Batticaloa,Manmunai Pattu (Araipattai),Araipattai 01
Eastern,Batticaloa,Manmunai Pattu (Araipattai),Araipattai West
Eastern,Batticaloa,Manmunai South-West,Munaikkadu West
Eastern,Batticaloa,Manmunai South-West,Munaikkadu North
Eastern,Batticaloa,Manmunai South-West,Munaikkadu East
Eastern,Batticaloa,Manmunai South-West,Muthalaikkudah West
Eastern,Batticaloa,Manmunai South-West,Muthalaikkudah
Eastern,Batticaloa,Manmunai South-West,Mahiladitivu
Eastern,Batticaloa,Manmunai South-West,Mahiladitivu South
Eastern,Batticaloa,Manmunai South-West,Kokkadichcholai
Eastern,Batticaloa,Manmunai South-West,Munaikkadu South
Eastern,Batticaloa,Manmunai South-West,Kokkadichcholai South
Eastern,Batticaloa,Manmunai South-West,Pandariyaveli
Eastern,Batticaloa,Manmunai South-West,Arasaditivu North
Eastern,Batticaloa,Manmunai South-West,Paddippalai
Eastern,Batticaloa,Manmunai South-West,Kuluvinamadu
Eastern,Batticaloa,Manmunai South-West,Arasaditivu
Eastern,Batticaloa,Manmunai South-West,Kadukkamunai
Eastern,Batticaloa,Manmunai South-West,Ampilanthurai North
Eastern,Batticaloa,Manmunai South-West,Ampilanthurai
Eastern,Batticaloa,Manmunai South-West,Ampilanthurai West
Eastern,Batticaloa,Manmunai South-West,Katchenai
Eastern,Batticaloa,Manmunai South-West,Mavadimunmaari
Eastern,Batticaloa,Manmunai South-West,Thanthamalai
Eastern,Batticaloa,Manmunai South-West,Kachchakodi
Eastern,Batticaloa,Manmunai South-West,Panichchiyadimunmari
Eastern,Batticaloa,Poratheevu Pattu,Selvapuram
Eastern,Batticaloa,Poratheevu Pattu,Vammiyadiyoottu
Eastern,Batticaloa,Poratheevu Pattu,Thumpankerni (Y.F.S.)
Eastern,Batticaloa,Poratheevu Pattu,Kalumunthanveli
Eastern,Batticaloa,Poratheevu Pattu,Ganthipuram
Eastern,Batticaloa,Poratheevu Pattu,Maavelkudah
Eastern,Batticaloa,Poratheevu Pattu,Vipulananthapuram
Eastern,Batticaloa,Poratheevu Pattu,Palugaamam I
Eastern,Batticaloa,Poratheevu Pattu,Palugaamam II
Eastern,Batticaloa,Poratheevu Pattu,Vanninagar
Eastern,Batticaloa,Poratheevu Pattu,Veeranchenai
Eastern,Batticaloa,Poratheevu Pattu,Thumpankerni
Eastern,Batticaloa,Poratheevu Pattu,Saravanayadiyoottu
Eastern,Batticaloa,Poratheevu Pattu,Thikkodai
Eastern,Batticaloa,Poratheevu Pattu,Navakirinagar
Eastern,Batticaloa,Poratheevu Pattu,Kannapuram
Eastern,Batticaloa,Poratheevu Pattu,Paalaiyadivaddai
Eastern,Batticaloa,Poratheevu Pattu,Nellikkadu
Eastern,Batticaloa,Poratheevu Pattu,Vivekananthapuram
Eastern,Batticaloa,Poratheevu Pattu,Vellaveli
Eastern,Batticaloa,Poratheevu Pattu,Punnakkulam
Eastern,Batticaloa,Poratheevu Pattu,Kovilporativu West
Eastern,Batticaloa,Poratheevu Pattu,Kovilporativu
Eastern,Batticaloa,Poratheevu Pattu,Munaitivu
Eastern,Batticaloa,Poratheevu Pattu,Paddaapuram
Eastern,Batticaloa,Poratheevu Pattu,Periyaporativu
Eastern,Batticaloa,Poratheevu Pattu,Kovilporativu South
Eastern,Batticaloa,Poratheevu Pattu,Mandur 1 and 2 South
Eastern,Batticaloa,Poratheevu Pattu,Mandur Koddaimunai
Eastern,Batticaloa,Poratheevu Pattu,Mandur 3
Eastern,Batticaloa,Poratheevu Pattu,Mandur 1 and 2 North
Eastern,Batticaloa,Poratheevu Pattu,Paalamunai
Eastern,Batticaloa,Poratheevu Pattu,Thambalawatta
Eastern,Batticaloa,Poratheevu Pattu,Ganeshapuram
Eastern,Batticaloa,Poratheevu Pattu,Sangarpuram
Eastern,Batticaloa,Poratheevu Pattu,Palachcholai
Eastern,Batticaloa,Poratheevu Pattu,Kaakkachchivaddai
Eastern,Batticaloa,Poratheevu Pattu,Kannapuram East
Eastern,Batticaloa,Poratheevu Pattu,Vilanthoddam
Eastern,Batticaloa,Poratheevu Pattu,Sinnawattai
Eastern,Batticaloa,Poratheevu Pattu,Maalaiyarkaddu
Eastern,Batticaloa,Poratheevu Pattu,Anaikaddiyaveli
Eastern,Batticaloa,Poratheevu Pattu,Raanamadu
Eastern,Batticaloa,Manmunai South & Eruvil Pattu,Kurukkalmadam North
Eastern,Batticaloa,Manmunai South & Eruvil Pattu,Kurukkalmadam South
Eastern,Batticaloa,Manmunai South & Eruvil Pattu,Cheddipalayam North
Eastern,Batticaloa,Manmunai South & Eruvil Pattu,Cheddipalayam South
Eastern,Batticaloa,Manmunai South & Eruvil Pattu,Mankadu
Eastern,Batticaloa,Manmunai South & Eruvil Pattu,Thottathivu North
Eastern,Batticaloa,Manmunai South & Eruvil Pattu,Thottathivu South
Eastern,Batticaloa,Manmunai South & Eruvil Pattu,Thottathivu South 2
Eastern,Batticaloa,Manmunai South & Eruvil Pattu,Thottathivu South 1
Eastern,Batticaloa,Manmunai South & Eruvil Pattu,Kaluthawalai 1
Eastern,Batticaloa,Manmunai South & Eruvil Pattu,Kaluthawalai Central
Eastern,Batticaloa,Manmunai South & Eruvil Pattu,Kaluthawalai 2
Eastern,Batticaloa,Manmunai South & Eruvil Pattu,Kaluthawalai 3
Eastern,Batticaloa,Manmunai South & Eruvil Pattu,Kaluthawalai 4
Eastern,Batticaloa,Manmunai South & Eruvil Pattu,Kaluthawalai 4 Santhipuram
Eastern,Batticaloa,Manmunai South & Eruvil Pattu,Kaluwanchikudy North 1
Eastern,Batticaloa,Manmunai South & Eruvil Pattu,Kaluwanchikudy North
Eastern,Batticaloa,Manmunai South & Eruvil Pattu,Paddiruppu
Eastern,Batticaloa,Manmunai South & Eruvil Pattu,Eruvil North
Eastern,Batticaloa,Manmunai South & Eruvil Pattu,Kaluwanchikudy South
Eastern,Batticaloa,Manmunai South & Eruvil Pattu,Onthachimadam North
Eastern,Batticaloa,Manmunai South & Eruvil Pattu,Eruvil East
Eastern,Batticaloa,Manmunai South & Eruvil Pattu,Eruvil South
Eastern,Batticaloa,Manmunai South & Eruvil Pattu,Kurumanvely 11 West
Eastern,Batticaloa,Manmunai South & Eruvil Pattu,Kurumanvely 11 East
Eastern,Batticaloa,Manmunai South & Eruvil Pattu,Kurumanvely 12
Eastern,Batticaloa,Manmunai South & Eruvil Pattu,Mahiloor West
Eastern,Batticaloa,Manmunai South & Eruvil Pattu,Mahiloor South West
Eastern,Batticaloa,Manmunai South & Eruvil Pattu,Mahiloor East
Eastern,Batticaloa,Manmunai South & Eruvil Pattu,Onthachimadam South
Eastern,Batticaloa,Manmunai South & Eruvil Pattu,Koddaikallar North
Eastern,Batticaloa,Manmunai South & Eruvil Pattu,Koddaikallar West
Eastern,Batticaloa,Manmunai South & Eruvil Pattu,Mahiloor Munai
Eastern,Batticaloa,Manmunai South & Eruvil Pattu,Koddaikallar East
Eastern,Batticaloa,Manmunai South & Eruvil Pattu,Koddaikallar South
Eastern,Batticaloa,Manmunai South & Eruvil Pattu,Periyakallar 1
Eastern,Batticaloa,Manmunai South & Eruvil Pattu,Periyakallar 1 South
Eastern,Batticaloa,Manmunai South & Eruvil Pattu,Periyakallar 2 West
Eastern,Batticaloa,Manmunai South & Eruvil Pattu,Periyakallar 2
Eastern,Batticaloa,Manmunai South & Eruvil Pattu,Periyakallar 3 South
Eastern,Batticaloa,Manmunai South & Eruvil Pattu,Periyakallar 3
Eastern,Batticaloa,Manmunai South & Eruvil Pattu,Thuraineelavanai North
Eastern,Batticaloa,Manmunai South & Eruvil Pattu,Thuraineelavanai North 1
Eastern,Batticaloa,Manmunai South & Eruvil Pattu,Thuraineelavanai South
Eastern,Batticaloa,Manmunai South & Eruvil Pattu,Thuraineelavanai South 1
Eastern,Ampara,Dehiattakandiya,Rideela
Eastern,Ampara,Dehiattakandiya,Bakmeedeniya
Eastern,Ampara,Dehiattakandiya,Dehiattakandiya
Eastern,Ampara,Dehiattakandiya,Kadirapura
Eastern,Ampara,Dehiattakandiya,Mawanagama
Eastern,Ampara,Dehiattakandiya,Lihiniyagama
Eastern,Ampara,Dehiattakandiya,Serupitiya
Eastern,Ampara,Dehiattakandiya,Sadamadulla
Eastern,Ampara,Dehiattakandiya,Sandunpura
Eastern,Ampara,Dehiattakandiya,Paranagama
Eastern,Ampara,Dehiattakandiya,Ihalagama
Eastern,Ampara,Dehiattakandiya,Nawa Medagama
Eastern,Ampara,Dehiattakandiya,Wewmedagama
Eastern,Ampara,Padiyathalawa,Galode
Eastern,Ampara,Padiyathalawa,Palathuruwella
Eastern,Ampara,Padiyathalawa,Pulungasmulla
Eastern,Ampara,Padiyathalawa,Serankada
Eastern,Ampara,Padiyathalawa,Unapana
Eastern,Ampara,Padiyathalawa,Hagamwela
Eastern,Ampara,Padiyathalawa,Kirawana
Eastern,Ampara,Padiyathalawa,Padiyathalawa
Eastern,Ampara,Padiyathalawa,Thalapitaoya Left
Eastern,Ampara,Padiyathalawa,Saranagama
Eastern,Ampara,Padiyathalawa,Pallegama
Eastern,Ampara,Padiyathalawa,Moradeniya
Eastern,Ampara,Padiyathalawa,Thalapitaoya South
Eastern,Ampara,Padiyathalawa,Holike
Eastern,Ampara,Padiyathalawa,Kehelulla
Eastern,Ampara,Padiyathalawa,Miriswatta
Eastern,Ampara,Padiyathalawa,Kolamanthalawa
Eastern,Ampara,Padiyathalawa,Dorakumbura
Eastern,Ampara,Padiyathalawa,Marangala
Eastern,Ampara,Padiyathalawa,Komana
Eastern,Ampara,Mahaoya,Bogmuyaya
Eastern,Ampara,Mahaoya,Tempitiya
Eastern,Ampara,Mahaoya,Poolawala
Eastern,Ampara,Mahaoya,Bedirekka
Eastern,Ampara,Mahaoya,Unuwathura Bubula
Eastern,Ampara,Mahaoya,Iddapola
Eastern,Ampara,Mahaoya,Thepelpola
Eastern,Ampara,Mahaoya,Mahaoya
Eastern,Ampara,Mahaoya,Samagipura
Eastern,Ampara,Mahaoya,Borapola
Eastern,Ampara,Mahaoya,Kelavinna
Eastern,Ampara,Mahaoya,Dambadeniya
Eastern,Ampara,Mahaoya,Kekirihena
Eastern,Ampara,Mahaoya,Kudaharasgala
Eastern,Ampara,Mahaoya,Lahugala
Eastern,Ampara,Mahaoya,Pollebedda
Eastern,Ampara,Mahaoya,Aranthalawa
Eastern,Ampara,Uhana,Piyangala
Eastern,Ampara,Uhana,Nugelanda North
Eastern,Ampara,Uhana,Nugelanda South
Eastern,Ampara,Uhana,Bakkiella
Eastern,Ampara,Uhana,Rajagalathenna South
Eastern,Ampara,Uhana,Rajagalathenna North
Eastern,Ampara,Uhana,Gonagolla
Eastern,Ampara,Uhana,Galapitagala West
Eastern,Ampara,Uhana,Galapitagala East
Eastern,Ampara,Uhana,Kothmale
Eastern,Ampara,Uhana,Mayadunna
Eastern,Ampara,Uhana,Nawagiriyawa
Eastern,Ampara,Uhana,Bandaradoowa
Eastern,Ampara,Uhana,Lathugala
Eastern,Ampara,Uhana,Bokkabedda
Eastern,Ampara,Uhana,Kohombana
Eastern,Ampara,Uhana,Walagampura
Eastern,Ampara,Uhana,Verenketagoda
Eastern,Ampara,Uhana,Senagama North
Eastern,Ampara,Uhana,Senagama South
Eastern,Ampara,Uhana,Gonagala
Eastern,Ampara,Uhana,Veheragama East
Eastern,Ampara,Uhana,Veheragama West
Eastern,Ampara,Uhana,Gemunupura
Eastern,Ampara,Uhana,Siyambalawewa
Eastern,Ampara,Uhana,Rajagama North
Eastern,Ampara,Uhana,Rajagama South
Eastern,Ampara,Uhana,Suhadagama North
Eastern,Ampara,Uhana,Suhadagama South
Eastern,Ampara,Uhana,Kumarigama
Eastern,Ampara,Uhana,Komariya
Eastern,Ampara,Uhana,Udagirigama West
Eastern,Ampara,Uhana,Udagirigama East
Eastern,Ampara,Uhana,Galahitiyagoda
Eastern,Ampara,Uhana,Mahakandiya
Eastern,Ampara,Uhana,Kahatagasyaya
Eastern,Ampara,Uhana,Velikahagolla
Eastern,Ampara,Uhana,Dematamalpelessa
Eastern,Ampara,Uhana,Uhana
Eastern,Ampara,Uhana,Uhana Thissapura West
Eastern,Ampara,Uhana,Uhana Thissapura East
Eastern,Ampara,Uhana,Udayapura
Eastern,Ampara,Uhana,Sandanadapura
Eastern,Ampara,Uhana,Weeragoda North
Eastern,Ampara,Uhana,Weeragoda South
Eastern,Ampara,Uhana,Dadayanthalawa West
Eastern,Ampara,Uhana,Dadayanthalawa East
Eastern,Ampara,Uhana,Wijayapura East
Eastern,Ampara,Uhana,Wijayapura West
Eastern,Ampara,Uhana,Kumudugama
Eastern,Ampara,Uhana,Ruhunugama
Eastern,Ampara,Uhana,Buddhangala
Eastern,Ampara,Uhana,Palam Kandavura
Eastern,Ampara,Uhana,Himidurawa
Eastern,Ampara,Uhana,Abhayapura
Eastern,Ampara,Ampara,Dambethalawa
Eastern,Ampara,Ampara,Samapura
Eastern,Ampara,Ampara,Karangawa
Eastern,Ampara,Ampara,Gemunupura
Eastern,Ampara,Ampara,Thissapura
Eastern,Ampara,Ampara,Nawagampura
Eastern,Ampara,Ampara,Senanayakepura
Eastern,Ampara,Ampara,Jayawardhanapura
Eastern,Ampara,Ampara,Indrasarapura
Eastern,Ampara,Ampara,Mihindupura
Eastern,Ampara,Ampara,Saddhathissapura
Eastern,Ampara,Ampara,Kotavehera
Eastern,Ampara,Ampara,Paragahakele East
Eastern,Ampara,Ampara,Paragahakele West
Eastern,Ampara,Ampara,Ambagahawella
Eastern,Ampara,Ampara,Ambamalthalawa
Eastern,Ampara,Ampara,Namalthalawa
Eastern,Ampara,Ampara,Namal Oya (ii)
Eastern,Ampara,Ampara,Polwaga Janapadaya
Eastern,Ampara,Ampara,Wavinna North
Eastern,Ampara,Ampara,Wavinna South
Eastern,Ampara,Ampara,Namal Oya (i)
Eastern,Ampara,Navithanveli,Central Camp 01
Eastern,Ampara,Navithanveli,Central Camp 02
Eastern,Ampara,Navithanveli,Central Camp 03
Eastern,Ampara,Navithanveli,Central Camp 05
Eastern,Ampara,Navithanveli,Central Camp 06
Eastern,Ampara,Navithanveli,Central Camp 04
Eastern,Ampara,Navithanveli,Chalambaikerny 03
Eastern,Ampara,Navithanveli,Chalambaikerny 04
Eastern,Ampara,Navithanveli,Chalambaikerny 05
Eastern,Ampara,Navithanveli,Chalambaikerny 01
Eastern,Ampara,Navithanveli,Chalambaikerny 02
Eastern,Ampara,Navithanveli,Sorikalmunai 3
Eastern,Ampara,Navithanveli,Sorikalmunai 1
Eastern,Ampara,Navithanveli,Sorikalmunai 2
Eastern,Ampara,Navithanveli,Chavalakade
Eastern,Ampara,Navithanveli,Navithanveli 02
Eastern,Ampara,Navithanveli,Annamalai 03
Eastern,Ampara,Navithanveli,Annamalai 02
Eastern,Ampara,Navithanveli,Navithanveli 01
Eastern,Ampara,Navithanveli,Annamalai 01
Eastern,Ampara,Samanthurai,Veeramunai 04
Eastern,Ampara,Samanthurai,Sammanthurai 08
Eastern,Ampara,Sammanthurai,Sammanthurai 06
Eastern,Ampara,Sammanthurai,Sammanthurai Tamil Division 01
Eastern,Ampara,Sammanthurai,Sammanthurai Tamil Division 04
Eastern,Ampara,Sammanthurai,Sammanthurai Tamil Division 02
Eastern,Ampara,Sammanthurai,Sammanthurai 01
Eastern,Ampara,Sammanthurai,Sammanthurai 02
Eastern,Ampara,Sammanthurai,Sammanthurai 05
Eastern,Ampara,Sammanthurai,Karuwaddukal 01
Eastern,Ampara,Sammanthurai,Karuwaddukal 03
Eastern,Ampara,Sammanthurai,Karuwaddukal 02
Eastern,Ampara,Sammanthurai,Sammanthurai 11
Eastern,Ampara,Sammanthurai,Sammanthurai 10
Eastern,Ampara,Sammanthurai,Sammanthurai 09
Eastern,Ampara,Sammanthurai,Sammanthurai 07
Eastern,Ampara,Sammanthurai,Sammanthurai 04
Eastern,Ampara,Sammanthurai,Sammanthurai Tamil Division 03
Eastern,Ampara,Sammanthurai,Maddakalaputharavai 02
Eastern,Ampara,Sammanthurai,Maddakalaputharavai 01
Eastern,Ampara,Sammanthurai,Sammanthurai 03
Eastern,Ampara,Sammanthurai,Veeramunai 03
Eastern,Ampara,Sammanthurai,Veeramunai 02
Eastern,Ampara,Sammanthurai,Veeramunai 01
Eastern,Ampara,Sammanthurai,Sammanthurai 12
Eastern,Ampara,Sammanthurai,Malwatte 02
Eastern,Ampara,Sammanthurai,Block 'J' East 01
Eastern,Ampara,Sammanthurai,Block 'J' West 02
Eastern,Ampara,Sammanthurai,Kallarichchel 02
Eastern,Ampara,Sammanthurai,Block 'J' West 01
Eastern,Ampara,Sammanthurai,Kallarichchel 03
Eastern,Ampara,Sammanthurai,Udanga 01
Eastern,Ampara,Sammanthurai,Udanga 02
Eastern,Ampara,Sammanthurai,Vilinayadi 01
Eastern,Ampara,Sammanthurai,Sennelgramam 01
Eastern,Ampara,Sammanthurai,Sennelgramam 02
Eastern,Ampara,Sammanthurai,Block 'J' East 03
Eastern,Ampara,Sammanthurai,Block 'J' East 02
Eastern,Ampara,Sammanthurai,Malayadikiramam 01
Eastern,Ampara,Sammanthurai,Malayadikiramam 03
Eastern,Ampara,Sammanthurai,Malwatte 03
Eastern,Ampara,Sammanthurai,Malwatte 01
Eastern,Ampara,Sammanthurai,Malkampiddy
Eastern,Ampara,Sammanthurai,Malayadikiramam 04
Eastern,Ampara,Sammanthurai,Malayadikiramam 02
Eastern,Ampara,Sammanthurai,Vilinayadi 02
Eastern,Ampara,Sammanthurai,Vilinayadi 03
Eastern,Ampara,Sammanthurai,Kallarichchel 01
Eastern,Ampara,Sammanthurai,Valathapitty 02
Eastern,Ampara,Sammanthurai,Valathapitty 01
Eastern,Ampara,Sammanthurai,Malwatte 04
Eastern,Ampara,Kalmunai Tamil Division,Periyaneelavanai 01B
Eastern,Ampara,Kalmunai Tamil Division,Periyaneelavanai 01A
Eastern,Ampara,Kalmunai Tamil Division,Periyaneelavanai 01
Eastern,Ampara,Kalmunai Tamil Division,Periyaneelavanai 02
Eastern,Ampara,Kalmunai Tamil Division,Chenaikudiyiruppu 01A
Eastern,Ampara,Kalmunai Tamil Division,Pandiruppu 01
Eastern,Ampara,Kalmunai Tamil Division,Pandiruppu 01B
Eastern,Ampara,Kalmunai Tamil Division,Pandiruppu 01C
Eastern,Ampara,Kalmunai Tamil Division,Pandiruppu 01A
Eastern,Ampara,Kalmunai Tamil Division,Pandiruppu 02
Eastern,Ampara,Kalmunai Tamil Division,Pandiruppu 02B
Eastern,Ampara,Kalmunai Tamil Division,Pandiruppu 02C
Eastern,Ampara,Kalmunai Tamil Division,Pandiruppu 02A
Eastern,Ampara,Kalmunai Tamil Division,Kalmunai 01D
Eastern,Ampara,Kalmunai Tamil Division,Kalmunai 01B
Eastern,Ampara,Kalmunai Tamil Division,Kalmunai 01A
Eastern,Ampara,Kalmunai Tamil Division,Kalmunai 01
Eastern,Ampara,Kalmunai Tamil Division,Natpiddimunai (T.P.) 03
Eastern,Ampara,Kalmunai Tamil Division,Natpiddimunai (T.P.) 02
Eastern,Ampara,Kalmunai Tamil Division,Natpiddimunai (T.P.) 01
Eastern,Ampara,Kalmunai Tamil Division,Chenaikudiyiruppu 01B
Eastern,Ampara,Kalmunai Tamil Division,Chenaikudiyiruppu 01
Eastern,Ampara,Kalmunai Tamil Division,Kalmunai 01C
Eastern,Ampara,Kalmunai Tamil Division,Kalmunai 01E
Eastern,Ampara,Kalmunai Tamil Division,Kalmunai 02B
Eastern,Ampara,Kalmunai Tamil Division,Kalmunai 02A
Eastern,Ampara,Kalmunai Tamil Division,Kalmunai 02
Eastern,Ampara,Kalmunai Tamil Division,Kalmunai 03
Eastern,Ampara,Kalmunai Tamil Division,Kalmunai 03A
Eastern,Ampara,Kalmunai,Periyaneelavanai Muslim Section 01
Eastern,Ampara,Kalmunai,Periyaneelavanai Muslim Section 02
Eastern,Ampara,Kalmunai,Maruthamunai 01
Eastern,Ampara,Kalmunai,Maruthamunai 02
Eastern,Ampara,Kalmunai,Maruthamunai 03
Eastern,Ampara,Kalmunai,Maruthamunai 04
Eastern,Ampara,Kalmunai,Maruthamunai 05
Eastern,Ampara,Kalmunai,Maruthamunai 06
Eastern,Ampara,Kalmunai,Natpiddimunai (M.P) 03
Eastern,Ampara,Kalmunai,Natpiddimunai (M.P) 02
Eastern,Ampara,Kalmunai,Natpiddimunai (M.P) 01
Eastern,Ampara,Kalmunai,Natpiddimunai (M.P) 05
Eastern,Ampara,Kalmunai,Natpiddimunai (M.P) 04
Eastern,Ampara,Kalmunai,Islamabad & Kalmunai Town
Eastern,Ampara,Kalmunai,Kalmunai Muslim Section
Eastern,Ampara,Kalmunai,Kalmunaikudi 01
Eastern,Ampara,Kalmunai,Kalmunaikudi 03
Eastern,Ampara,Kalmunai,Kalmunaikudi 02
Eastern,Ampara,Kalmunai,Kalmunaikudi 04
Eastern,Ampara,Kalmunai,Kalmunaikudi 05
Eastern,Ampara,Kalmunai,Kalmunaikudi 06
Eastern,Ampara,Kalmunai,Kalmunaikudi 08
Eastern,Ampara,Kalmunai,Kalmunaikudi 09
Eastern,Ampara,Kalmunai,Kalmunaikudi 07
Eastern,Ampara,Kalmunai,Kalmunaikudi 10
Eastern,Ampara,Kalmunai,Kalmunaikudi 11
Eastern,Ampara,Kalmunai,Kalmunaikudi 12
Eastern,Ampara,Kalmunai,Kalmunaikudi 13
Eastern,Ampara,Kalmunai,Kalmunaikudi 14
Eastern,Ampara,Sainthamarathu,Sainthamaruthu 1
Eastern,Ampara,Sainthamarathu,Sainthamaruthu 2
Eastern,Ampara,Sainthamarathu,Sainthamaruthu 3
Eastern,Ampara,Sainthamarathu,Sainthamaruthu 4
Eastern,Ampara,Sainthamarathu,Sainthamaruthu 5
Eastern,Ampara,Sainthamarathu,Sainthamaruthu 6
Eastern,Ampara,Sainthamarathu,Sainthamaruthu 7
Eastern,Ampara,Sainthamarathu,Sainthamaruthu 8
Eastern,Ampara,Sainthamarathu,Sainthamaruthu 9
Eastern,Ampara,Sainthamarathu,Sainthamaruthu 10
Eastern,Ampara,Sainthamarathu,Sainthamaruthu 11
Eastern,Ampara,Sainthamarathu,Sainthamaruthu 13
Eastern,Ampara,Sainthamarathu,Sainthamaruthu 12
Eastern,Ampara,Sainthamarathu,Sainthamaruthu 17
Eastern,Ampara,Sainthamarathu,Sainthamaruthu 14
Eastern,Ampara,Sainthamarathu,Sainthamaruthu 15
Eastern,Ampara,Sainthamarathu,Sainthamaruthu 16
Eastern,Ampara,Karaitheevu,Mavadipalli West
Eastern,Ampara,Karaitheevu,Mavadipalli East
Eastern,Ampara,Karaitheevu,Maligaikadu West
Eastern,Ampara,Karaitheevu,Maligaikadu Central
Eastern,Ampara,Karaitheevu,Maligaikadu East
Eastern,Ampara,Karaitheevu,Karaitheevu 03
Eastern,Ampara,Karaitheevu,Karaitheevu 02
Eastern,Ampara,Karaitheevu,Karaitheevu 01
Eastern,Ampara,Karaitheevu,Karaitheevu 06
Eastern,Ampara,Karaitheevu,Karaitheevu 05
Eastern,Ampara,Karaitheevu,Karaitheevu 04
Eastern,Ampara,Karaitheevu,Karaitheevu 08
Eastern,Ampara,Karaitheevu,Karaitheevu 07
Eastern,Ampara,Karaitheevu,Karaitheevu 10
Eastern,Ampara,Karaitheevu,Karaitheevu 09
Eastern,Ampara,Karaitheevu,Karaitheevu 11
Eastern,Ampara,Karaitheevu,Karaitheevu 12
Eastern,Ampara,Ninthavur,Ninthavur 24
Eastern,Ampara,Ninthavur,Ninthavur 11
Eastern,Ampara,Ninthavur,Ninthavur 12
Eastern,Ampara,Ninthavur,Ninthavur 01
Eastern,Ampara,Ninthavur,Ninthavur 02
Eastern,Ampara,Ninthavur,Ninthavur 13
Eastern,Ampara,Ninthavur,Ninthavur 14
Eastern,Ampara,Ninthavur,Ninthavur 15
Eastern,Ampara,Ninthavur,Ninthavur 03
Eastern,Ampara,Ninthavur,Ninthavur 04
Eastern,Ampara,Ninthavur,Ninthavur 16
Eastern,Ampara,Ninthavur,Ninthavur 17
Eastern,Ampara,Ninthavur,Ninthavur 18
Eastern,Ampara,Ninthavur,Ninthavur 05
Eastern,Ampara,Ninthavur,Ninthavur 06
Eastern,Ampara,Ninthavur,Ninthavur 19
Eastern,Ampara,Ninthavur,Ninthavur 25
Eastern,Ampara,Ninthavur,Ninthavur 20
Eastern,Ampara,Ninthavur,Ninthavur 07
Eastern,Ampara,Ninthavur,Ninthavur 08
Eastern,Ampara,Ninthavur,Ninthavur 21
Eastern,Ampara,Ninthavur,Ninthavur 22
Eastern,Ampara,Ninthavur,Ninthavur 09
Eastern,Ampara,Ninthavur,Ninthavur 10
Eastern,Ampara,Ninthavur,Ninthavur 23
Eastern,Ampara,Addalachchenai,Deeghawapiya 01
Eastern,Ampara,Addalachchenai,Oluvil 01
Eastern,Ampara,Addalachchenai,Oluvil 04
Eastern,Ampara,Addalachchenai,Oluvil 06
Eastern,Ampara,Addalachchenai,Oluvil 05
Eastern,Ampara,Addalachchenai,Oluvil 03
Eastern,Ampara,Addalachchenai,Oluvil 02
Eastern,Ampara,Addalachchenai,Palamuna 06
Eastern,Ampara,Addalachchenai,Oluvil 07
Eastern,Ampara,Addalachchenai,Palamuna 02
Eastern,Ampara,Addalachchenai,Palamuna 01
Eastern,Ampara,Addalachchenai,Palamuna 03
Eastern,Ampara,Addalachchenai,Palamuna 04
Eastern,Ampara,Addalachchenai,Palamuna 05
Eastern,Ampara,Addalachchenai,Addalachchenai 02
Eastern,Ampara,Addalachchenai,Addalachchenai 09
Eastern,Ampara,Addalachchenai,Addalachchenai 10
Eastern,Ampara,Addalachchenai,Addalachchenai 08
Eastern,Ampara,Addalachchenai,Addalachchenai 06
Eastern,Ampara,Addalachchenai,Addalachchenai 01
Eastern,Ampara,Addalachchenai,Addalachchenai 11
Eastern,Ampara,Addalachchenai,Addalachchenai 03
Eastern,Ampara,Addalachchenai,Addalachchenai 07
Eastern,Ampara,Addalachchenai,Addalachchenai 12
Eastern,Ampara,Addalachchenai,Addalachchenai 14
Eastern,Ampara,Addalachchenai,Addalachchenai 13
Eastern,Ampara,Addalachchenai,Addalachchenai 04
Eastern,Ampara,Addalachchenai,Addalachchenai 15
Eastern,Ampara,Addalachchenai,Addalachchenai 16
Eastern,Ampara,Addalachchenai,Addalachchenai 05
Eastern,Ampara,Addalachchenai,Addalachchenai 17
Eastern,Ampara,Addalachchenai,Deeghawapiya 02
Eastern,Ampara,Irakkamam,Irakkamam 07
Eastern,Ampara,Irakkamam,Varipathanchenai 01
Eastern,Ampara,Irakkamam,Irakkamam 02
Eastern,Ampara,Irakkamam,Irakkamam 08
Eastern,Ampara,Irakkamam,Irakkamam 09
Eastern,Ampara,Irakkamam,Irakkamam 06
Eastern,Ampara,Irakkamam,Irakkamam 01
Eastern,Ampara,Irakkamam,Irakkamam 03
Eastern,Ampara,Irakkamam,Varipathanchenai 03
Eastern,Ampara,Irakkamam,Irakkamam 05
Eastern,Ampara,Irakkamam,Irakkamam 04
Eastern,Ampara,Irakkamam,Varipathanchenai 02
Eastern,Ampara,Akkaraipattu,Alim Nagar
Eastern,Ampara,Akkaraipattu,Easankanichcheemai
Eastern,Ampara,Akkaraipattu,Pallikudiyiruppu 02
Eastern,Ampara,Akkaraipattu,Paddyadippiddy
Eastern,Ampara,Akkaraipattu,Akkaraipattu 06
Eastern,Ampara,Akkaraipattu,Akkaraipattu 05
Eastern,Ampara,Akkaraipattu,Akkaraipattu 04
Eastern,Ampara,Akkaraipattu,Akkaraipattu 16
Eastern,Ampara,Akkaraipattu,Akkaraipattu 15
Eastern,Ampara,Akkaraipattu,Akkaraipattu 14
Eastern,Ampara,Akkaraipattu,Akkaraipattu 13
Eastern,Ampara,Akkaraipattu,Akkaraipattu 12
Eastern,Ampara,Akkaraipattu,Akkaraipattu 11
Eastern,Ampara,Akkaraipattu,Akkaraipattu 01
Eastern,Ampara,Akkaraipattu,Town Division 03
Eastern,Ampara,Akkaraipattu,Akkaraipattu 10
Eastern,Ampara,Akkaraipattu,Town Division 02
Eastern,Ampara,Akkaraipattu,Akkaraipattu 02
Eastern,Ampara,Akkaraipattu,Akkaraipattu 03
Eastern,Ampara,Akkaraipattu,Akkaraipattu 17
Eastern,Ampara,Akkaraipattu,Akkaraipattu 18
Eastern,Ampara,Akkaraipattu,Akkaraipattu 20
Eastern,Ampara,Akkaraipattu,Akkaraipattu 21
Eastern,Ampara,Akkaraipattu,Pallikudiyiruppu 01
Eastern,Ampara,Akkaraipattu,Akkaraipattu 19
Eastern,Ampara,Akkaraipattu,Town Division 01
Eastern,Ampara,Akkaraipattu,Town Division 05
Eastern,Ampara,Akkaraipattu,Town Division 04
Eastern,Ampara,Alayadiwembu,Akkaraipattu 8/1
Eastern,Ampara,Alayadiwembu,Akkaraipattu 9
Eastern,Ampara,Alayadiwembu,Akkaraipattu 8/3
Eastern,Ampara,Alayadiwembu,Akkaraipattu 8/2
Eastern,Ampara,Alayadiwembu,Akkaraipattu 7/1
Eastern,Ampara,Alayadiwembu,Akkaraipattu 7/2
Eastern,Ampara,Alayadiwembu,Vachchikuda
Eastern,Ampara,Alayadiwembu,Kannahikiramam 01
Eastern,Ampara,Alayadiwembu,Aligambai
Eastern,Ampara,Alayadiwembu,Akkaraipattu 7/4
Eastern,Ampara,Alayadiwembu,Akkaraipattu 7/3
Eastern,Ampara,Alayadiwembu,Akkaraipattu 7
Eastern,Ampara,Alayadiwembu,Akkaraipattu 8
Eastern,Ampara,Alayadiwembu,Sinnamugathuwaram
Eastern,Ampara,Alayadiwembu,Kolavil 03
Eastern,Ampara,Alayadiwembu,Navatkadu
Eastern,Ampara,Alayadiwembu,Kolavil 02
Eastern,Ampara,Alayadiwembu,Kolavil 01
Eastern,Ampara,Alayadiwembu,Panankadu
Eastern,Ampara,Alayadiwembu,Sinna Panankadu
Eastern,Ampara,Alayadiwembu,Kannahikiramam 02
Eastern,Ampara,Alayadiwembu,Alayadivembu
Eastern,Ampara,Damana,Keenawatta
Eastern,Ampara,Damana,Muwangala
Eastern,Ampara,Damana,Galmaduwa
Eastern,Ampara,Damana,Uksiripura
Eastern,Ampara,Damana,Helagampura
Eastern,Ampara,Damana,Karalewa
Eastern,Ampara,Damana,Hingurana
Eastern,Ampara,Damana,Diviyagala
Eastern,Ampara,Damana,Padagoda
Eastern,Ampara,Damana,Pahalalanda
Eastern,Ampara,Damana,Hindakalugama
Eastern,Ampara,Damana,Kalugolla
Eastern,Ampara,Damana,Dewalahida
Eastern,Ampara,Damana,Koknahara
Eastern,Ampara,Damana,Moragahapallama
Eastern,Ampara,Damana,Damana
Eastern,Ampara,Damana,Alahena
Eastern,Ampara,Damana,Madawalalanda
Eastern,Ampara,Damana,Madana
Eastern,Ampara,Damana,Ekgaloya
Eastern,Ampara,Damana,Kethsirigama
Eastern,Ampara,Damana,Galkanda
Eastern,Ampara,Damana,Pallanoya
Eastern,Ampara,Damana,Kivulegama
Eastern,Ampara,Damana,Thimbirigolla
Eastern,Ampara,Damana,Ambalanoya
Eastern,Ampara,Damana,Veheragala
Eastern,Ampara,Damana,18A. Janapadaya
Eastern,Ampara,Damana,Thottama
Eastern,Ampara,Damana,Kumana
Eastern,Ampara,Damana,Wadinagala
Eastern,Ampara,Damana,Pannalgama
Eastern,Ampara,Damana,Bakmitiyawa
Eastern,Ampara,Thirukkovil,Thambiluvil 2
Eastern,Ampara,Thirukkovil,Thambiluvil 1
Eastern,Ampara,Thirukkovil,Thambiluvil 1 West
Eastern,Ampara,Thirukkovil,Thambiluvil 1 East
Eastern,Ampara,Thirukkovil,Thambiluvil 1 South
Eastern,Ampara,Thirukkovil,Sangamam
Eastern,Ampara,Thirukkovil,Thambiluvil 2 West
Eastern,Ampara,Thirukkovil,Thambiluvil 2 North
Eastern,Ampara,Thirukkovil,Thambiluvil 2 East
Eastern,Ampara,Thirukkovil,Thirukkovil 3
Eastern,Ampara,Thirukkovil,Thirukkovil 1
Eastern,Ampara,Thirukkovil,Thirukkovil 2
Eastern,Ampara,Thirukkovil,Vinayagapuram 4
Eastern,Ampara,Thirukkovil,Vinayagapuram 1
Eastern,Ampara,Thirukkovil,Vinayagapuram 2
Eastern,Ampara,Thirukkovil,Thirukkovil 4
Eastern,Ampara,Thirukkovil,Kanchirankuda
Eastern,Ampara,Thirukkovil,Kanchikudicharu
Eastern,Ampara,Thirukkovil,Vinayagapuram 3
Eastern,Ampara,Thirukkovil,Sangamangramam
Eastern,Ampara,Thirukkovil,Thandiyadi
Eastern,Ampara,Thirukkovil,Thangavelayudapuram
Eastern,Ampara,Pottuvil,Sangaman Kandy
Eastern,Ampara,Pottuvil,Sinna Ullai
Eastern,Ampara,Pottuvil,Sinna Puthukkudiyiruppu
Eastern,Ampara,Pottuvil,Victor Estate 2
Eastern,Ampara,Pottuvil,Vaddively
Eastern,Ampara,Pottuvil,Victor Estate 1
Eastern,Ampara,Pottuvil,Rasak Moulana Nagar
Eastern,Ampara,Pottuvil,Sarvodayapuram
Eastern,Ampara,Pottuvil,Pothuvil 02 / Unit 3
Eastern,Ampara,Pottuvil,Kundumadu
Eastern,Ampara,Pottuvil,Pothuvil 01 / Unit II
Eastern,Ampara,Pottuvil,Pakkiyawatta 2
Eastern,Ampara,Pottuvil,Pasarichchenai
Eastern,Ampara,Pottuvil,Pothuvil Town
Eastern,Ampara,Pottuvil,Pakkiyawatta 1
Eastern,Ampara,Pottuvil,Komarie 02
Eastern,Ampara,Pottuvil,Komarie 01
Eastern,Ampara,Pottuvil,Kalappukaddu
Eastern,Ampara,Pottuvil,Jalaldeen Square
Eastern,Ampara,Pottuvil,Hidayapuram 2
Eastern,Ampara,Pottuvil,Hidayapuram 1
Eastern,Ampara,Pottuvil,Kanagarkiramam
Eastern,Ampara,Pottuvil,Hijra Nagar
Eastern,Ampara,Pottuvil,Pothuvil 01 / Unit I
Eastern,Ampara,Pottuvil,Pothuvil 01 / Unit III
Eastern,Ampara,Pottuvil,Inspector Etham
Eastern,Ampara,Pottuvil,Pothuvil 02 / Unit 2
Eastern,Ampara,Lahugala,Kandahindagama
Eastern,Ampara,Lahugala,Hulannugee West
Eastern,Ampara,Lahugala,Hulannuge
Eastern,Ampara,Lahugala,Perani Lahugala
Eastern,Ampara,Lahugala,Lahugala
Eastern,Ampara,Lahugala,Dewalagoda
Eastern,Ampara,Lahugala,Pansalgoda
Eastern,Ampara,Lahugala,Panama West
Eastern,Ampara,Lahugala,Shasthrawela
Eastern,Ampara,Lahugala,Panama Central
Eastern,Ampara,Lahugala,Panama North
Eastern,Ampara,Lahugala,Panama South
Eastern,Trincomalee,Padavi Sri Pura,Seva Janapadaya
Eastern,Trincomalee,Padavi Sri Pura,Gemunupura
Eastern,Trincomalee,Padavi Sri Pura,Kavanthissapura
Eastern,Trincomalee,Padavi Sri Pura,Lassanagama
Eastern,Trincomalee,Padavi Sri Pura,Singhapura
Eastern,Trincomalee,Padavi Sri Pura,Parana Medawachchiya
Eastern,Trincomalee,Padavi Sri Pura,Samanpura
Eastern,Trincomalee,Padavi Sri Pura,Sri Thissapura
Eastern,Trincomalee,Padavi Sri Pura,Sri Pura
Eastern,Trincomalee,Padavi Sri Pura,Jayanthiwewa
Eastern,Trincomalee,Kuchchaveli,Thennaimaravady
Eastern,Trincomalee,Kuchchaveli,Pulmoddai Division No. 3
Eastern,Trincomalee,Kuchchaveli,Pulmoddai Division No. 2
Eastern,Trincomalee,Kuchchaveli,Pulmoddai Division No. 1
Eastern,Trincomalee,Kuchchaveli,Pulmoddai Division No. 4
Eastern,Trincomalee,Kuchchaveli,Thiriyai
Eastern,Trincomalee,Kuchchaveli,Senthoor
Eastern,Trincomalee,Kuchchaveli,"Kaddukulam
 Kaddukulam"
Eastern,Trincomalee,Kuchchaveli,Kallampattai
Eastern,Trincomalee,Kuchchaveli,Kuchchaveli
Eastern,Trincomalee,Kuchchaveli,Iranaikerni
Eastern,Trincomalee,Kuchchaveli,Veerancholai
Eastern,Trincomalee,Kuchchaveli,Jayanagar
Eastern,Trincomalee,Kuchchaveli,Cassimnagar
Eastern,Trincomalee,Kuchchaveli,Kumburupiddy South
Eastern,Trincomalee,Kuchchaveli,Kumburupiddy North
Eastern,Trincomalee,Kuchchaveli,Kumburupiddy East
Eastern,Trincomalee,Kuchchaveli,Nilaveli
Eastern,Trincomalee,Kuchchaveli,Irakkandy
Eastern,Trincomalee,Kuchchaveli,Gopalapuram
Eastern,Trincomalee,Kuchchaveli,Veloor
Eastern,Trincomalee,Kuchchaveli,Iqbalnagar
Eastern,Trincomalee,Kuchchaveli,Periyakulam
Eastern,Trincomalee,Kuchchaveli,Valayoothu
Eastern,Trincomalee,Gomarankadawala,Gomarankadawala
Eastern,Trincomalee,Gomarankadawala,Kalyanapura
Eastern,Trincomalee,Gomarankadawala,Galkadawala
Eastern,Trincomalee,Gomarankadawala,Pamburugaswewa
Eastern,Trincomalee,Gomarankadawala,Kandamalawa
Eastern,Trincomalee,Gomarankadawala,Madawachchiya
Eastern,Trincomalee,Gomarankadawala,Kivulakadawala
Eastern,Trincomalee,Gomarankadawala,Pulikandikulama
Eastern,Trincomalee,Gomarankadawala,Mailawewa
Eastern,Trincomalee,Gomarankadawala,Bakmeegama
Eastern,Trincomalee,Morawewa,Peniketiyawa
Eastern,Trincomalee,Morawewa,Mahadivulwewa Stage I
Eastern,Trincomalee,Morawewa,Mahadivulwewa Stage II
Eastern,Trincomalee,Morawewa,Nochchikulama
Eastern,Trincomalee,Morawewa,Morawewa South
Eastern,Trincomalee,Morawewa,Morawewa North
Eastern,Trincomalee,Morawewa,Awvainagar
Eastern,Trincomalee,Morawewa,Namalwatta
Eastern,Trincomalee,Morawewa,Kithuluthuwa
Eastern,Trincomalee,Morawewa,Pankulama
Eastern,Trincomalee,Trincomalee Town and Gravets,Wilgama
Eastern,Trincomalee,Trincomalee Town and Gravets,Welveri
Eastern,Trincomalee,Trincomalee Town and Gravets,Kanniya
Eastern,Trincomalee,Trincomalee Town and Gravets,Eluppaikulam
Eastern,Trincomalee,Trincomalee Town and Gravets,Sampalthivu
Eastern,Trincomalee,Trincomalee Town and Gravets,Salli
Eastern,Trincomalee,Trincomalee Town and Gravets,Uppuveli
Eastern,Trincomalee,Trincomalee Town and Gravets,Puliyankulam
Eastern,Trincomalee,Trincomalee Town and Gravets,Varothayanagar
Eastern,Trincomalee,Trincomalee Town and Gravets,Peeliyady
Eastern,Trincomalee,Trincomalee Town and Gravets,Mankaiyoottu
Eastern,Trincomalee,Trincomalee Town and Gravets,Andankulama
Eastern,Trincomalee,Trincomalee Town and Gravets,Singhapura
Eastern,Trincomalee,Trincomalee Town and Gravets,Kovilady
Eastern,Trincomalee,Trincomalee Town and Gravets,Palaiyoottu
Eastern,Trincomalee,Trincomalee Town and Gravets,Abayapura
Eastern,Trincomalee,Trincomalee Town and Gravets,Anpuvalipuram
Eastern,Trincomalee,Trincomalee Town and Gravets,Mihindupura
Eastern,Trincomalee,Trincomalee Town and Gravets,Selvanayahapuram
Eastern,Trincomalee,Trincomalee Town and Gravets,Jinnanagar
Eastern,Trincomalee,Trincomalee Town and Gravets,Murugapuri
Eastern,Trincomalee,Trincomalee Town and Gravets,Thirukadaloor
Eastern,Trincomalee,Trincomalee Town and Gravets,Pattanatheru
Eastern,Trincomalee,Trincomalee Town and Gravets,Peruntheru
Eastern,Trincomalee,Trincomalee Town and Gravets,Sivapuri
Eastern,Trincomalee,Trincomalee Town and Gravets,Linganagar
Eastern,Trincomalee,Trincomalee Town and Gravets,Mudcove
Eastern,Trincomalee,Trincomalee Town and Gravets,Poompuhar
Eastern,Trincomalee,Trincomalee Town and Gravets,Sumedhankarapura
Eastern,Trincomalee,Trincomalee Town and Gravets,Muththunagar
Eastern,Trincomalee,Trincomalee Town and Gravets,Kappalthurai
Eastern,Trincomalee,Trincomalee Town and Gravets,Kavaddikuda
Eastern,Trincomalee,Trincomalee Town and Gravets,Nachchikuda
Eastern,Trincomalee,Trincomalee Town and Gravets,Wellaimanal
Eastern,Trincomalee,Trincomalee Town and Gravets,Chaina Bay
Eastern,Trincomalee,Trincomalee Town and Gravets,Orr's Hill
Eastern,Trincomalee,Trincomalee Town and Gravets,Thillainagar
Eastern,Trincomalee,Trincomalee Town and Gravets,Arasadi
Eastern,Trincomalee,Trincomalee Town and Gravets,Manayaveli
Eastern,Trincomalee,Trincomalee Town and Gravets,Sonagavadi
Eastern,Trincomalee,Trincomalee Town and Gravets,Arunagirinagar
Eastern,Trincomalee,Trincomalee Town and Gravets,Villundy
Eastern,Trincomalee,Thambalagamuwa,Galmetiyawa North
Eastern,Trincomalee,Thambalagamuwa,Palampoddaru
Eastern,Trincomalee,Thambalagamuwa,Puthukudiyirippu
Eastern,Trincomalee,Thambalagamuwa,Porkuruni
Eastern,Trincomalee,Thambalagamuwa,Meeranagar
Eastern,Trincomalee,Thambalagamuwa,Siraj Nagar
Eastern,Trincomalee,Thambalagamuwa,Kovil Kudiyiruppu
Eastern,Trincomalee,Thambalagamuwa,Thambalagamuwa
Eastern,Trincomalee,Thambalagamuwa,Mollipothana North
Eastern,Trincomalee,Thambalagamuwa,Galmetiyawa South
Eastern,Trincomalee,Thambalagamuwa,Mollipothana
Eastern,Trincomalee,Thambalagamuwa,Mollipothana East
Eastern,Trincomalee,Kantale,Vendrasanpura Unit 16
Eastern,Trincomalee,Kantale,Ganthalawa Unit 12
Eastern,Trincomalee,Kantale,Ganthalawa Unit 11
Eastern,Trincomalee,Kantale,Wanela East
Eastern,Trincomalee,Kantale,Wanela West
Eastern,Trincomalee,Kantale,Pansalgodella
Eastern,Trincomalee,Kantale,Sooriyapura
Eastern,Trincomalee,Kantale,Jayanthipura
Eastern,Trincomalee,Kantale,Rajaela Unit 04
Eastern,Trincomalee,Kantale,Rajaela Unit 05
Eastern,Trincomalee,Kantale,Vendrasanpura Unit 15
Eastern,Trincomalee,Kantale,Vendrasanpura Unit 14
Eastern,Trincomalee,Kantale,Bhathiyagama
Eastern,Trincomalee,Kantale,Rajaela Unit 03
Eastern,Trincomalee,Kantale,Peraru Unit 02
Eastern,Trincomalee,Kantale,Peraru East
Eastern,Trincomalee,Kantale,Peraru West
Eastern,Trincomalee,Kantale,Kantale Town South
Eastern,Trincomalee,Kantale,Kantale Town
Eastern,Trincomalee,Kantale,Agbopura
Eastern,Trincomalee,Kantale,Batukachchiya
Eastern,Trincomalee,Kantale,Rajawewa
Eastern,Trincomalee,Kantale,Seenipura
Eastern,Trincomalee,Kinniya,Munaichenai
Eastern,Trincomalee,Kinniya,Maniarasankulam
Eastern,Trincomalee,Kinniya,Mancholai
Eastern,Trincomalee,Kinniya,Malinthurai
Eastern,Trincomalee,Kinniya,Majeed Nagar
Eastern,Trincomalee,Kinniya,Maharoof Gramam
Eastern,Trincomalee,Kinniya,Maharuf Nagar
Eastern,Trincomalee,Kinniya,Ayiliyady
Eastern,Trincomalee,Kinniya,Annal Nagar
Eastern,Trincomalee,Kinniya,Alankerny
Eastern,Trincomalee,Kinniya,Ehuthar Nagar
Eastern,Trincomalee,Kinniya,Echchanthivu
Eastern,Trincomalee,Kinniya,Kuddikarachchi
Eastern,Trincomalee,Kinniya,Kurinchakerny
Eastern,Trincomalee,Kinniya,Mancholaichenai
Eastern,Trincomalee,Kinniya,Nadoottu
Eastern,Trincomalee,Kinniya,Naduthivu
Eastern,Trincomalee,Kinniya,Periya Kinniya
Eastern,Trincomalee,Kinniya,Periyaththumunai
Eastern,Trincomalee,Kinniya,Poovarasanthivu
Eastern,Trincomalee,Kinniya,Kinniya
Eastern,Trincomalee,Kinniya,Idiman
Eastern,Trincomalee,Kinniya,Faizal Nagar
Eastern,Trincomalee,Kinniya,Kachchakodithivu
Eastern,Trincomalee,Kinniya,Kattaiaru
Eastern,Trincomalee,Kinniya,Kakamunai
Eastern,Trincomalee,Kinniya,Rahumaniya Nagar
Eastern,Trincomalee,Kinniya,Samavechchativu
Eastern,Trincomalee,Kinniya,Sinna Kinniya
Eastern,Trincomalee,Kinniya,Soorangal
Eastern,Trincomalee,Kinniya,Upparu
Eastern,Trincomalee,Muttur,Sampoor West
Eastern,Trincomalee,Muttur,Koonitivu
Eastern,Trincomalee,Muttur,Navarathnapuram
Eastern,Trincomalee,Muttur,Sampoor East
Eastern,Trincomalee,Muttur,Kadarkaraichenai
Eastern,Trincomalee,Muttur,Kaddaiparichchan North
Eastern,Trincomalee,Muttur,Thaqwa Nagar
Eastern,Trincomalee,Muttur,Muttur East
Eastern,Trincomalee,Muttur,Naduthivu
Eastern,Trincomalee,Muttur,Thaha Nagar
Eastern,Trincomalee,Muttur,Muttur Central
Eastern,Trincomalee,Muttur,Muttur West
Eastern,Trincomalee,Muttur,Ralkully
Eastern,Trincomalee,Muttur,Shaffi Nagar
Eastern,Trincomalee,Muttur,Periyapalam
Eastern,Trincomalee,Muttur,Jayanagar
Eastern,Trincomalee,Muttur,Alimnagar
Eastern,Trincomalee,Muttur,Anaichenai
Eastern,Trincomalee,Muttur,Neithal Nagar
Eastern,Trincomalee,Muttur,Palanagar
Eastern,Trincomalee,Muttur,Kaddaiparichchan South
Eastern,Trincomalee,Muttur,Pallikkudiyiruppu
Eastern,Trincomalee,Muttur,Chenaiyoor
Eastern,Trincomalee,Muttur,Paddalipuram
Eastern,Trincomalee,Muttur,Nalloor
Eastern,Trincomalee,Muttur,Iqbal Nagar
Eastern,Trincomalee,Muttur,Allainagar East
Eastern,Trincomalee,Muttur,Allainagar West
Eastern,Trincomalee,Muttur,Thoppur
Eastern,Trincomalee,Muttur,Palathoppur
Eastern,Trincomalee,Muttur,Jinna Nagar
Eastern,Trincomalee,Muttur,Iruthayapuram
Eastern,Trincomalee,Muttur,Peruveli
Eastern,Trincomalee,Muttur,Mallikaithivu
Eastern,Trincomalee,Muttur,Paddithidal
Eastern,Trincomalee,Muttur,Palathadichenai
Eastern,Trincomalee,Muttur,Jinna Nagar
Eastern,Trincomalee,Muttur,Assathnagar
Eastern,Trincomalee,Muttur,Barathipuram
Eastern,Trincomalee,Muttur,Kiliveddi
Eastern,Trincomalee,Muttur,Mengamam
Eastern,Trincomalee,Muttur,Kanguvely
Eastern,Trincomalee,Seruvila,Neelapola
Eastern,Trincomalee,Seruvila,Samagipura
Eastern,Trincomalee,Seruvila,Sivapuram
Eastern,Trincomalee,Seruvila,Dehiwatta
Eastern,Trincomalee,Seruvila,Thanganagar
Eastern,Trincomalee,Seruvila,Kavanthissapura
Eastern,Trincomalee,Seruvila,Seruvila
Eastern,Trincomalee,Seruvila,Navatkernikadu
Eastern,Trincomalee,Seruvila,Sumedhankarapura
Eastern,Trincomalee,Seruvila,Mahindapura
Eastern,Trincomalee,Seruvila,Serunuwara
Eastern,Trincomalee,Seruvila,Mahaweligama
Eastern,Trincomalee,Seruvila,Lingapuram
Eastern,Trincomalee,Seruvila,Ariyamankerni
Eastern,Trincomalee,Seruvila,Sirimangalapura
Eastern,Trincomalee,Seruvila,Somapura
Eastern,Trincomalee,Verugal (Eachchilampattu),Ilangaithurai
Eastern,Trincomalee,Verugal (Eachchilampattu),Ilangaithurai Mugathuvaram
Eastern,Trincomalee,Verugal (Eachchilampattu),Karukkamunai
Eastern,Trincomalee,Verugal (Eachchilampattu),Poonagar
Eastern,Trincomalee,Verugal (Eachchilampattu),Poomarathadichenai
Eastern,Trincomalee,Verugal (Eachchilampattu),Eachchilampathai
Eastern,Trincomalee,Verugal (Eachchilampattu),Verugal
Eastern,Trincomalee,Verugal (Eachchilampattu),Anaitheevu
Eastern,Trincomalee,Verugal (Eachchilampattu),Verugal Mugathuvaram
Eastern,Trincomalee,Verugal (Eachchilampattu),Uppooral
