Northern,Jaffna,Island North (Kayts),Analaitivu North
Northern,Jaffna,Island North (Kayts),Analaitivu South
Northern,Jaffna,Island North (Kayts),Eluvaitivu
Northern,Jaffna,Island North (Kayts),Paruthiyadaippu
Northern,Jaffna,Island North (Kayts),Kayts
Northern,Jaffna,Island North (Kayts),Karampon
Northern,Jaffna,Island North (Kayts),Karampon East
Northern,Jaffna,Island North (Kayts),Naranthanai North West
Northern,Jaffna,Island North (Kayts),Naranthanai North
Northern,Jaffna,Island North (Kayts),Naranthanai
Northern,Jaffna,Island North (Kayts),Naranthanai South
Northern,Jaffna,Island North (Kayts),Karampon South East
Northern,Jaffna,Island North (Kayts),Karampon West
Northern,Jaffna,Island North (Kayts),Puliyankoodal
Northern,Jaffna,Island North (Kayts),Suruvil
Northern,Jaffna,Karainagar,Karainagar North
Northern,Jaffna,Karainagar,Karainagar North East
Northern,Jaffna,Karainagar,Karainagar East
Northern,Jaffna,Karainagar,Karainagar Centre
Northern,Jaffna,Karainagar,Karainagar North West
Northern,Jaffna,Karainagar,Karainagar West
Northern,Jaffna,Karainagar,Karainagar South East
Northern,Jaffna,Karainagar,Karainagar South
Northern,Jaffna,Karainagar,Karainagar South West
Northern,Jaffna,Valikamam West (Chankanai),Vedducoddai East
Northern,Jaffna,Valikamam West (Chankanai),Vedducoddai North
Northern,Jaffna,Valikamam West (Chankanai),Sangarathai
Northern,Jaffna,Valikamam West (Chankanai),Arali West
Northern,Jaffna,Valikamam West (Chankanai),Arali Centre
Northern,Jaffna,Valikamam West (Chankanai),Arali South
Northern,Jaffna,Valikamam West (Chankanai),Arali East
Northern,Jaffna,Valikamam West (Chankanai),Arali North
Northern,Jaffna,Valikamam West (Chankanai),Vedducoddai South
Northern,Jaffna,Valikamam West (Chankanai),Vedducoddai South West (North)
Northern,Jaffna,Valikamam West (Chankanai),Vedducoddai West
Northern,Jaffna,Valikamam West (Chankanai),Tholpuram East
Northern,Jaffna,Valikamam West (Chankanai),Tholpuram West
Northern,Jaffna,Valikamam West (Chankanai),Ponnalai
Northern,Jaffna,Valikamam West (Chankanai),Moolai
Northern,Jaffna,Valikamam West (Chankanai),Chulipuram West
Northern,Jaffna,Valikamam West (Chankanai),Chulipuram Centre
Northern,Jaffna,Valikamam West (Chankanai),Chulipuram East
Northern,Jaffna,Valikamam West (Chankanai),Pannakam
Northern,Jaffna,Valikamam West (Chankanai),Pan√≠ippulam
Northern,Jaffna,Valikamam West (Chankanai),Siththankerni
Northern,Jaffna,Valikamam West (Chankanai),Chankanai East
Northern,Jaffna,Valikamam West (Chankanai),Chankanai West
Northern,Jaffna,Valikamam West (Chankanai),Chankanai South
Northern,Jaffna,Valikamam West (Chankanai),Chankanai Centre
Northern,Jaffna,Valikamam South -West (Sandilipay),Suthumalai North
Northern,Jaffna,Valikamam South -West (Sandilipay),Suthumalai South
Northern,Jaffna,Valikamam South -West (Sandilipay),Savatkaddu
Northern,Jaffna,Valikamam South -West (Sandilipay),Uyarappulam
Northern,Jaffna,Valikamam South -West (Sandilipay),Anaikoddai
Northern,Jaffna,Valikamam South -West (Sandilipay),Navali North
Northern,Jaffna,Valikamam South -West (Sandilipay),Navali East
Northern,Jaffna,Valikamam South -West (Sandilipay),Navali South
Northern,Jaffna,Valikamam South -West (Sandilipay),Manipay North
Northern,Jaffna,Valikamam South -West (Sandilipay),Manipay East
Northern,Jaffna,Valikamam South -West (Sandilipay),Manipay South
Northern,Jaffna,Valikamam South -West (Sandilipay),Manipay West
Northern,Jaffna,Valikamam South -West (Sandilipay),Sandilipay North
Northern,Jaffna,Valikamam South -West (Sandilipay),Sandilipay Centre
Northern,Jaffna,Valikamam South -West (Sandilipay),Sandilipay West
Northern,Jaffna,Valikamam South -West (Sandilipay),Masiapiddy
Northern,Jaffna,Valikamam South -West (Sandilipay),Vadaliadaippu
Northern,Jaffna,Valikamam South -West (Sandilipay),Pandatheruppu
Northern,Jaffna,Valikamam South -West (Sandilipay),Piranpattai
Northern,Jaffna,Valikamam South -West (Sandilipay),Sillalai North
Northern,Jaffna,Valikamam South -West (Sandilipay),Sillalai South
Northern,Jaffna,Valikamam South -West (Sandilipay),Mathagal East
Northern,Jaffna,Valikamam South -West (Sandilipay),Mathagal South
Northern,Jaffna,Valikamam South -West (Sandilipay),Mathagal West
Northern,Jaffna,Valikamam South -West (Sandilipay),Periyavillan
Northern,Jaffna,Valikamam South -West (Sandilipay),Mareesankoodal
Northern,Jaffna,Valikamam South -West (Sandilipay),Illavalai
Northern,Jaffna,Valikamam South -West (Sandilipay),Mullanai
Northern,Jaffna,Valikamam North,Mallakam South
Northern,Jaffna,Valikamam North,Mallakam Centre
Northern,Jaffna,Valikamam North,Mallakam North
Northern,Jaffna,Valikamam North,Alaveddy North
Northern,Jaffna,Valikamam North,Alaveddy Centre
Northern,Jaffna,Valikamam North,Alaveddy East
Northern,Jaffna,Valikamam North,Ganeswaram
Northern,Jaffna,Valikamam North,Alaveddy South
Northern,Jaffna,Valikamam North,Alaveddy West
Northern,Jaffna,Valikamam North,Ilavalai North
Northern,Jaffna,Valikamam North,Ilavalai North West
Northern,Jaffna,Valikamam North,Vithahapuram
Northern,Jaffna,Valikamam North,Pannalai
Northern,Jaffna,Valikamam North,Kollankalady
Northern,Jaffna,Valikamam North,Naguleswaram
Northern,Jaffna,Valikamam North,Tellippalai East
Northern,Jaffna,Valikamam North,Tellippalai
Northern,Jaffna,Valikamam North,Thurkkapuram
Northern,Jaffna,Valikamam North,Thanthai Chelvapuram
Northern,Jaffna,Valikamam North,Maviddapuram
Northern,Jaffna,Valikamam North,Maviddapuram South
Northern,Jaffna,Valikamam North,Kankesanthurai West
Northern,Jaffna,Valikamam North,Kankesanthurai Centre
Northern,Jaffna,Valikamam North,Kankesanthurai South
Northern,Jaffna,Valikamam North,Palai Veemankamam North
Northern,Jaffna,Valikamam North,Palai Veemankamam South
Northern,Jaffna,Valikamam North,Kadduvan
Northern,Jaffna,Valikamam North,Kadduvan West
Northern,Jaffna,Valikamam North,Thenmylai
Northern,Jaffna,Valikamam North,Varuthalaivilan
Northern,Jaffna,Valikamam North,Kurumpasiddy
Northern,Jaffna,Valikamam North,Kurumpasiddy East
Northern,Jaffna,Valikamam North,Vayavilan East
Northern,Jaffna,Valikamam North,Vayavilan West
Northern,Jaffna,Valikamam North,Myliddy North
Northern,Jaffna,Valikamam North,Thyiddy East
Northern,Jaffna,Valikamam North,Myliddyththurai South
Northern,Jaffna,Valikamam North,Thyiddy North
Northern,Jaffna,Valikamam North,Thyiddy South
Northern,Jaffna,Valikamam North,Myliddyththurai North
Northern,Jaffna,Valikamam North,Palaly South
Northern,Jaffna,Valikamam North,Palaly East
Northern,Jaffna,Valikamam North,Palaly North
Northern,Jaffna,Valikamam North,Palaly North West
Northern,Jaffna,Valikamam North,Palaly West
Northern,Jaffna,Valikamam South (Uduvil),Uduvil South West
Northern,Jaffna,Valikamam South (Uduvil),Uduvil South East
Northern,Jaffna,Valikamam South (Uduvil),Uduvil Centre
Northern,Jaffna,Valikamam South (Uduvil),Uduvil Centre North
Northern,Jaffna,Valikamam South (Uduvil),Uduvil North
Northern,Jaffna,Valikamam South (Uduvil),Sanguvely
Northern,Jaffna,Valikamam South (Uduvil),Inuvil South West
Northern,Jaffna,Valikamam South (Uduvil),Inuvil East
Northern,Jaffna,Valikamam South (Uduvil),Inuvil North East
Northern,Jaffna,Valikamam South (Uduvil),Inuvil West
Northern,Jaffna,Valikamam South (Uduvil),Thavady South
Northern,Jaffna,Valikamam South (Uduvil),Thavady East
Northern,Jaffna,Valikamam South (Uduvil),Thavady North
Northern,Jaffna,Valikamam South (Uduvil),Chunnakam Town North
Northern,Jaffna,Valikamam South (Uduvil),Chunnakam Town South
Northern,Jaffna,Valikamam South (Uduvil),Chunnakam Town East
Northern,Jaffna,Valikamam South (Uduvil),Chunnakam Town Centre
Northern,Jaffna,Valikamam South (Uduvil),Chunnakam Town West
Northern,Jaffna,Valikamam South (Uduvil),Kantharodai
Northern,Jaffna,Valikamam South (Uduvil),Erlalai West
Northern,Jaffna,Valikamam South (Uduvil),Erlalai South West
Northern,Jaffna,Valikamam South (Uduvil),Erlalai South
Northern,Jaffna,Valikamam South (Uduvil),Erlalai East
Northern,Jaffna,Valikamam South (Uduvil),Erlalai North
Northern,Jaffna,Valikamam South (Uduvil),Erlalai Centre
Northern,Jaffna,Valikamam South (Uduvil),Punnalaikadduvan South
Northern,Jaffna,Valikamam South (Uduvil),Punnalaikadduvan North
Northern,Jaffna,Valikamam South (Uduvil),Evenai
Northern,Jaffna,Valikamam South (Uduvil),Kuppilan South
Northern,Jaffna,Valikamam South (Uduvil),Kuppilan North
Northern,Jaffna,Valikamam East (Kopay),Irupalai South
Northern,Jaffna,Valikamam East (Kopay),Irupalai East
Northern,Jaffna,Valikamam East (Kopay),Kalviyankadu
Northern,Jaffna,Valikamam East (Kopay),Kopay South
Northern,Jaffna,Valikamam East (Kopay),Kopay Centre
Northern,Jaffna,Valikamam East (Kopay),Kopay North
Northern,Jaffna,Valikamam East (Kopay),Urumpirai West
Northern,Jaffna,Valikamam East (Kopay),Urumpirai North
Northern,Jaffna,Valikamam East (Kopay),Urumpirai South
Northern,Jaffna,Valikamam East (Kopay),Urumpirai East
Northern,Jaffna,Valikamam East (Kopay),Urelu
Northern,Jaffna,Valikamam East (Kopay),Neervely South
Northern,Jaffna,Valikamam East (Kopay),Neervely North
Northern,Jaffna,Valikamam East (Kopay),Neervely West
Northern,Jaffna,Valikamam East (Kopay),Sirupiddy East
Northern,Jaffna,Valikamam East (Kopay),Sirupiddy West
Northern,Jaffna,Valikamam East (Kopay),Puttur West
Northern,Jaffna,Valikamam East (Kopay),Puttur North
Northern,Jaffna,Valikamam East (Kopay),Nawatkiri
Northern,Jaffna,Valikamam East (Kopay),Avarangal East
Northern,Jaffna,Valikamam East (Kopay),Avarangal West
Northern,Jaffna,Valikamam East (Kopay),Puttur East
Northern,Jaffna,Valikamam East (Kopay),Atchelu
Northern,Jaffna,Valikamam East (Kopay),Vatharavattai
Northern,Jaffna,Valikamam East (Kopay),Pathameny
Northern,Jaffna,Valikamam East (Kopay),Thampalai-Kathiripay
Northern,Jaffna,Valikamam East (Kopay),Iddaikkadu
Northern,Jaffna,Valikamam East (Kopay),Valalai
Northern,Jaffna,Valikamam East (Kopay),Atchuvely North
Northern,Jaffna,Valikamam East (Kopay),Atchuvely South
Northern,Jaffna,Valikamam East (Kopay),Atchuvely West
Northern,Jaffna,Vadamarachchy South-west ( Karaveddy ),Karanavai South
Northern,Jaffna,Vadamarachchy South-west ( Karaveddy ),Karanavai West
Northern,Jaffna,Vadamarachchy South-west ( Karaveddy ),Karanavai
Northern,Jaffna,Vadamarachchy South-west ( Karaveddy ),Karanavai East
Northern,Jaffna,Vadamarachchy South-west ( Karaveddy ),Udupiddy
Northern,Jaffna,Vadamarachchy South-west ( Karaveddy ),Udupiddy North
Northern,Jaffna,Vadamarachchy South-west ( Karaveddy ),Udupiddy South
Northern,Jaffna,Vadamarachchy South-west ( Karaveddy ),Valvetty
Northern,Jaffna,Vadamarachchy South-west ( Karaveddy ),Valvetty Centre
Northern,Jaffna,Vadamarachchy South-west ( Karaveddy ),Samarabahu
Northern,Jaffna,Vadamarachchy South-west ( Karaveddy ),Imayanan
Northern,Jaffna,Vadamarachchy South-west ( Karaveddy ),Imayanan East
Northern,Jaffna,Vadamarachchy South-west ( Karaveddy ),Karanavai North
Northern,Jaffna,Vadamarachchy South-west ( Karaveddy ),Karanavai North West
Northern,Jaffna,Vadamarachchy South-west ( Karaveddy ),Karanavai Centre
Northern,Jaffna,Vadamarachchy South-west ( Karaveddy ),Karaveddy West
Northern,Jaffna,Vadamarachchy South-west ( Karaveddy ),Karaveddy North
Northern,Jaffna,Vadamarachchy South-west ( Karaveddy ),Karaveddy South
Northern,Jaffna,Vadamarachchy South-west ( Karaveddy ),Maththoni
Northern,Jaffna,Vadamarachchy South-west ( Karaveddy ),Karaveddy Centre
Northern,Jaffna,Vadamarachchy South-west ( Karaveddy ),Karaveddy East
Northern,Jaffna,Vadamarachchy South-west ( Karaveddy ),Kaddaively
Northern,Jaffna,Vadamarachchy South-west ( Karaveddy ),Thunnalai South
Northern,Jaffna,Vadamarachchy South-west ( Karaveddy ),Thunnalai East
Northern,Jaffna,Vadamarachchy South-west ( Karaveddy ),Thunnalai
Northern,Jaffna,Vadamarachchy South-west ( Karaveddy ),Thunnalai Centre
Northern,Jaffna,Vadamarachchy South-west ( Karaveddy ),Thunnalai West
Northern,Jaffna,Vadamarachchy South-west ( Karaveddy ),Nelliaddy North
Northern,Jaffna,Vadamarachchy South-west ( Karaveddy ),Nelliaddy
Northern,Jaffna,Vadamarachchy South-west ( Karaveddy ),Nelliaddy East
Northern,Jaffna,Vadamarachchy South-west ( Karaveddy ),Alvai
Northern,Jaffna,Vadamarachchy South-west ( Karaveddy ),Alvai South
Northern,Jaffna,Vadamarachchy South-west ( Karaveddy ),Alvai East
Northern,Jaffna,Vadamarachchy South-west ( Karaveddy ),Aththai
Northern,Jaffna,Vadamarachchy South-west ( Karaveddy ),Kapputhu
Northern,Jaffna,Vadamarachchy East,Manalkadu
Northern,Jaffna,Vadamarachchy East,Kudathanai
Northern,Jaffna,Vadamarachchy East,Kudathanai Karaiyoor
Northern,Jaffna,Vadamarachchy East,Potpathi
Northern,Jaffna,Vadamarachchy East,Ampan
Northern,Jaffna,Vadamarachchy East,Nagarkovil East
Northern,Jaffna,Vadamarachchy East,Nagarkovil West
Northern,Jaffna,Vadamarachchy East,Nagarkovil South
Northern,Jaffna,Vadamarachchy East,Chempiyanpattu North
Northern,Jaffna,Vadamarachchy East,Chempiyanpattu South
Northern,Jaffna,Vadamarachchy East,Maruthankarny
Northern,Jaffna,Vadamarachchy East,Vathirayan
Northern,Jaffna,Vadamarachchy East,Uduthurai
Northern,Jaffna,Vadamarachchy East,Aliyavalai
Northern,Jaffna,Vadamarachchy East,Vetilaikerny
Northern,Jaffna,Vadamarachchy East,Mulliyan
Northern,Jaffna,Vadamarachchy East,Pokkaruppu
Northern,Jaffna,Vadamarachchy East,Chundikulam
Northern,Jaffna,Vadamarachchy North (Pointpedro),Thondamanaru South
Northern,Jaffna,Vadamarachchy North (Pointpedro),Thondamanaru North
Northern,Jaffna,Vadamarachchy North (Pointpedro),Kerudavil South
Northern,Jaffna,Vadamarachchy North (Pointpedro),Kerudavil North
Northern,Jaffna,Vadamarachchy North (Pointpedro),Kerudavil East
Northern,Jaffna,Vadamarachchy North (Pointpedro),Valvettithurai North West
Northern,Jaffna,Vadamarachchy North (Pointpedro),Valvettithurai North Centre
Northern,Jaffna,Vadamarachchy North (Pointpedro),Valvettithurai North East
Northern,Jaffna,Vadamarachchy North (Pointpedro),Valvettithurai South West
Northern,Jaffna,Vadamarachchy North (Pointpedro),Valvettithurai South East
Northern,Jaffna,Vadamarachchy North (Pointpedro),Polikandy West
Northern,Jaffna,Vadamarachchy North (Pointpedro),Polikandy East
Northern,Jaffna,Vadamarachchy North (Pointpedro),Polikandy South
Northern,Jaffna,Vadamarachchy North (Pointpedro),Alvai West
Northern,Jaffna,Vadamarachchy North (Pointpedro),Alvai North West
Northern,Jaffna,Vadamarachchy North (Pointpedro),Alvai North Centre
Northern,Jaffna,Vadamarachchy North (Pointpedro),Viyaparimoolai
Northern,Jaffna,Vadamarachchy North (Pointpedro),Alvai North
Northern,Jaffna,Vadamarachchy North (Pointpedro),Point Pedro
Northern,Jaffna,Vadamarachchy North (Pointpedro),Point Pedro South
Northern,Jaffna,Vadamarachchy North (Pointpedro),Point Pedro East
Northern,Jaffna,Vadamarachchy North (Pointpedro),Thumpalai
Northern,Jaffna,Vadamarachchy North (Pointpedro),Thumpalai East
Northern,Jaffna,Vadamarachchy North (Pointpedro),Katkovalam
Northern,Jaffna,Vadamarachchy North (Pointpedro),Puloly North
Northern,Jaffna,Vadamarachchy North (Pointpedro),Puloly North East
Northern,Jaffna,Vadamarachchy North (Pointpedro),Puloly Centre
Northern,Jaffna,Vadamarachchy North (Pointpedro),Puloly West
Northern,Jaffna,Vadamarachchy North (Pointpedro),Puloly South West
Northern,Jaffna,Vadamarachchy North (Pointpedro),Puloly North West
Northern,Jaffna,Vadamarachchy North (Pointpedro),Puloly East
Northern,Jaffna,Vadamarachchy North (Pointpedro),Puloly South
Northern,Jaffna,Vadamarachchy North (Pointpedro),Manthikai
Northern,Jaffna,Vadamarachchy North (Pointpedro),Vallipuram
Northern,Jaffna,Vadamarachchy North (Pointpedro),Thunnalai North
Northern,Jaffna,Thenmarachchy (Chavakachcheri),Kaithady North
Northern,Jaffna,Thenmarachchy (Chavakachcheri),Kaithady East
Northern,Jaffna,Thenmarachchy (Chavakachcheri),Kaithady Centre
Northern,Jaffna,Thenmarachchy (Chavakachcheri),Kaithady South
Northern,Jaffna,Thenmarachchy (Chavakachcheri),Kaithady South East
Northern,Jaffna,Thenmarachchy (Chavakachcheri),Kaithady West
Northern,Jaffna,Thenmarachchy (Chavakachcheri),Navatkuli West
Northern,Jaffna,Thenmarachchy (Chavakachcheri),Navatkuli East
Northern,Jaffna,Thenmarachchy (Chavakachcheri),Kovilakandy
Northern,Jaffna,Thenmarachchy (Chavakachcheri),Kaithady Navatkuli
Northern,Jaffna,Thenmarachchy (Chavakachcheri),Maravanpulo
Northern,Jaffna,Thenmarachchy (Chavakachcheri),Thanankilappu
Northern,Jaffna,Thenmarachchy (Chavakachcheri),Chavakachcheri Town
Northern,Jaffna,Thenmarachchy (Chavakachcheri),Kovilkudyiruppu
Northern,Jaffna,Thenmarachchy (Chavakachcheri),Sangathanai
Northern,Jaffna,Thenmarachchy (Chavakachcheri),Chavakachcheri North
Northern,Jaffna,Thenmarachchy (Chavakachcheri),Manduvil
Northern,Jaffna,Thenmarachchy (Chavakachcheri),Kalvayal
Northern,Jaffna,Thenmarachchy (Chavakachcheri),Nunavil East
Northern,Jaffna,Thenmarachchy (Chavakachcheri),Nunavil Centre
Northern,Jaffna,Thenmarachchy (Chavakachcheri),Nunavil West
Northern,Jaffna,Thenmarachchy (Chavakachcheri),Kaithady Nunavil
Northern,Jaffna,Thenmarachchy (Chavakachcheri),Thenmadduvil
Northern,Jaffna,Thenmarachchy (Chavakachcheri),Madduvil Nunavil
Northern,Jaffna,Thenmarachchy (Chavakachcheri),Madduvil Centre
Northern,Jaffna,Thenmarachchy (Chavakachcheri),Madduvil North
Northern,Jaffna,Thenmarachchy (Chavakachcheri),Madduvil East
Northern,Jaffna,Thenmarachchy (Chavakachcheri),Chandrapuram
Northern,Jaffna,Thenmarachchy (Chavakachcheri),Sarasalai South
Northern,Jaffna,Thenmarachchy (Chavakachcheri),Sarasalai North
Northern,Jaffna,Thenmarachchy (Chavakachcheri),Meesalai North
Northern,Jaffna,Thenmarachchy (Chavakachcheri),Meesalai West
Northern,Jaffna,Thenmarachchy (Chavakachcheri),Ramavil
Northern,Jaffna,Thenmarachchy (Chavakachcheri),Meesalai North
Northern,Jaffna,Thenmarachchy (Chavakachcheri),Allarai
Northern,Jaffna,Thenmarachchy (Chavakachcheri),Vellampokkady
Northern,Jaffna,Thenmarachchy (Chavakachcheri),Kachchai
Northern,Jaffna,Thenmarachchy (Chavakachcheri),Palavi
Northern,Jaffna,Thenmarachchy (Chavakachcheri),Kodikamam North
Northern,Jaffna,Thenmarachchy (Chavakachcheri),Kodikamam Centre
Northern,Jaffna,Thenmarachchy (Chavakachcheri),Kodikamam South
Northern,Jaffna,Thenmarachchy (Chavakachcheri),Usan
Northern,Jaffna,Thenmarachchy (Chavakachcheri),Karampaham
Northern,Jaffna,Thenmarachchy (Chavakachcheri),Vidaththalpalai
Northern,Jaffna,Thenmarachchy (Chavakachcheri),Ketpeli
Northern,Jaffna,Thenmarachchy (Chavakachcheri),Eluthumadduval South
Northern,Jaffna,Thenmarachchy (Chavakachcheri),Eluthumadduval North
Northern,Jaffna,Thenmarachchy (Chavakachcheri),Mirusuvil North
Northern,Jaffna,Thenmarachchy (Chavakachcheri),Mirusuvil South
Northern,Jaffna,Thenmarachchy (Chavakachcheri),Kudamiyan
Northern,Jaffna,Thenmarachchy (Chavakachcheri),Navatkadu
Northern,Jaffna,Thenmarachchy (Chavakachcheri),Varani North
Northern,Jaffna,Thenmarachchy (Chavakachcheri),Maaseri
Northern,Jaffna,Thenmarachchy (Chavakachcheri),Iddaikurichchi
Northern,Jaffna,Thenmarachchy (Chavakachcheri),Karampaikurichchi
Northern,Jaffna,Thenmarachchy (Chavakachcheri),Varani-Iyattalai
Northern,Jaffna,Thenmarachchy (Chavakachcheri),Thavalai- Iyattalai
Northern,Jaffna,Thenmarachchy (Chavakachcheri),Manthuvil East
Northern,Jaffna,Thenmarachchy (Chavakachcheri),Manthuvil West
Northern,Jaffna,Thenmarachchy (Chavakachcheri),Manthuvil North
Northern,Jaffna,Nallur,Ariyalai South West
Northern,Jaffna,Nallur,Ariyalai East
Northern,Jaffna,Nallur,Ariyalai North West
Northern,Jaffna,Nallur,Ariyalai West (Centre)
Northern,Jaffna,Nallur,Ariyalai S. W. (East)
Northern,Jaffna,Nallur,Ariyalai Centre North
Northern,Jaffna,Nallur,Ariyalai Centre
Northern,Jaffna,Nallur,Ariyalai Centre South
Northern,Jaffna,Nallur,Iyanar Kovilady
Northern,Jaffna,Nallur,Vannarponnai N.W. (North)
Northern,Jaffna,Nallur,Vannarponnai N.W. (West)
Northern,Jaffna,Nallur,Vannarponnai N.E. (North)
Northern,Jaffna,Nallur,Neeraviyady
Northern,Jaffna,Nallur,Kantharmadam North West
Northern,Jaffna,Nallur,Kantharmadam North East
Northern,Jaffna,Nallur,Kantharmadam South West
Northern,Jaffna,Nallur,Kantharmadam South East
Northern,Jaffna,Nallur,Nallur North
Northern,Jaffna,Nallur,Nallur Irajathani
Northern,Jaffna,Nallur,Nallur South
Northern,Jaffna,Nallur,Sangiliyan Thoppu
Northern,Jaffna,Nallur,Thirunelvely West
Northern,Jaffna,Nallur,Thirunelvely Centre South
Northern,Jaffna,Nallur,Thirunelvely South East
Northern,Jaffna,Nallur,Thirunelvely North East
Northern,Jaffna,Nallur,Thirunelvely Centre North
Northern,Jaffna,Nallur,Kondavil North West
Northern,Jaffna,Nallur,Kondavil South West
Northern,Jaffna,Nallur,Kondavil Centre West
Northern,Jaffna,Nallur,Kondavil Centre East
Northern,Jaffna,Nallur,Kondavil North East
Northern,Jaffna,Nallur,Kondavil South East
Northern,Jaffna,Nallur,Kokuvil North East
Northern,Jaffna,Nallur,Kokuvil East
Northern,Jaffna,Nallur,Kokuvil South East
Northern,Jaffna,Nallur,Kokuvil North West
Northern,Jaffna,Nallur,Kokuvil West
Northern,Jaffna,Nallur,Kokuvil Centre East
Northern,Jaffna,Nallur,Kokuvil South West
Northern,Jaffna,Nallur,Kokuvil Centre (West)
Northern,Jaffna,Jaffna,Nedunkulam
Northern,Jaffna,Jaffna,Columbuthurai East
Northern,Jaffna,Jaffna,Columbuthurai West
Northern,Jaffna,Jaffna,Passaiyoor East
Northern,Jaffna,Jaffna,Passaiyoor West
Northern,Jaffna,Jaffna,Eachchamoddai
Northern,Jaffna,Jaffna,Thirunagar
Northern,Jaffna,Jaffna,Reclamation East
Northern,Jaffna,Jaffna,Reclamation West
Northern,Jaffna,Jaffna,Gurunagar East
Northern,Jaffna,Jaffna,Gurunagar West
Northern,Jaffna,Jaffna,Small Bazaar
Northern,Jaffna,Jaffna,Jaffna Town West
Northern,Jaffna,Jaffna,Jaffna Town East
Northern,Jaffna,Jaffna,Chundikuli South
Northern,Jaffna,Jaffna,Chundikuli North
Northern,Jaffna,Jaffna,Maruthady
Northern,Jaffna,Jaffna,Attiaddy
Northern,Jaffna,Jaffna,Sirambiady
Northern,Jaffna,Jaffna,Grand Bazaar
Northern,Jaffna,Jaffna,Fort
Northern,Jaffna,Jaffna,Vannarpannai
Northern,Jaffna,Jaffna,Koddady
Northern,Jaffna,Jaffna,Navanthurai South
Northern,Jaffna,Jaffna,Navanthurai North
Northern,Jaffna,Jaffna,Moor Street South
Northern,Jaffna,Jaffna,Moor Street North
Northern,Jaffna,Jaffna,New Moor Street
Northern,Jaffna,Island South (Velanai),Mandaitivu East
Northern,Jaffna,Island South (Velanai),Mandaitivu West
Northern,Jaffna,Island South (Velanai),Mandaitivu South
Northern,Jaffna,Island South (Velanai),Allaipiddy
Northern,Jaffna,Island South (Velanai),Mankumban
Northern,Jaffna,Island South (Velanai),Velanai North
Northern,Jaffna,Island South (Velanai),Velanai North East
Northern,Jaffna,Island South (Velanai),Velanai East
Northern,Jaffna,Island South (Velanai),Velanai South East
Northern,Jaffna,Island South (Velanai),Velanai East Centre
Northern,Jaffna,Island South (Velanai),Velanai South
Northern,Jaffna,Island South (Velanai),Velanai West Centre
Northern,Jaffna,Island South (Velanai),Velanai West
Northern,Jaffna,Island South (Velanai),Saravanai East
Northern,Jaffna,Island South (Velanai),Saravanai West
Northern,Jaffna,Island South (Velanai),Pungudutivu North East
Northern,Jaffna,Island South (Velanai),Pungudutivu East
Northern,Jaffna,Island South (Velanai),Pungudutivu South East
Northern,Jaffna,Island South (Velanai),Pungudutivu East South
Northern,Jaffna,Island South (Velanai),Pungudutivu South
Northern,Jaffna,Island South (Velanai),Pungudutivu North
Northern,Jaffna,Island South (Velanai),Pungudutivu Centre North
Northern,Jaffna,Island South (Velanai),Pungudutivu South West
Northern,Jaffna,Island South (Velanai),Pungudutivu Centre West
Northern,Jaffna,Island South (Velanai),Pungudutivu Centre East
Northern,Jaffna,Island South (Velanai),Pungudutivu North West
Northern,Jaffna,Island South (Velanai),Pungudutivu West
Northern,Jaffna,Island South (Velanai),Nainativu North
Northern,Jaffna,Island South (Velanai),Nainativu Centre
Northern,Jaffna,Island South (Velanai),Nainativu South
Northern,Jaffna,Delft,Delft West
Northern,Jaffna,Delft,Delft South
Northern,Jaffna,Delft,Delft Centre West
Northern,Jaffna,Delft,Delft Centre
Northern,Jaffna,Delft,Delft Centre East
Northern,Jaffna,Delft,Delft East
Northern,Mannar,Mannar Town,Talaimannar North
Northern,Mannar,Mannar Town,Talaimannar Pier West
Northern,Mannar,Mannar Town,Talaimannar Pier East
Northern,Mannar,Mannar Town,Talaimannar
Northern,Mannar,Mannar Town,Talaimannar South
Northern,Mannar,Mannar Town,Kaddukarankudiyiruppu
Northern,Mannar,Mannar Town,Thullukudiyiruppu
Northern,Mannar,Mannar Town,Pesalai South
Northern,Mannar,Mannar Town,Pesalai North
Northern,Mannar,Mannar Town,Pesalai West
Northern,Mannar,Mannar Town,Siruthoppu
Northern,Mannar,Mannar Town,Periyakarisal
Northern,Mannar,Mannar Town,Olaithoduwai
Northern,Mannar,Mannar Town,Puthukudiyiruppu
Northern,Mannar,Mannar Town,Erukkalampiddy West
Northern,Mannar,Mannar Town,Erukkalampiddy North
Northern,Mannar,Mannar Town,Erukkalampiddy East
Northern,Mannar,Mannar Town,Erukkalampiddy South
Northern,Mannar,Mannar Town,Erukkalampiddy Centre
Northern,Mannar,Mannar Town,Pallimunai East
Northern,Mannar,Mannar Town,Moor Street
Northern,Mannar,Mannar Town,Emil Nagar
Northern,Mannar,Mannar Town,Tharapuram East
Northern,Mannar,Mannar Town,Tharapuram West
Northern,Mannar,Mannar Town,Thoddaveli
Northern,Mannar,Mannar Town,Thalvupadu
Northern,Mannar,Mannar Town,Pattithoddam
Northern,Mannar,Mannar Town,Eluthur
Northern,Mannar,Mannar Town,South Bar
Northern,Mannar,Mannar Town,Savatkaddu
Northern,Mannar,Mannar Town,Sinnakadai
Northern,Mannar,Mannar Town,Uppukkulam North
Northern,Mannar,Mannar Town,Pallimunai West
Northern,Mannar,Mannar Town,Uppukkulam South
Northern,Mannar,Mannar Town,Periyakadai
Northern,Mannar,Mannar Town,Pettah
Northern,Mannar,Mannar Town,Panankaddukoddu West
Northern,Mannar,Mannar Town,Panankaddukoddu East
Northern,Mannar,Mannar Town,Periyanavatkulam
Northern,Mannar,Mannar Town,Thiriketheeswaram
Northern,Mannar,Mannar Town,Nagathalvu
Northern,Mannar,Mannar Town,Neelasenai
Northern,Mannar,Mannar Town,Mathoddam
Northern,Mannar,Mannar Town,Kallikaddaikkadu
Northern,Mannar,Mannar Town,Vannamoddai
Northern,Mannar,Mannar Town,Uyilankulam
Northern,Mannar,Mannar Town,Puthukkamam
Northern,Mannar,Mannar Town,Uyirtharayankulam
Northern,Mannar,Mannar Town,Parappankandal
Northern,Mannar,Manthai West,Thevanpiddy
Northern,Mannar,Manthai West,Vellankulam
Northern,Mannar,Manthai West,Pali Aru
Northern,Mannar,Manthai West,Anthoniyarpuram
Northern,Mannar,Manthai West,Illupaikadavai
Northern,Mannar,Manthai West,Kalliyadi
Northern,Mannar,Manthai West,Aththimoddai
Northern,Mannar,Manthai West,Koorai
Northern,Mannar,Manthai West,Periyamadhu East
Northern,Mannar,Manthai West,Periyamadhu West
Northern,Mannar,Manthai West,Kayanagar
Northern,Mannar,Manthai West,Pallamadhu
Northern,Mannar,Manthai West,Kovilkulam
Northern,Mannar,Manthai West,Vidathaltheevu North
Northern,Mannar,Manthai West,Vidathaltheevu West
Northern,Mannar,Manthai West,Vidathaltheevu Centre
Northern,Mannar,Manthai West,Vidathaltheevu East
Northern,Mannar,Manthai West,Papamoddai
Northern,Mannar,Manthai West,Parapukadanthan West
Northern,Mannar,Manthai West,Parapukadanthan East
Northern,Mannar,Manthai West,Kannady
Northern,Mannar,Manthai West,Minnukkan
Northern,Mannar,Manthai West,Maligaithidal
Northern,Mannar,Manthai West,Veddayarmurrippu
Northern,Mannar,Manthai West,Adampan
Northern,Mannar,Manthai West,Nedunkandal
Northern,Mannar,Manthai West,Karunkandal Vannakulam
Northern,Mannar,Manthai West,Alkaddiveli
Northern,Mannar,Manthai West,Andankulam
Northern,Mannar,Manthai West,Karunkandal
Northern,Mannar,Manthai West,Sornapuri
Northern,Mannar,Manthai West,Palikuli
Northern,Mannar,Manthai West,Kaththankulam
Northern,Mannar,Manthai West,Vaddakandal
Northern,Mannar,Manthai West,Palaiyadiputhukulam
Northern,Mannar,Manthai West,Palaiperumalkaddu
Northern,Mannar,Madhu,Palampiddy
Northern,Mannar,Madhu,Keerisuddan
Northern,Mannar,Madhu,Parasankulam
Northern,Mannar,Madhu,Vilathikulam
Northern,Mannar,Madhu,Kakkayankulam East
Northern,Mannar,Madhu,Kalmadu
Northern,Mannar,Madhu,Kakkayankulam West
Northern,Mannar,Madhu,Iranai-Ilupaikulam
Northern,Mannar,Madhu,Periya-Pandivirichchan East
Northern,Mannar,Madhu,Periya-Pandivirichchan West
Northern,Mannar,Madhu,Madhu
Northern,Mannar,Madhu,Maluvarayarkaddayadampan
Northern,Mannar,Madhu,Poomalarnthan
Northern,Mannar,Madhu,Thekkam
Northern,Mannar,Madhu,Pannavedduvan
Northern,Mannar,Madhu,Periyamurippu
Northern,Mannar,Madhu,Matha Kiramam
Northern,Mannar,Nanattan,Vankalai North
Northern,Mannar,Nanattan,Vankalai West
Northern,Mannar,Nanattan,Vankalai East
Northern,Mannar,Nanattan,Thomaspuri
Northern,Mannar,Nanattan,Naruvilikkulam
Northern,Mannar,Nanattan,Vanchiankulam
Northern,Mannar,Nanattan,Ilahadipiddy
Northern,Mannar,Nanattan,Ilanthamoddai
Northern,Mannar,Nanattan,Periyakaddaikadu
Northern,Mannar,Nanattan,Aththikkuli
Northern,Mannar,Nanattan,Kanchithalvu
Northern,Mannar,Nanattan,Chemmantheevu
Northern,Mannar,Nanattan,Murunkan
Northern,Mannar,Nanattan,Cheddiyar Mahankaddai Adampan
Northern,Mannar,Nanattan,Iraddaikkulam
Northern,Mannar,Nanattan,Chundikkuli
Northern,Mannar,Nanattan,Puttirarkandan
Northern,Mannar,Nanattan,Razoolputhuveli
Northern,Mannar,Nanattan,Nanaddan
Northern,Mannar,Nanattan,Umanagari
Northern,Mannar,Nanattan,Achchankulam
Northern,Mannar,Nanattan,Moddaikadai
Northern,Mannar,Nanattan,Rasamadhu
Northern,Mannar,Nanattan,Pallankoddai
Northern,Mannar,Nanattan,Valkaipattankandal
Northern,Mannar,Nanattan,Pontheevukandal
Northern,Mannar,Nanattan,Kalimoddai Puliyankulam
Northern,Mannar,Nanattan,Pariharikandal
Northern,Mannar,Nanattan,Sirukkandal
Northern,Mannar,Nanattan,Katkidanthakulam
Northern,Mannar,Nanattan,Issaimalaithalvu
Northern,Mannar,Musali,Arippu West
Northern,Mannar,Musali,Arippu East
Northern,Mannar,Musali,Methanveli
Northern,Mannar,Musali,Poonochchikulam
Northern,Mannar,Musali,Pandaraveli
Northern,Mannar,Musali,Sinnapullachchi Potkerni
Northern,Mannar,Musali,Periyapullachchi Potkerni
Northern,Mannar,Musali,Veppankulam
Northern,Mannar,Musali,Maruthamadhu
Northern,Mannar,Musali,Ahathimurippu
Northern,Mannar,Musali,Puthuveli
Northern,Mannar,Musali,Severiyarpuram
Northern,Mannar,Musali,Chilavathurai
Northern,Mannar,Musali,Kollankulam
Northern,Mannar,Musali,Kondachchi
Northern,Mannar,Musali,Kokkupadayan
Northern,Mannar,Musali,Palaikuli
Northern,Mannar,Musali,Karadikkuli
Northern,Mannar,Musali,Mullikkulam
Northern,Mannar,Musali,Marichchukkaddi
Northern,Vavuniya,Vavuniya North,Unchalkaddy
Northern,Vavuniya,Vavuniya North,Vedivaithakallu
Northern,Vavuniya,Vavuniya North,Maruthoddai
Northern,Vavuniya,Vavuniya North,Paddikudiyiruppu
Northern,Vavuniya,Vavuniya North,Katkulam
Northern,Vavuniya,Vavuniya North,Nedunkerny South
Northern,Vavuniya,Vavuniya North,Nedunkerny North
Northern,Vavuniya,Vavuniya North,Olumadu
Northern,Vavuniya,Vavuniya North,Mamadu
Northern,Vavuniya,Vavuniya North,Kulavisuddan
Northern,Vavuniya,Vavuniya North,Marailuppai
Northern,Vavuniya,Vavuniya North,Paranthan
Northern,Vavuniya,Vavuniya North,Anandar Pulliyankulam
Northern,Vavuniya,Vavuniya North,Sinnadampan
Northern,Vavuniya,Vavuniya North,Nainamadu
Northern,Vavuniya,Vavuniya North,Puliyankulam South
Northern,Vavuniya,Vavuniya North,Puliyankulam North
Northern,Vavuniya,Vavuniya North,Kanagarayankulam South
Northern,Vavuniya,Vavuniya North,Kanagarayankulam North
Northern,Vavuniya,Vavuniya North,Mannakulam
Northern,Vavuniya,Vavuniya South,Periya Ulukkulama
Northern,Vavuniya,Vavuniya South,Poomaduwa
Northern,Vavuniya,Vavuniya South,Rankethgama
Northern,Vavuniya,Vavuniya South,Maradanmaduwa
Northern,Vavuniya,Vavuniya South,"Pavakkulam South Bank, Track 07"
Northern,Vavuniya,Vavuniya South,Awaranthulawa
Northern,Vavuniya,Vavuniya South,"Acres 20,40,60"
Northern,Vavuniya,Vavuniya South,Acres 400
Northern,Vavuniya,Vavuniya South,Madukanda
Northern,Vavuniya,Vavuniya South,Eramperiyakulama
Northern,Vavuniya,Vavuniya South,Alagalla
Northern,Vavuniya,Vavuniya South,Avusathapitiya
Northern,Vavuniya,Vavuniya South,Kalukunnammaduwa
Northern,Vavuniya,Vavuniya South,Nedunkulam
Northern,Vavuniya,Vavuniya South,Mahamylankulama
Northern,Vavuniya,Vavuniya South,Mamaduwa
Northern,Vavuniya,Vavuniya South,Mahakachchikodiya
Northern,Vavuniya,Vavuniya South,Pudubulankulama
Northern,Vavuniya,Vavuniya South,Pirappanmaduwa
Northern,Vavuniya,Vavuniya South,Agbopura
Northern,Vavuniya,Vavuniya,Palamoddai
Northern,Vavuniya,Vavuniya,Maruthamadhu
Northern,Vavuniya,Vavuniya,Panrikkeithakulam
Northern,Vavuniya,Vavuniya,Arumuhathanputhukulam
Northern,Vavuniya,Vavuniya,Semamadhu
Northern,Vavuniya,Vavuniya,Maligai
Northern,Vavuniya,Vavuniya,Mahilankulam
Northern,Vavuniya,Vavuniya,Maruthankulam
Northern,Vavuniya,Vavuniya,Ilamaruthankulam
Northern,Vavuniya,Vavuniya,Kallikulam
Northern,Vavuniya,Vavuniya,Nochchimoddai
Northern,Vavuniya,Vavuniya,Paranaddakal
Northern,Vavuniya,Vavuniya,Puthukkulam
Northern,Vavuniya,Vavuniya,Marekkarampalai
Northern,Vavuniya,Vavuniya,Thandikulam
Northern,Vavuniya,Vavuniya,Maharambaikulam
Northern,Vavuniya,Vavuniya,Katharsinnakulam
Northern,Vavuniya,Vavuniya,Nelukkulam
Northern,Vavuniya,Vavuniya,Pattanichchi puliyankulam
Northern,Vavuniya,Vavuniya,Vavuniya Town
Northern,Vavuniya,Vavuniya,Omanthai
Northern,Vavuniya,Vavuniya,Salambaikkulam
Northern,Vavuniya,Vavuniya,Sasthirikoolankulam
Northern,Vavuniya,Vavuniya,Echchankulam
Northern,Vavuniya,Vavuniya,Kalmadu
Northern,Vavuniya,Vavuniya,Poovarasankulam
Northern,Vavuniya,Vavuniya,Sekkadipulavu
Northern,Vavuniya,Vavuniya,Pampaimadu
Northern,Vavuniya,Vavuniya,Rajendrankulam
Northern,Vavuniya,Vavuniya,Koomankulam
Northern,Vavuniya,Vavuniya,Kovilkulam
Northern,Vavuniya,Vavuniya,Velikulam
Northern,Vavuniya,Vavuniya,Moonrumurippu
Northern,Vavuniya,Vavuniya,Kandapuram
Northern,Vavuniya,Vavuniya,Thonikal
Northern,Vavuniya,Vavuniya,Samalankulam
Northern,Vavuniya,Vavuniya,Asikulam
Northern,Vavuniya,Vavuniya,Rambaikulam
Northern,Vavuniya,Vavuniya,Vairavapuliyankulam
Northern,Vavuniya,Vavuniya,Pandarikkulam
Northern,Vavuniya,Vavuniya,Vavuniya Town North
Northern,Vavuniya,Vavuniya,Velankulam
Northern,Vavuniya,Vengalacheddikulam,Andiyapuliyankulam
Northern,Vavuniya,Vengalacheddikulam,Periyathampanai
Northern,Vavuniya,Vengalacheddikulam,Periyakaddu
Northern,Vavuniya,Vengalacheddikulam,Kannaddy
Northern,Vavuniya,Vengalacheddikulam,Piramanalankulam
Northern,Vavuniya,Vengalacheddikulam,Sooduventhapulavu
Northern,Vavuniya,Vengalacheddikulam,Kurukkalputhukkulam
Northern,Vavuniya,Vengalacheddikulam,Kanthasamy Nagar
Northern,Vavuniya,Vengalacheddikulam,Unit 5. & 6 Pavatkulam
Northern,Vavuniya,Vengalacheddikulam,Unit 4. Pavatkulam
Northern,Vavuniya,Vengalacheddikulam,Unit 2. Pavatkulam
Northern,Vavuniya,Vengalacheddikulam,Muthaliyarkulam
Northern,Vavuniya,Vengalacheddikulam,Sinnasippikulam
Northern,Vavuniya,Vengalacheddikulam,Neriyakulam
Northern,Vavuniya,Vengalacheddikulam,Periyapuliyalankulam
Northern,Vavuniya,Vengalacheddikulam,Cheddikulam
Northern,Vavuniya,Vengalacheddikulam,Mugaththankulam
Northern,Vavuniya,Vengalacheddikulam,Unit 9. & 10 Pavatkulam
Northern,Vavuniya,Vengalacheddikulam,Kiristhavakulam
Northern,Vavuniya,Vengalacheddikulam,Kangankulam
Northern,Mullaitivu,Thunukkai,Alankulam
Northern,Mullaitivu,Thunukkai,Amaithipuram
Northern,Mullaitivu,Thunukkai,Ambalaperumalkulam
Northern,Mullaitivu,Thunukkai,Aninchiyankulam
Northern,Mullaitivu,Thunukkai,Barathinagar
Northern,Mullaitivu,Thunukkai,Iyankankulam
Northern,Mullaitivu,Thunukkai,Kalvilan
Northern,Mullaitivu,Thunukkai,Koddaikaddiyakulam
Northern,Mullaitivu,Thunukkai,Mallavi
Northern,Mullaitivu,Thunukkai,Palayamurikandy
Northern,Mullaitivu,Thunukkai,Pugalenthinagar
Northern,Mullaitivu,Thunukkai,Puththuvedduvan
Northern,Mullaitivu,Thunukkai,Thenniyankulam
Northern,Mullaitivu,Thunukkai,Therankandal
Northern,Mullaitivu,Thunukkai,Thirunagar
Northern,Mullaitivu,Thunukkai,Thunukkai
Northern,Mullaitivu,Thunukkai,Uyilankulam
Northern,Mullaitivu,Thunukkai,Yogapuram Centre
Northern,Mullaitivu,Thunukkai,Yogapuram East
Northern,Mullaitivu,Thunukkai,Yogapuram West
Northern,Mullaitivu,Manthai East,Ampalpuram
Northern,Mullaitivu,Manthai East,Karumpulliyan
Northern,Mullaitivu,Manthai East,Kollavilankulam
Northern,Mullaitivu,Manthai East,Moonrumurippu
Northern,Mullaitivu,Manthai East,Naddankandal
Northern,Mullaitivu,Manthai East,Oddaruththakulam
Northern,Mullaitivu,Manthai East,Palinagar
Northern,Mullaitivu,Manthai East,Pandiyankulam
Northern,Mullaitivu,Manthai East,Ponnagar/Kuttymulai
Northern,Mullaitivu,Manthai East,Poovarasankulam
Northern,Mullaitivu,Manthai East,Selvapuram
Northern,Mullaitivu,Manthai East,Siraddikulam
Northern,Mullaitivu,Manthai East,Sivapuram
Northern,Mullaitivu,Manthai East,Vannivilankulam
Northern,Mullaitivu,Manthai East,Vinayagapuram
Northern,Mullaitivu,Puthukkudiyiruppu,Anandapuram
Northern,Mullaitivu,Puthukkudiyiruppu,Iranaippalai
Northern,Mullaitivu,Puthukkudiyiruppu,Kombavil
Northern,Mullaitivu,Puthukkudiyiruppu,Mallikaithivu
Northern,Mullaitivu,Puthukkudiyiruppu,Manikkapuram
Northern,Mullaitivu,Puthukkudiyiruppu,Mannakandal
Northern,Mullaitivu,Puthukkudiyiruppu,Manthuvil
Northern,Mullaitivu,Puthukkudiyiruppu,Puthukkudiyiruppu East
Northern,Mullaitivu,Puthukkudiyiruppu,Puthukkudiyiruppu West
Northern,Mullaitivu,Puthukkudiyiruppu,Sivanagar
Northern,Mullaitivu,Puthukkudiyiruppu,Suthanthirapuram
Northern,Mullaitivu,Puthukkudiyiruppu,Theravil
Northern,Mullaitivu,Puthukkudiyiruppu,Thevipuram
Northern,Mullaitivu,Puthukkudiyiruppu,Udaiyarkaddu North
Northern,Mullaitivu,Puthukkudiyiruppu,Udayarkaddu South
Northern,Mullaitivu,Puthukkudiyiruppu,Vallipunam
Northern,Mullaitivu,Puthukkudiyiruppu,Valluvarpuram
Northern,Mullaitivu,Puthukkudiyiruppu,Visuvamadu East
Northern,Mullaitivu,Puthukkudiyiruppu,Visuvamadu West
Northern,Mullaitivu,Oddusuddan,Ampakamam
Northern,Mullaitivu,Oddusuddan,Ganeshapuram
Northern,Mullaitivu,Oddusuddan,Indupuram
Northern,Mullaitivu,Oddusuddan,Kanagarathinapuram
Northern,Mullaitivu,Oddusuddan,Karuvelankandal
Northern,Mullaitivu,Oddusuddan,Katchilaimadu
Northern,Mullaitivu,Oddusuddan,Kathaliyarsamlankulam
Northern,Mullaitivu,Oddusuddan,Koolamurippu
Northern,Mullaitivu,Oddusuddan,Manavalanpaddamurippu
Northern,Mullaitivu,Oddusuddan,Mankulam
Northern,Mullaitivu,Oddusuddan,Muththuiyankaddukulam
Northern,Mullaitivu,Oddusuddan,Muthuvinayaga Puram
Northern,Mullaitivu,Oddusuddan,Oddusuddan
Northern,Mullaitivu,Oddusuddan,Olumadu
Northern,Mullaitivu,Oddusuddan,Othiyamalai
Northern,Mullaitivu,Oddusuddan,Palampasi
Northern,Mullaitivu,Oddusuddan,Pandaravanni
Northern,Mullaitivu,Oddusuddan,Panikkankulam
Northern,Mullaitivu,Oddusuddan,Peraru
Northern,Mullaitivu,Oddusuddan,Periyaithimadu
Northern,Mullaitivu,Oddusuddan,Periyakulam
Northern,Mullaitivu,Oddusuddan,Puliyankulam
Northern,Mullaitivu,Oddusuddan,Thachchadampan
Northern,Mullaitivu,Oddusuddan,Thanduvan
Northern,Mullaitivu,Oddusuddan,Thaddayarmalai
Northern,Mullaitivu,Oddusuddan,Thirumurukandi
Northern,Mullaitivu,Oddusuddan,Vithyapuram
Northern,Mullaitivu,Maritimepattu,Alampil North
Northern,Mullaitivu,Maritimepattu,Alampil South
Northern,Mullaitivu,Maritimepattu,Ampalavanpokkanai
Northern,Mullaitivu,Maritimepattu,Chemmalai
Northern,Mullaitivu,Maritimepattu,Chemmalai East
Northern,Mullaitivu,Maritimepattu,Chilawattai
Northern,Mullaitivu,Maritimepattu,Chilawattai South
Northern,Mullaitivu,Maritimepattu,Keekkirapuram
Northern,Mullaitivu,Maritimepattu,Kallappadu North
Northern,Mullaitivu,Maritimepattu,Kallappadu South
Northern,Mullaitivu,Maritimepattu,Kanukerny East
Northern,Mullaitivu,Maritimepattu,Kanukerny West
Northern,Mullaitivu,Maritimepattu,Karunaddukerny
Northern,Mullaitivu,Maritimepattu,Keppapulavu
Northern,Mullaitivu,Maritimepattu,Kokkilai East
Northern,Mullaitivu,Maritimepattu,Kokkilai West
Northern,Mullaitivu,Maritimepattu,Kokuthoduvai Centre
Northern,Mullaitivu,Maritimepattu,Kokuthoduvai North
Northern,Mullaitivu,Maritimepattu,Kokuthoduvai South
Northern,Mullaitivu,Maritimepattu,Kovilkudiyiruppu
Northern,Mullaitivu,Maritimepattu,Kumarapuram
Northern,Mullaitivu,Maritimepattu,Kumulamunai Centre
Northern,Mullaitivu,Maritimepattu,Kumulamunai East
Northern,Mullaitivu,Maritimepattu,Kumulamunai West
Northern,Mullaitivu,Maritimepattu,Mamoolai
Northern,Mullaitivu,Maritimepattu,Manalkudiyiruppu
Northern,Mullaitivu,Maritimepattu,Mathavalasingankulam
Northern,Mullaitivu,Maritimepattu,Mullaitivu South
Northern,Mullaitivu,Maritimepattu,Mullaitivu Town
Northern,Mullaitivu,Maritimepattu,Mullivaikkal East
Northern,Mullaitivu,Maritimepattu,Mullivaikkal West
Northern,Mullaitivu,Maritimepattu,Mulliyawalai Centre
Northern,Mullaitivu,Maritimepattu,Mulliyawalai East
Northern,Mullaitivu,Maritimepattu,Mulliyawalai North
Northern,Mullaitivu,Maritimepattu,Mulliyawalai South
Northern,Mullaitivu,Maritimepattu,Mulliyawalai West
Northern,Mullaitivu,Maritimepattu,Neeravippiddy East
Northern,Mullaitivu,Maritimepattu,Neeravippiddy West
Northern,Mullaitivu,Maritimepattu,Putharikuda
Northern,Mullaitivu,Maritimepattu,Selvapuram
Northern,Mullaitivu,Maritimepattu,Thannimurippu
Northern,Mullaitivu,Maritimepattu,Thanneerudru East
Northern,Mullaitivu,Maritimepattu,Thanneerudru West
Northern,Mullaitivu,Maritimepattu,Uppumaveli
Northern,Mullaitivu,Maritimepattu,Vannankulam
Northern,Mullaitivu,Maritimepattu,Vattappalai
Northern,Mullaitivu,Welioya,Gajabapura
Northern,Mullaitivu,Welioya,Kalayanapura
Northern,Mullaitivu,Welioya,Ehetugaswewa
Northern,Mullaitivu,Welioya,Kiriibbanwewa
Northern,Mullaitivu,Welioya,Janakapura
Northern,Mullaitivu,Welioya,Nawagajabapura
Northern,Mullaitivu,Welioya,Nikawewa left
Northern,Mullaitivu,Welioya,Ethawetunawewa
Northern,Mullaitivu,Welioya,NIkawewa South
Northern,Kilinochchi,Pachchilaipalli,Allipallai
Northern,Kilinochchi,Pachchilaipalli,Arasarkerni
Northern,Kilinochchi,Pachchilaipalli,Ittavil
Northern,Kilinochchi,Pachchilaipalli,Iyakkachchi
Northern,Kilinochchi,Pachchilaipalli,Kachcharveli
Northern,Kilinochchi,Pachchilaipalli,Kilaly
Northern,Kilinochchi,Pachchilaipalli,Kovilvayal
Northern,Kilinochchi,Pachchilaipalli,Masar
Northern,Kilinochchi,Pachchilaipalli,Muhamalai
Northern,Kilinochchi,Pachchilaipalli,Muhavil
Northern,Kilinochchi,Pachchilaipalli,Mullaiyadi
Northern,Kilinochchi,Pachchilaipalli,Pallai Town
Northern,Kilinochchi,Pachchilaipalli,Pulopallai
Northern,Kilinochchi,Pachchilaipalli,Pulopallai West
Northern,Kilinochchi,Pachchilaipalli,Soranpattu
Northern,Kilinochchi,Pachchilaipalli,Thampakamam
Northern,Kilinochchi,Pachchilaipalli,Tharmakerny
Northern,Kilinochchi,Pachchilaipalli,Vempodukerny
Northern,Kilinochchi,Kandavalai,Elephant Pass
Northern,Kilinochchi,Kandavalai,Kalmadunagar
Northern,Kilinochchi,Kandavalai,Kandawalai
Northern,Kilinochchi,Kandavalai,Korakkankaddu
Northern,Kilinochchi,Kandavalai,Kumarapuram
Northern,Kilinochchi,Kandavalai,Murasumoddai
Northern,Kilinochchi,Kandavalai,Paranthan Town
Northern,Kilinochchi,Kandavalai,Periyakulam
Northern,Kilinochchi,Kandavalai,Piramanthalaru
Northern,Kilinochchi,Kandavalai,Puliyampokkanai
Northern,Kilinochchi,Kandavalai,Punnaineeravi
Northern,Kilinochchi,Kandavalai,Thadduvankoddy
Northern,Kilinochchi,Kandavalai,Tharmapuram East
Northern,Kilinochchi,Kandavalai,Tharmapuram West
Northern,Kilinochchi,Kandavalai,Umaiyalpuram
Northern,Kilinochchi,Kandavalai,Uriyan
Northern,Kilinochchi,Karachchi,Akkarayankulam
Northern,Kilinochchi,Karachchi,Ambalkulam
Northern,Kilinochchi,Karachchi,Ambalnagar
Northern,Kilinochchi,Karachchi,Anaivilunthankulam
Northern,Kilinochchi,Karachchi,Anandapuram
Northern,Kilinochchi,Karachchi,Civic Centre
Northern,Kilinochchi,Karachchi,Jeyanthinagar
Northern,Kilinochchi,Karachchi,Kanagambigaikulam
Northern,Kilinochchi,Karachchi,Kanagapuram
Northern,Kilinochchi,Karachchi,Kaneshapuram
Northern,Kilinochchi,Karachchi,Kannagaipuram
Northern,Kilinochchi,Karachchi,Kilinochchi Town
Northern,Kilinochchi,Karachchi,Konavil
Northern,Kilinochchi,Karachchi,Krishnapuram
Northern,Kilinochchi,Karachchi,Malaiyalapuram
Northern,Kilinochchi,Karachchi,Maruthanagar
Northern,Kilinochchi,Karachchi,Mavadyamman
Northern,Kilinochchi,Karachchi,Mayavanoor
Northern,Kilinochchi,Karachchi,Pannakandy
Northern,Kilinochchi,Karachchi,Barathypuram
Northern,Kilinochchi,Karachchi,Periya Paranthan
Northern,Kilinochchi,Karachchi,Ponnagar
Northern,Kilinochchi,Karachchi,Puthumurippu
Northern,Kilinochchi,Karachchi,Ramanathapuram
Northern,Kilinochchi,Karachchi,Rathinapuram
Northern,Kilinochchi,Karachchi,Selvanagar
Northern,Kilinochchi,Karachchi,Sivanagar
Northern,Kilinochchi,Karachchi,Skandapuram
Northern,Kilinochchi,Karachchi,Thirunagar North
Northern,Kilinochchi,Karachchi,Thirunagar South
Northern,Kilinochchi,Karachchi,Thiruvaiaru
Northern,Kilinochchi,Karachchi,Thiruvaiaru West
Northern,Kilinochchi,Karachchi,Thondamannagar
Northern,Kilinochchi,Karachchi,Urithirapuram East
Northern,Kilinochchi,Karachchi,Urithirapuram North
Northern,Kilinochchi,Karachchi,Urithirapuram West
Northern,Kilinochchi,Karachchi,Uthayanagar East
Northern,Kilinochchi,Karachchi,Uthayanagar West
Northern,Kilinochchi,Karachchi,Uttupulam
Northern,Kilinochchi,Karachchi,Vaddakachchi
Northern,Kilinochchi,Karachchi,Vannerikulam
Northern,Kilinochchi,Karachchi,Vivekanandanagar
Northern,Kilinochchi,Poonakary,Alankerni
Northern,Kilinochchi,Poonakary,Cheddiakurichchi
Northern,Kilinochchi,Poonakary,Gnanimadam
Northern,Kilinochchi,Poonakary,Iranaitivu
Northern,Kilinochchi,Poonakary,Jayapuram North
Northern,Kilinochchi,Poonakary,Jayapuram South
Northern,Kilinochchi,Poonakary,Kariyalainagapaduvan
Northern,Kilinochchi,Poonakary,Kiranchi
Northern,Kilinochchi,Poonakary,Kollakuruchchi
Northern,Kilinochchi,Poonakary,Kowtharimunai
Northern,Kilinochchi,Poonakary,Madduvilnadu East
Northern,Kilinochchi,Poonakary,Madduvilnadu West
Northern,Kilinochchi,Poonakary,Mulankavil
Northern,Kilinochchi,Poonakary,Nachchikkuda
Northern,Kilinochchi,Poonakary,Nallur
Northern,Kilinochchi,Poonakary,Pallavarayankaddu
Northern,Kilinochchi,Poonakary,Pallikuda
Northern,Kilinochchi,Poonakary,Paramankirai
Northern,Kilinochchi,Poonakary,Ponnaveli
